# lexicographic zero-based ranks of a maximum x -> x^2-free subset of S_8
1
2
5
6
9
10
13
14
17
18
21
22
24
27
28
31
32
35
36
39
40
43
44
47
49
50
53
54
57
58
61
62
65
66
69
70
72
75
76
79
80
83
84
87
88
91
92
95
97
98
101
102
105
106
109
110
113
114
117
118
120
123
124
127
128
129
130
131
132
133
135
136
137
138
139
140
142
143
145
146
149
150
151
153
154
157
158
160
161
162
165
166
167
168
169
171
172
175
176
179
180
183
184
185
187
188
190
191
193
194
196
197
198
201
202
205
206
207
209
210
211
213
214
216
219
220
221
223
224
227
228
230
231
232
234
235
236
239
241
242
245
246
247
249
250
253
254
256
257
258
261
262
263
264
267
268
271
272
275
276
279
280
283
284
287
289
290
291
292
293
294
295
297
298
301
302
303
305
306
308
309
310
312
313
315
316
317
319
320
322
323
324
327
328
329
330
331
332
335
336
337
338
340
341
342
345
346
347
349
350
352
353
354
355
357
358
360
361
363
364
367
368
371
372
375
376
377
379
380
382
383
385
386
389
390
393
394
397
398
401
402
405
406
408
409
411
412
415
416
417
418
419
420
421
423
424
426
427
428
431
433
434
436
437
438
439
441
442
445
446
449
450
451
452
453
454
455
456
459
460
461
462
463
464
467
468
471
472
474
475
476
477
478
479
481
482
484
485
486
489
490
493
494
495
497
498
499
501
502
504
507
508
511
512
515
516
519
520
523
524
527
529
530
532
533
534
535
537
538
539
541
542
544
545
546
548
549
550
552
553
555
556
559
560
562
563
564
567
568
570
571
572
573
574
575
577
578
579
581
582
584
585
586
589
590
593
594
595
596
597
598
599
600
603
604
605
607
608
611
612
614
615
616
618
619
620
623
625
626
629
630
633
634
637
638
641
642
645
646
648
651
652
653
654
655
656
658
659
660
663
664
665
667
668
669
671
672
673
674
677
678
681
682
683
685
686
689
690
691
692
693
694
695
696
698
699
700
703
704
705
707
708
711
712
714
715
716
717
718
719
720
723
724
727
728
729
730
731
732
733
735
736
737
738
739
740
742
743
745
746
749
750
752
753
754
755
756
757
758
759
761
762
763
764
765
766
768
770
771
772
773
775
776
777
778
779
780
782
783
784
787
788
789
791
792
793
794
795
797
798
799
801
802
803
804
805
806
809
810
813
814
815
816
817
818
819
820
822
823
824
826
827
828
829
831
832
835
836
838
839
841
842
845
846
849
850
853
854
857
858
861
862
864
865
866
867
868
869
871
872
873
874
875
876
877
879
880
881
882
883
884
886
887
889
890
891
892
893
894
895
897
898
900
901
902
903
904
905
906
907
908
909
910
911
912
913
915
916
917
919
920
922
923
924
925
926
927
928
929
930
931
932
933
934
935
936
937
938
940
941
942
945
946
947
948
949
950
951
952
953
954
955
956
957
958
959
960
961
962
963
964
965
967
968
969
970
971
972
973
975
976
977
978
979
980
982
983
985
986
989
990
991
993
994
997
998
1000
1001
1002
1005
1006
1007
1008
1011
1012
1015
1016
1017
1018
1019
1020
1021
1022
1023
1024
1025
1026
1027
1028
1029
1030
1031
1033
1034
1037
1038
1039
1041
1042
1043
1044
1045
1046
1047
1048
1049
1050
1051
1052
1053
1054
1055
1056
1059
1060
1062
1063
1064
1066
1067
1068
1069
1070
1071
1072
1073
1074
1075
1076
1077
1078
1079
1081
1082
1083
1084
1085
1086
1087
1089
1090
1092
1093
1094
1095
1096
1097
1098
1099
1100
1101
1102
1103
1104
1105
1107
1108
1111
1112
1115
1116
1119
1120
1121
1123
1124
1126
1127
1129
1130
1131
1132
1133
1134
1136
1137
1138
1139
1141
1142
1143
1144
1145
1146
1148
1149
1150
1151
1152
1153
1154
1155
1156
1157
1159
1160
1161
1162
1163
1164
1167
1168
1169
1171
1172
1173
1174
1175
1176
1177
1178
1179
1180
1181
1182
1184
1185
1186
1187
1189
1190
1192
1193
1194
1196
1197
1198
1199
1200
1201
1203
1204
1205
1207
1208
1210
1211
1212
1213
1214
1215
1216
1217
1218
1219
1220
1221
1222
1223
1225
1226
1228
1229
1230
1233
1234
1237
1238
1239
1241
1242
1243
1245
1246
1248
1249
1251
1252
1253
1254
1255
1256
1257
1259
1260
1261
1263
1264
1265
1266
1267
1268
1269
1271
1272
1273
1274
1275
1276
1277
1278
1279
1281
1282
1283
1285
1286
1287
1289
1290
1291
1293
1294
1295
1296
1297
1298
1299
1300
1301
1302
1303
1304
1305
1307
1308
1309
1311
1312
1314
1315
1316
1317
1319
1320
1321
1322
1324
1325
1326
1329
1330
1331
1332
1333
1334
1335
1336
1337
1338
1339
1340
1341
1342
1343
1344
1347
1348
1349
1351
1352
1355
1356
1358
1359
1360
1362
1363
1364
1367
1368
1369
1370
1372
1373
1374
1375
1376
1377
1378
1380
1381
1382
1384
1385
1386
1387
1388
1389
1390
1392
1393
1394
1395
1396
1397
1398
1399
1400
1402
1403
1404
1406
1407
1408
1410
1411
1412
1414
1415
1416
1417
1418
1419
1420
1421
1422
1423
1424
1425
1426
1428
1429
1430
1433
1434
1435
1436
1437
1438
1441
1442
1445
1446
1449
1450
1453
1454
1457
1458
1461
1462
1464
1465
1466
1467
1468
1469
1471
1472
1473
1474
1475
1476
1477
1479
1480
1481
1482
1483
1484
1486
1487
1489
1490
1491
1492
1493
1494
1495
1497
1498
1500
1501
1502
1503
1504
1505
1506
1507
1508
1509
1510
1511
1512
1513
1515
1516
1517
1519
1520
1522
1523
1524
1525
1526
1527
1528
1529
1530
1531
1532
1533
1534
1535
1536
1537
1538
1540
1541
1542
1545
1546
1547
1548
1549
1550
1551
1552
1553
1554
1555
1556
1557
1558
1559
1560
1563
1564
1567
1568
1569
1570
1571
1572
1573
1575
1576
1577
1578
1579
1580
1582
1583
1585
1586
1589
1590
1591
1593
1594
1597
1598
1600
1601
1602
1605
1606
1607
1608
1609
1611
1612
1615
1616
1619
1620
1623
1624
1625
1627
1628
1630
1631
1633
1634
1636
1637
1638
1641
1642
1645
1646
1647
1649
1650
1651
1653
1654
1656
1659
1660
1661
1663
1664
1667
1668
1670
1671
1672
1674
1675
1676
1679
1681
1682
1685
1686
1688
1689
1690
1691
1692
1693
1694
1695
1697
1698
1699
1700
1701
1702
1704
1705
1706
1707
1708
1709
1711
1712
1715
1716
1719
1720
1723
1724
1727
1729
1730
1731
1732
1733
1734
1736
1737
1738
1739
1741
1742
1743
1745
1746
1748
1749
1750
1752
1753
1755
1756
1757
1758
1759
1760
1761
1763
1764
1767
1768
1769
1770
1771
1772
1775
1776
1777
1778
1780
1781
1782
1783
1784
1785
1786
1789
1790
1792
1793
1794
1795
1797
1798
1800
1802
1803
1804
1805
1807
1808
1809
1810
1811
1812
1814
1815
1816
1819
1820
1821
1823
1825
1826
1829
1830
1831
1833
1834
1836
1837
1838
1841
1842
1843
1845
1846
1848
1851
1852
1855
1856
1857
1858
1859
1860
1861
1862
1863
1864
1866
1867
1868
1869
1871
1872
1873
1874
1876
1877
1878
1879
1881
1882
1885
1886
1887
1889
1890
1891
1893
1894
1895
1896
1897
1899
1900
1901
1902
1903
1904
1907
1908
1910
1911
1912
1914
1915
1916
1918
1919
1920
1921
1922
1923
1925
1926
1927
1929
1930
1931
1932
1933
1934
1937
1938
1941
1942
1943
1944
1947
1948
1951
1952
1954
1955
1956
1958
1959
1960
1963
1964
1966
1967
1969
1970
1973
1974
1975
1977
1978
1979
1980
1981
1982
1984
1985
1986
1988
1989
1990
1991
1992
1993
1994
1995
1996
1999
2000
2002
2003
2004
2007
2008
2009
2011
2012
2013
2014
2015
2017
2018
2019
2020
2021
2022
2024
2025
2026
2028
2029
2030
2033
2034
2035
2036
2037
2038
2040
2041
2042
2043
2044
2046
2047
2048
2050
2051
2052
2053
2055
2056
2059
2060
2062
2063
2065
2066
2069
2070
2073
2074
2075
2077
2078
2079
2081
2082
2085
2086
2087
2088
2091
2092
2094
2095
2096
2098
2099
2100
2101
2103
2104
2105
2107
2108
2109
2110
2111
2112
2113
2114
2115
2117
2118
2121
2122
2123
2125
2126
2128
2129
2130
2132
2133
2134
2135
2136
2138
2139
2140
2141
2143
2144
2145
2147
2148
2149
2151
2152
2154
2155
2156
2157
2159
2160
2161
2162
2163
2164
2165
2167
2168
2169
2170
2171
2172
2173
2175
2176
2177
2178
2179
2180
2182
2183
2185
2186
2189
2190
2191
2193
2194
2197
2198
2200
2201
2202
2205
2206
2207
2208
2211
2212
2215
2216
2219
2220
2222
2223
2224
2225
2227
2228
2229
2230
2231
2233
2234
2237
2238
2241
2242
2244
2245
2246
2247
2249
2250
2251
2253
2254
2255
2256
2259
2260
2263
2264
2267
2268
2269
2270
2271
2272
2274
2275
2276
2278
2279
2281
2282
2285
2286
2287
2289
2290
2293
2294
2296
2297
2298
2301
2302
2303
2304
2307
2308
2311
2312
2315
2316
2319
2320
2323
2324
2327
2329
2330
2331
2332
2333
2334
2335
2337
2338
2341
2342
2343
2345
2346
2348
2349
2350
2352
2353
2355
2356
2357
2359
2360
2362
2363
2364
2367
2368
2369
2370
2371
2372
2375
2376
2377
2378
2380
2381
2382
2385
2386
2387
2389
2390
2392
2393
2394
2395
2397
2398
2400
2401
2402
2403
2404
2405
2407
2408
2409
2410
2411
2412
2413
2415
2416
2417
2418
2419
2420
2422
2423
2425
2426
2429
2430
2432
2433
2434
2435
2436
2437
2438
2439
2441
2442
2443
2444
2445
2446
2448
2450
2451
2452
2453
2455
2456
2459
2460
2463
2464
2467
2468
2471
2472
2473
2474
2475
2477
2478
2481
2482
2485
2486
2489
2490
2493
2494
2496
2497
2498
2499
2500
2503
2504
2507
2508
2511
2512
2515
2516
2519
2521
2522
2525
2526
2529
2530
2532
2533
2534
2536
2537
2538
2539
2541
2542
2543
2544
2546
2547
2548
2549
2551
2552
2555
2556
2559
2560
2563
2564
2567
2569
2570
2571
2572
2573
2574
2575
2577
2578
2581
2582
2583
2585
2586
2588
2589
2590
2592
2594
2595
2596
2598
2599
2600
2603
2604
2606
2607
2608
2610
2611
2612
2614
2615
2617
2618
2619
2621
2622
2623
2625
2626
2629
2630
2631
2633
2634
2635
2637
2638
2639
2640
2643
2644
2647
2648
2651
2652
2653
2654
2655
2656
2659
2660
2661
2662
2663
2664
2665
2666
2667
2669
2670
2673
2674
2677
2678
2681
2682
2685
2686
2688
2689
2691
2692
2693
2695
2696
2698
2699
2700
2703
2704
2705
2706
2707
2708
2711
2712
2713
2714
2717
2718
2720
2721
2722
2724
2725
2726
2729
2730
2731
2732
2733
2734
2736
2739
2740
2741
2743
2744
2746
2747
2748
2751
2752
2753
2755
2756
2757
2758
2759
2761
2762
2765
2766
2769
2770
2772
2773
2774
2775
2777
2778
2780
2781
2782
2783
2784
2785
2786
2787
2788
2791
2792
2795
2796
2799
2800
2803
2804
2807
2808
2809
2810
2812
2813
2814
2817
2818
2819
2821
2822
2824
2825
2826
2827
2829
2830
2832
2833
2835
2836
2839
2840
2841
2843
2844
2845
2847
2848
2850
2851
2852
2853
2855
2857
2858
2860
2861
2862
2865
2866
2867
2869
2870
2872
2873
2874
2876
2877
2878
2879
2881
2882
2885
2886
2887
2889
2890
2892
2893
2894
2896
2897
2898
2899
2901
2902
2903
2904
2905
2907
2908
2911
2912
2915
2916
2919
2920
2921
2923
2924
2926
2927
2929
2930
2933
2934
2936
2937
2938
2939
2941
2942
2945
2946
2949
2950
2952
2954
2955
2956
2957
2959
2960
2963
2964
2967
2968
2969
2971
2972
2975
2977
2978
2979
2980
2981
2982
2985
2986
2989
2990
2992
2993
2994
2997
2998
3000
3001
3003
3004
3007
3008
3011
3012
3015
3016
3017
3019
3020
3022
3023
3025
3026
3029
3030
3033
3034
3037
3038
3041
3042
3045
3046
3048
3049
3051
3052
3055
3056
3057
3058
3059
3060
3061
3063
3064
3066
3067
3068
3071
3073
3074
3076
3077
3078
3079
3081
3082
3085
3086
3089
3090
3091
3092
3093
3094
3095
3096
3099
3100
3101
3102
3103
3104
3107
3108
3111
3112
3114
3115
3116
3117
3118
3119
3121
3122
3125
3126
3127
3129
3130
3132
3133
3134
3136
3137
3138
3139
3141
3142
3143
3144
3146
3147
3148
3149
3151
3152
3153
3154
3155
3156
3158
3159
3160
3163
3164
3165
3167
3169
3170
3173
3174
3177
3178
3180
3181
3182
3185
3186
3187
3189
3190
3192
3195
3196
3198
3199
3200
3203
3204
3205
3207
3208
3211
3212
3215
3217
3218
3221
3222
3223
3225
3226
3228
3229
3230
3233
3234
3237
3238
3240
3242
3243
3244
3245
3247
3248
3251
3252
3255
3256
3259
3260
3263
3265
3266
3269
3270
3273
3274
3276
3277
3278
3281
3282
3283
3285
3286
3288
3289
3291
3292
3295
3296
3297
3298
3299
3300
3301
3303
3304
3306
3307
3308
3311
3312
3313
3314
3316
3317
3318
3320
3321
3322
3324
3325
3326
3329
3330
3333
3334
3336
3337
3339
3340
3341
3343
3344
3345
3347
3348
3349
3351
3352
3355
3356
3359
3361
3362
3365
3366
3368
3369
3370
3371
3373
3374
3376
3377
3378
3381
3382
3384
3387
3388
3390
3391
3392
3395
3396
3397
3399
3400
3403
3404
3407
3409
3410
3412
3413
3414
3415
3417
3418
3421
3422
3425
3426
3427
3428
3429
3430
3431
3432
3434
3435
3436
3437
3438
3439
3440
3443
3444
3446
3447
3448
3451
3452
3455
3457
3458
3461
3462
3465
3466
3469
3470
3473
3474
3475
3476
3477
3478
3479
3480
3483
3484
3487
3488
3489
3490
3491
3492
3495
3496
3497
3499
3500
3503
3505
3506
3509
3510
3511
3513
3514
3516
3517
3518
3521
3522
3525
3526
3528
3531
3532
3533
3534
3535
3536
3539
3540
3543
3544
3546
3547
3548
3549
3550
3551
3553
3554
3555
3556
3557
3558
3559
3561
3562
3565
3566
3567
3569
3570
3573
3574
3576
3579
3580
3583
3584
3587
3588
3591
3592
3594
3595
3596
3597
3598
3599
3600
3603
3604
3607
3608
3610
3611
3612
3614
3615
3616
3619
3620
3622
3623
3625
3626
3628
3629
3630
3633
3634
3637
3638
3639
3641
3642
3643
3645
3646
3648
3651
3652
3654
3655
3656
3657
3659
3660
3663
3664
3667
3668
3671
3672
3673
3674
3677
3678
3681
3682
3685
3686
3687
3689
3690
3693
3694
3696
3699
3700
3701
3703
3704
3707
3708
3709
3711
3712
3715
3716
3719
3721
3722
3724
3725
3726
3729
3730
3733
3734
3735
3737
3738
3739
3741
3742
3744
3747
3748
3751
3752
3755
3756
3759
3760
3763
3764
3767
3769
3770
3772
3773
3774
3775
3777
3778
3779
3781
3782
3784
3785
3786
3788
3789
3790
3792
3793
3795
3796
3799
3800
3802
3803
3804
3807
3808
3810
3811
3812
3813
3814
3815
3817
3818
3819
3821
3822
3824
3825
3826
3829
3830
3833
3834
3835
3836
3837
3838
3839
3840
3843
3844
3847
3848
3850
3851
3852
3854
3855
3856
3859
3860
3862
3863
3864
3865
3866
3867
3869
3870
3871
3873
3874
3875
3876
3877
3878
3881
3882
3885
3886
3887
3888
3891
3892
3895
3896
3899
3900
3902
3903
3904
3907
3908
3910
3911
3913
3914
3917
3918
3920
3921
3922
3925
3926
3928
3929
3930
3933
3934
3936
3939
3940
3943
3944
3946
3947
3948
3950
3951
3952
3955
3956
3959
3960
3961
3962
3963
3965
3966
3969
3970
3973
3974
3977
3978
3981
3982
3984
3987
3988
3991
3992
3995
3996
3998
3999
4000
4003
4004
4006
4007
4009
4010
4012
4013
4014
4015
4017
4018
4019
4021
4022
4024
4025
4026
4028
4029
4030
4032
4034
4035
4036
4038
4039
4040
4043
4044
4046
4047
4048
4051
4052
4055
4057
4058
4060
4061
4062
4065
4066
4067
4069
4070
4072
4073
4074
4077
4078
4080
4083
4084
4086
4087
4088
4091
4092
4093
4095
4096
4099
4100
4103
4105
4106
4109
4110
4112
4113
4114
4117
4118
4120
4121
4122
4125
4126
4128
4129
4131
4132
4135
4136
4138
4139
4140
4143
4144
4146
4147
4148
4149
4150
4151
4152
4153
4154
4157
4158
4160
4161
4162
4164
4165
4166
4169
4170
4173
4174
4176
4179
4180
4183
4184
4187
4188
4191
4192
4194
4195
4196
4197
4198
4199
4201
4202
4205
4206
4209
4210
4211
4213
4214
4215
4217
4218
4221
4222
4224
4227
4228
4231
4232
4234
4235
4236
4238
4239
4240
4243
4244
4247
4249
4250
4251
4253
4254
4256
4257
4258
4261
4262
4265
4266
4267
4268
4269
4270
4271
4272
4275
4276
4277
4279
4280
4282
4283
4284
4287
4288
4289
4291
4292
4295
4297
4298
4301
4302
4305
4306
4309
4310
4313
4314
4315
4316
4317
4318
4319
4321
4322
4325
4326
4329
4330
4331
4333
4334
4335
4337
4338
4341
4342
4343
4344
4347
4348
4349
4351
4352
4355
4356
4358
4359
4360
4362
4363
4364
4367
4369
4370
4373
4374
4375
4376
4377
4378
4381
4382
4385
4386
4389
4390
4392
4393
4395
4396
4399
4400
4403
4404
4406
4407
4408
4411
4412
4415
4417
4418
4420
4421
4422
4425
4426
4428
4429
4430
4433
4434
4437
4438
4440
4443
4444
4445
4447
4448
4451
4452
4454
4455
4456
4458
4459
4460
4463
4465
4466
4469
4470
4473
4474
4477
4478
4481
4482
4485
4486
4488
4491
4492
4493
4494
4495
4496
4498
4499
4500
4503
4504
4505
4507
4508
4509
4511
4512
4513
4514
4517
4518
4521
4522
4523
4525
4526
4529
4530
4531
4532
4533
4534
4535
4536
4538
4539
4540
4543
4544
4545
4547
4548
4551
4552
4554
4555
4556
4557
4558
4559
4561
4562
4565
4566
4569
4570
4571
4573
4574
4575
4577
4578
4581
4582
4583
4584
4585
4586
4587
4588
4590
4591
4592
4594
4595
4596
4597
4599
4600
4603
4604
4606
4607
4609
4610
4613
4614
4617
4618
4621
4622
4623
4625
4626
4629
4630
4631
4632
4635
4636
4639
4640
4641
4643
4644
4647
4648
4649
4651
4652
4655
4657
4658
4661
4662
4665
4666
4667
4669
4670
4671
4673
4674
4677
4678
4680
4681
4682
4683
4684
4687
4688
4691
4692
4695
4696
4699
4700
4703
4705
4706
4709
4710
4713
4714
4717
4718
4719
4721
4722
4725
4726
4727
4728
4731
4732
4733
4734
4735
4736
4738
4739
4740
4743
4744
4745
4747
4748
4749
4751
4753
4754
4755
4757
4758
4759
4761
4762
4765
4766
4767
4769
4770
4773
4774
4776
4779
4780
4781
4783
4784
4786
4787
4788
4791
4792
4793
4795
4796
4799
4801
4802
4805
4806
4807
4809
4810
4812
4813
4814
4817
4818
4821
4822
4824
4827
4828
4831
4832
4833
4835
4836
4839
4840
4841
4843
4844
4847
4848
4849
4850
4853
4854
4857
4858
4859
4861
4862
4865
4866
4867
4868
4869
4870
4871
4872
4873
4875
4876
4879
4880
4881
4883
4884
4885
4887
4888
4891
4892
4895
4897
4898
4901
4902
4905
4906
4909
4910
4913
4914
4915
4916
4917
4918
4919
4920
4923
4924
4927
4928
4930
4931
4932
4934
4935
4936
4939
4940
4943
4945
4946
4949
4950
4953
4954
4955
4957
4958
4959
4961
4962
4965
4966
4968
4970
4971
4972
4975
4976
4977
4979
4980
4983
4984
4986
4987
4988
4989
4990
4991
4993
4994
4996
4997
4998
5001
5002
5003
5005
5006
5008
5009
5010
5013
5014
5016
5019
5020
5023
5024
5027
5028
5031
5032
5034
5035
5036
5037
5038
5039
5040
5043
5044
5047
5048
5049
5050
5051
5052
5053
5055
5056
5057
5058
5059
5060
5062
5063
5065
5066
5069
5070
5072
5073
5074
5075
5076
5077
5078
5079
5081
5082
5083
5084
5085
5086
5088
5090
5091
5092
5093
5095
5096
5097
5098
5099
5100
5102
5103
5104
5107
5108
5109
5111
5112
5113
5114
5115
5117
5118
5119
5121
5122
5123
5124
5125
5126
5129
5130
5133
5134
5135
5136
5137
5138
5139
5140
5142
5143
5144
5146
5147
5148
5149
5151
5152
5155
5156
5158
5159
5161
5162
5165
5166
5167
5169
5170
5173
5174
5176
5177
5178
5181
5182
5183
5184
5187
5188
5190
5191
5192
5193
5194
5195
5196
5197
5198
5199
5200
5201
5202
5203
5204
5205
5206
5207
5208
5209
5210
5211
5212
5213
5214
5216
5217
5218
5219
5221
5222
5223
5224
5225
5226
5228
5229
5230
5231
5232
5233
5234
5235
5236
5237
5238
5239
5240
5241
5243
5244
5245
5247
5248
5249
5250
5251
5252
5253
5255
5256
5257
5258
5259
5260
5261
5262
5263
5264
5265
5266
5268
5269
5270
5272
5273
5274
5275
5276
5277
5278
5280
5283
5284
5286
5287
5288
5289
5290
5291
5292
5293
5294
5295
5296
5297
5298
5299
5300
5301
5302
5303
5305
5306
5309
5310
5312
5313
5314
5315
5316
5317
5318
5319
5321
5322
5323
5324
5325
5326
5328
5329
5331
5332
5334
5335
5336
5337
5338
5339
5340
5341
5343
5344
5345
5346
5347
5348
5350
5351
5353
5354
5356
5357
5358
5359
5360
5361
5362
5363
5365
5366
5367
5368
5369
5370
5371
5372
5373
5374
5376
5379
5380
5381
5382
5383
5384
5385
5386
5387
5388
5390
5391
5392
5393
5394
5395
5396
5397
5399
5400
5401
5402
5403
5404
5405
5406
5408
5409
5410
5411
5413
5414
5415
5416
5417
5418
5420
5421
5422
5423
5424
5426
5427
5428
5429
5431
5432
5433
5434
5435
5436
5438
5439
5440
5443
5444
5445
5447
5448
5449
5450
5451
5452
5453
5454
5455
5457
5458
5461
5462
5463
5464
5465
5466
5468
5469
5470
5471
5472
5473
5475
5476
5477
5479
5480
5481
5482
5483
5484
5486
5487
5488
5490
5491
5492
5493
5494
5495
5496
5497
5498
5500
5501
5502
5504
5505
5506
5507
5509
5510
5511
5513
5514
5515
5516
5517
5518
5519
5520
5521
5522
5523
5524
5525
5526
5527
5528
5529
5531
5532
5533
5535
5536
5537
5538
5539
5540
5541
5543
5544
5545
5546
5547
5549
5550
5551
5553
5554
5555
5556
5557
5558
5561
5562
5565
5566
5567
5568
5569
5570
5571
5572
5573
5575
5576
5578
5579
5580
5581
5583
5584
5585
5586
5587
5588
5589
5591
5593
5594
5595
5596
5597
5598
5599
5601
5602
5603
5604
5605
5606
5609
5610
5611
5612
5613
5614
5615
5616
5617
5618
5619
5620
5622
5623
5624
5625
5627
5628
5631
5632
5633
5634
5635
5636
5637
5638
5639
5640
5641
5642
5643
5644
5645
5646
5647
5648
5649
5650
5652
5653
5654
5656
5657
5658
5659
5660
5661
5662
5664
5665
5666
5667
5668
5670
5671
5672
5674
5675
5676
5677
5679
5680
5683
5684
5686
5687
5688
5689
5690
5691
5692
5693
5694
5697
5698
5699
5700
5701
5702
5704
5705
5706
5707
5708
5709
5710
5712
5714
5715
5716
5717
5718
5719
5720
5722
5723
5724
5725
5727
5728
5730
5731
5732
5733
5734
5735
5736
5737
5738
5739
5741
5742
5743
5744
5745
5746
5749
5750
5752
5753
5754
5755
5756
5757
5758
5759
5761
5762
5765
5766
5769
5770
5773
5774
5777
5778
5781
5782
5784
5787
5788
5791
5792
5793
5794
5795
5796
5797
5799
5800
5801
5802
5803
5804
5806
5807
5809
5810
5811
5812
5813
5814
5817
5818
5821
5822
5823
5824
5825
5826
5828
5829
5830
5831
5832
5833
5835
5836
5837
5839
5840
5843
5844
5845
5847
5848
5849
5850
5851
5852
5853
5855
5856
5857
5858
5860
5861
5862
5865
5866
5868
5869
5870
5872
5873
5874
5875
5876
5877
5878
5880
5881
5882
5883
5884
5885
5886
5887
5888
5891
5892
5894
5895
5896
5899
5900
5901
5903
5905
5906
5907
5908
5909
5910
5911
5912
5913
5914
5915
5916
5917
5918
5919
5920
5921
5922
5923
5924
5925
5926
5927
5928
5929
5930
5931
5932
5933
5935
5936
5937
5938
5939
5940
5941
5942
5943
5944
5945
5946
5947
5948
5949
5950
5951
5952
5953
5954
5955
5956
5957
5958
5959
5961
5962
5963
5964
5965
5966
5967
5968
5969
5970
5971
5972
5973
5974
5975
5976
5977
5978
5979
5980
5981
5982
5983
5984
5986
5987
5988
5989
5990
5991
5992
5993
5994
5995
5996
5997
5998
5999
6001
6002
6003
6004
6005
6006
6007
6008
6009
6010
6011
6012
6013
6014
6015
6016
6017
6018
6019
6020
6021
6022
6023
6024
6025
6026
6027
6028
6029
6031
6032
6033
6034
6035
6036
6037
6039
6040
6041
6042
6043
6044
6046
6047
6048
6049
6050
6053
6054
6055
6056
6057
6058
6059
6060
6061
6062
6063
6064
6065
6066
6067
6068
6069
6070
6071
6072
6074
6075
6076
6078
6079
6080
6081
6082
6083
6084
6085
6086
6087
6088
6089
6090
6091
6092
6093
6094
6095
6097
6098
6099
6101
6102
6103
6104
6105
6106
6107
6108
6109
6110
6111
6112
6113
6114
6115
6116
6117
6118
6119
6120
6121
6122
6123
6124
6125
6127
6128
6129
6130
6131
6132
6133
6134
6135
6136
6137
6138
6139
6140
6141
6142
6143
6145
6146
6147
6148
6149
6150
6151
6153
6154
6156
6157
6158
6159
6160
6161
6162
6163
6164
6165
6166
6167
6168
6169
6170
6171
6172
6173
6174
6175
6176
6177
6178
6179
6180
6182
6183
6184
6185
6187
6188
6189
6190
6191
6192
6193
6194
6195
6196
6197
6198
6200
6201
6202
6203
6204
6205
6206
6207
6208
6209
6210
6212
6213
6214
6215
6216
6217
6218
6219
6220
6221
6223
6224
6225
6226
6227
6228
6229
6230
6231
6232
6233
6235
6236
6237
6238
6239
6240
6241
6242
6243
6244
6245
6246
6247
6249
6250
6251
6252
6253
6254
6255
6256
6257
6258
6259
6260
6261
6262
6263
6264
6265
6267
6268
6269
6271
6272
6274
6275
6276
6277
6278
6279
6280
6281
6282
6283
6284
6285
6286
6287
6288
6289
6290
6291
6292
6293
6294
6295
6296
6297
6298
6299
6300
6301
6302
6303
6305
6306
6307
6309
6310
6311
6312
6313
6314
6315
6316
6317
6318
6319
6320
6321
6323
6324
6325
6326
6327
6328
6329
6330
6331
6332
6333
6335
6336
6337
6338
6339
6340
6341
6342
6343
6345
6346
6347
6348
6349
6350
6351
6352
6353
6354
6355
6357
6358
6359
6360
6361
6362
6363
6364
6365
6366
6367
6368
6370
6371
6372
6373
6374
6375
6376
6377
6378
6379
6380
6381
6382
6383
6384
6385
6386
6388
6389
6390
6393
6394
6395
6396
6397
6398
6399
6400
6401
6402
6403
6404
6405
6406
6407
6408
6409
6410
6411
6412
6413
6414
6415
6416
6417
6418
6419
6420
6421
6422
6423
6424
6426
6427
6428
6430
6431
6432
6433
6434
6435
6436
6437
6438
6439
6440
6441
6442
6444
6445
6446
6447
6448
6449
6450
6451
6452
6453
6454
6456
6457
6458
6459
6460
6461
6462
6463
6464
6466
6467
6468
6469
6470
6471
6472
6473
6474
6475
6476
6478
6479
6480
6481
6482
6483
6484
6485
6486
6487
6488
6491
6492
6494
6495
6496
6499
6500
6501
6503
6505
6506
6507
6508
6509
6510
6511
6512
6513
6514
6515
6516
6517
6518
6519
6520
6521
6522
6523
6524
6525
6526
6527
6528
6529
6530
6531
6532
6533
6535
6536
6537
6538
6539
6540
6541
6542
6543
6544
6545
6546
6547
6548
6549
6550
6551
6552
6553
6554
6555
6556
6557
6558
6559
6561
6562
6563
6564
6565
6566
6567
6568
6569
6570
6571
6572
6573
6574
6575
6576
6577
6578
6579
6580
6581
6582
6583
6584
6586
6587
6588
6589
6590
6591
6592
6593
6594
6595
6596
6597
6598
6599
6601
6602
6605
6606
6609
6610
6613
6614
6617
6618
6621
6622
6624
6625
6626
6627
6628
6629
6631
6632
6633
6634
6635
6636
6637
6639
6640
6641
6642
6643
6644
6646
6647
6649
6650
6651
6652
6653
6654
6655
6657
6658
6660
6661
6662
6663
6664
6665
6666
6667
6668
6669
6670
6671
6672
6673
6675
6676
6677
6679
6680
6682
6683
6684
6685
6686
6687
6688
6689
6690
6691
6692
6693
6694
6695
6696
6697
6698
6700
6701
6702
6705
6706
6707
6708
6709
6710
6711
6712
6713
6714
6715
6716
6717
6718
6719
6720
6723
6724
6727
6728
6729
6730
6731
6732
6733
6735
6736
6737
6738
6739
6740
6742
6743
6745
6746
6747
6748
6749
6750
6751
6752
6753
6754
6755
6756
6757
6758
6759
6760
6761
6762
6763
6764
6765
6766
6767
6768
6769
6770
6771
6772
6773
6774
6775
6776
6777
6778
6779
6780
6782
6783
6784
6785
6787
6788
6789
6790
6791
6792
6793
6794
6795
6796
6797
6798
6799
6800
6801
6802
6803
6804
6805
6806
6807
6809
6810
6811
6813
6814
6815
6816
6817
6818
6819
6820
6821
6822
6823
6824
6825
6826
6827
6828
6829
6830
6831
6832
6834
6835
6836
6838
6839
6841
6842
6843
6844
6845
6846
6849
6850
6853
6854
6855
6856
6857
6858
6860
6861
6862
6863
6864
6865
6866
6867
6868
6869
6871
6872
6873
6874
6875
6876
6877
6878
6879
6880
6881
6882
6883
6884
6885
6886
6887
6888
6889
6890
6893
6894
6895
6896
6897
6898
6899
6900
6901
6902
6903
6904
6905
6906
6907
6908
6909
6910
6911
6912
6913
6914
6915
6916
6917
6918
6919
6920
6921
6923
6924
6925
6926
6927
6928
6929
6930
6931
6932
6933
6935
6936
6937
6938
6939
6940
6941
6942
6943
6944
6945
6946
6948
6949
6950
6951
6952
6953
6954
6955
6956
6957
6958
6960
6961
6963
6964
6965
6967
6968
6971
6972
6973
6975
6976
6977
6978
6979
6980
6981
6983
6984
6985
6986
6987
6988
6989
6990
6991
6993
6994
6995
6996
6997
6998
6999
7000
7001
7002
7003
7004
7005
7006
7007
7008
7010
7011
7012
7014
7015
7016
7017
7018
7019
7020
7021
7022
7023
7024
7025
7026
7027
7028
7029
7030
7031
7032
7033
7034
7035
7036
7037
7038
7040
7041
7042
7043
7044
7045
7046
7047
7048
7049
7050
7052
7053
7054
7055
7056
7057
7058
7059
7060
7061
7062
7063
7064
7066
7067
7068
7069
7070
7071
7072
7073
7074
7075
7076
7078
7079
7080
7081
7082
7084
7085
7086
7089
7090
7092
7093
7094
7096
7097
7098
7099
7100
7101
7102
7104
7105
7106
7107
7108
7109
7110
7111
7112
7114
7115
7116
7117
7118
7119
7120
7121
7122
7123
7124
7125
7126
7127
7129
7130
7131
7133
7134
7135
7136
7137
7138
7139
7140
7141
7142
7143
7144
7145
7146
7147
7148
7149
7150
7151
7152
7153
7154
7155
7156
7157
7159
7160
7161
7162
7163
7164
7165
7166
7167
7168
7169
7171
7172
7173
7174
7175
7176
7177
7178
7179
7180
7181
7182
7183
7185
7186
7187
7188
7189
7190
7191
7192
7193
7194
7195
7197
7198
7199
7201
7202
7203
7204
7205
7206
7207
7208
7209
7210
7211
7212
7213
7214
7215
7216
7217
7218
7219
7220
7221
7222
7223
7224
7225
7226
7227
7228
7229
7231
7232
7233
7234
7235
7236
7237
7239
7240
7241
7242
7243
7244
7246
7247
7248
7249
7250
7253
7254
7255
7256
7257
7258
7259
7260
7261
7262
7263
7264
7265
7266
7267
7268
7269
7270
7271
7272
7274
7275
7276
7278
7279
7280
7281
7282
7283
7284
7285
7286
7287
7288
7289
7290
7291
7292
7293
7294
7295
7297
7298
7299
7301
7302
7303
7304
7305
7306
7307
7308
7309
7310
7311
7312
7313
7314
7315
7316
7317
7318
7319
7320
7321
7322
7323
7324
7325
7327
7328
7329
7330
7331
7332
7333
7335
7336
7337
7338
7339
7340
7342
7343
7345
7346
7349
7350
7351
7353
7354
7357
7358
7360
7361
7362
7365
7366
7367
7368
7371
7372
7375
7376
7377
7378
7379
7380
7381
7382
7383
7384
7385
7386
7387
7388
7389
7390
7391
7393
7394
7397
7398
7399
7401
7402
7403
7404
7405
7406
7407
7408
7409
7410
7411
7412
7413
7414
7415
7416
7419
7420
7422
7423
7424
7426
7427
7428
7429
7430
7431
7432
7433
7434
7435
7436
7437
7438
7439
7441
7442
7443
7444
7445
7446
7447
7448
7449
7450
7451
7452
7453
7454
7455
7456
7457
7458
7459
7460
7461
7462
7463
7464
7467
7468
7470
7471
7472
7473
7474
7475
7476
7477
7478
7479
7480
7481
7482
7483
7484
7485
7486
7487
7489
7490
7491
7492
7493
7494
7495
7496
7497
7498
7499
7500
7501
7502
7503
7505
7506
7507
7508
7509
7510
7512
7513
7515
7516
7517
7518
7519
7520
7521
7522
7523
7524
7526
7527
7528
7529
7530
7531
7532
7534
7535
7536
7537
7538
7540
7541
7542
7543
7544
7545
7546
7547
7549
7550
7551
7552
7553
7554
7555
7557
7558
7559
7560
7561
7562
7563
7564
7565
7566
7567
7568
7571
7572
7573
7574
7575
7576
7577
7578
7579
7580
7581
7582
7583
7585
7586
7587
7588
7589
7590
7591
7592
7593
7594
7595
7596
7597
7598
7599
7601
7602
7603
7604
7605
7606
7608
7611
7612
7615
7616
7617
7618
7619
7620
7621
7622
7623
7624
7625
7626
7627
7628
7629
7630
7631
7633
7634
7635
7636
7637
7638
7639
7640
7641
7642
7643
7644
7645
7646
7647
7648
7649
7650
7651
7652
7653
7654
7656
7658
7659
7660
7661
7662
7663
7664
7665
7666
7667
7668
7669
7670
7671
7672
7673
7674
7675
7676
7677
7679
7680
7681
7682
7683
7684
7685
7686
7688
7689
7690
7692
7693
7694
7695
7696
7697
7698
7699
7700
7701
7702
7703
7704
7705
7707
7708
7709
7710
7711
7712
7713
7714
7715
7716
7718
7719
7720
7721
7722
7723
7724
7726
7727
7729
7730
7733
7734
7735
7737
7738
7739
7740
7741
7742
7743
7744
7745
7746
7747
7748
7749
7750
7751
7752
7753
7755
7756
7757
7758
7759
7760
7761
7762
7763
7764
7765
7766
7767
7768
7769
7770
7771
7772
7774
7775
7776
7777
7778
7779
7781
7782
7783
7784
7785
7786
7787
7788
7789
7790
7791
7792
7793
7794
7796
7797
7798
7799
7800
7801
7802
7803
7804
7805
7807
7808
7809
7811
7812
7813
7814
7815
7816
7817
7818
7819
7820
7821
7822
7823
7824
7825
7826
7828
7829
7830
7831
7832
7833
7834
7835
7837
7838
7839
7840
7841
7842
7843
7845
7846
7847
7848
7851
7852
7854
7855
7856
7858
7859
7860
7861
7862
7863
7864
7865
7866
7867
7868
7869
7870
7871
7872
7873
7874
7876
7877
7878
7879
7880
7881
7882
7883
7884
7885
7886
7887
7888
7889
7890
7891
7893
7894
7895
7896
7897
7898
7899
7900
7902
7903
7904
7905
7906
7907
7908
7909
7910
7911
7912
7913
7915
7916
7917
7918
7919
7920
7921
7922
7923
7924
7925
7927
7928
7929
7930
7931
7932
7933
7934
7935
7936
7937
7938
7939
7940
7941
7942
7943
7945
7946
7947
7948
7949
7950
7951
7953
7954
7956
7957
7958
7959
7960
7961
7962
7963
7964
7965
7966
7967
7968
7969
7970
7971
7972
7973
7974
7975
7976
7977
7978
7979
7980
7982
7983
7984
7985
7987
7988
7989
7990
7991
7992
7993
7994
7995
7996
7997
7998
8000
8001
8002
8003
8004
8005
8006
8007
8008
8009
8010
8012
8013
8014
8015
8016
8017
8018
8019
8020
8021
8023
8024
8025
8026
8027
8028
8029
8030
8031
8032
8033
8035
8036
8037
8038
8039
8041
8042
8043
8044
8045
8046
8047
8049
8050
8052
8053
8054
8055
8056
8057
8058
8059
8060
8061
8062
8063
8064
8065
8067
8068
8071
8072
8075
8076
8079
8080
8081
8083
8084
8086
8087
8089
8090
8091
8092
8093
8094
8096
8097
8098
8099
8101
8102
8103
8104
8105
8106
8108
8109
8110
8111
8112
8113
8114
8115
8116
8117
8119
8120
8121
8122
8123
8124
8127
8128
8129
8131
8132
8133
8134
8135
8136
8137
8138
8139
8140
8141
8142
8144
8145
8146
8147
8149
8150
8152
8153
8154
8156
8157
8158
8159
8160
8161
8162
8163
8164
8165
8167
8168
8169
8170
8171
8172
8173
8174
8175
8176
8177
8178
8179
8180
8181
8182
8183
8184
8185
8186
8187
8188
8189
8190
8192
8193
8194
8195
8197
8198
8199
8200
8201
8202
8204
8205
8206
8207
8208
8209
8210
8211
8212
8213
8215
8216
8217
8218
8219
8220
8221
8222
8223
8224
8226
8227
8228
8229
8231
8232
8233
8234
8236
8237
8238
8239
8240
8241
8242
8245
8246
8247
8248
8249
8250
8251
8252
8253
8254
8255
8256
8257
8259
8260
8261
8262
8263
8264
8265
8267
8268
8270
8271
8272
8273
8274
8275
8276
8277
8278
8279
8280
8281
8282
8283
8284
8285
8286
8287
8288
8289
8290
8291
8292
8293
8294
8296
8297
8298
8299
8301
8302
8303
8304
8305
8306
8307
8308
8309
8311
8312
8313
8314
8315
8316
8317
8318
8319
8320
8322
8323
8324
8325
8327
8329
8330
8331
8332
8333
8334
8336
8337
8338
8339
8341
8342
8343
8344
8345
8346
8348
8349
8350
8351
8352
8353
8354
8355
8356
8357
8359
8360
8361
8362
8363
8364
8365
8366
8367
8368
8370
8371
8372
8373
8374
8375
8376
8377
8378
8379
8380
8381
8382
8384
8385
8386
8387
8388
8389
8390
8391
8393
8394
8395
8396
8397
8398
8399
8400
8402
8403
8404
8405
8406
8407
8408
8409
8410
8411
8412
8413
8414
8415
8416
8417
8418
8419
8420
8422
8423
8424
8425
8426
8428
8429
8430
8431
8432
8433
8434
8437
8438
8439
8440
8441
8442
8443
8444
8445
8446
8447
8448
8449
8450
8451
8452
8453
8455
8456
8457
8458
8459
8460
8463
8464
8465
8467
8468
8469
8470
8471
8472
8473
8474
8475
8476
8477
8478
8479
8480
8481
8482
8485
8486
8487
8488
8489
8490
8491
8492
8493
8494
8495
8496
8497
8498
8499
8500
8502
8503
8504
8505
8506
8507
8508
8509
8510
8511
8512
8513
8515
8516
8517
8518
8519
8521
8522
8523
8524
8525
8526
8527
8528
8529
8530
8531
8532
8533
8534
8535
8536
8537
8538
8539
8541
8542
8543
8544
8545
8547
8548
8549
8550
8551
8552
8553
8555
8556
8558
8559
8560
8561
8562
8563
8564
8565
8566
8567
8568
8569
8570
8571
8572
8573
8574
8576
8577
8578
8579
8581
8582
8584
8585
8586
8588
8589
8590
8591
8592
8593
8594
8595
8596
8597
8598
8599
8600
8601
8603
8604
8606
8607
8608
8609
8610
8611
8612
8613
8614
8615
8616
8617
8618
8619
8621
8622
8623
8624
8625
8626
8627
8628
8629
8630
8631
8632
8633
8634
8636
8637
8638
8639
8640
8641
8642
8643
8644
8645
8646
8647
8649
8650
8651
8652
8653
8654
8655
8656
8657
8658
8659
8660
8661
8662
8663
8664
8665
8667
8668
8669
8671
8672
8674
8675
8676
8677
8678
8679
8680
8681
8682
8683
8684
8685
8686
8687
8688
8689
8690
8691
8692
8693
8694
8695
8696
8697
8698
8699
8700
8701
8702
8703
8705
8706
8707
8709
8710
8711
8712
8713
8714
8715
8716
8717
8718
8719
8720
8721
8723
8724
8725
8726
8727
8728
8729
8730
8731
8732
8733
8735
8736
8737
8738
8739
8740
8741
8742
8743
8745
8746
8747
8748
8749
8750
8751
8752
8753
8754
8755
8757
8758
8759
8760
8761
8763
8764
8765
8767
8768
8770
8771
8772
8773
8774
8775
8776
8777
8778
8779
8780
8781
8782
8783
8785
8786
8788
8789
8790
8793
8794
8797
8798
8799
8801
8802
8803
8805
8806
8808
8809
8811
8812
8813
8814
8815
8816
8817
8819
8820
8821
8823
8824
8825
8826
8827
8828
8829
8831
8832
8833
8834
8835
8836
8837
8838
8839
8841
8842
8843
8845
8846
8847
8849
8850
8851
8853
8854
8855
8856
8857
8858
8859
8860
8861
8862
8863
8864
8865
8867
8868
8869
8871
8872
8874
8875
8876
8877
8879
8880
8881
8882
8883
8884
8885
8886
8887
8889
8890
8891
8892
8893
8894
8895
8896
8897
8898
8899
8900
8901
8902
8903
8904
8905
8906
8907
8908
8909
8910
8911
8912
8913
8915
8916
8917
8919
8920
8921
8922
8923
8924
8925
8927
8928
8929
8930
8931
8932
8933
8934
8935
8937
8938
8939
8940
8941
8942
8944
8945
8946
8948
8949
8950
8951
8952
8953
8954
8955
8956
8958
8959
8960
8962
8963
8964
8965
8967
8968
8969
8970
8971
8972
8973
8974
8975
8977
8978
8979
8980
8981
8982
8984
8985
8986
8987
8988
8989
8990
8991
8993
8994
8995
8996
8997
8998
8999
9000
9001
9002
9003
9004
9005
9006
9007
9008
9009
9010
9011
9012
9013
9014
9015
9016
9019
9020
9021
9022
9023
9024
9025
9026
9027
9028
9029
9030
9031
9033
9034
9035
9036
9037
9038
9040
9041
9042
9044
9045
9046
9047
9048
9049
9051
9052
9053
9054
9055
9056
9057
9059
9060
9061
9063
9064
9065
9066
9067
9068
9069
9071
9072
9073
9074
9075
9076
9077
9078
9079
9081
9082
9083
9084
9085
9086
9088
9089
9090
9091
9092
9093
9094
9095
9096
9097
9098
9099
9100
9101
9102
9103
9104
9105
9107
9108
9110
9111
9112
9113
9114
9115
9116
9117
9118
9119
9120
9121
9122
9123
9125
9126
9127
9128
9129
9130
9131
9132
9133
9134
9135
9136
9137
9138
9139
9140
9141
9142
9144
9145
9146
9147
9148
9150
9151
9152
9154
9155
9156
9157
9159
9160
9161
9162
9163
9164
9165
9166
9167
9168
9169
9170
9171
9172
9173
9174
9175
9177
9178
9179
9181
9182
9183
9185
9186
9187
9189
9190
9191
9192
9193
9194
9195
9196
9197
9198
9199
9200
9202
9203
9204
9205
9207
9208
9209
9210
9211
9212
9213
9214
9215
9216
9217
9218
9220
9221
9222
9223
9224
9225
9226
9227
9228
9229
9230
9231
9232
9233
9234
9235
9237
9238
9239
9240
9241
9243
9244
9245
9246
9247
9248
9249
9250
9251
9252
9253
9254
9255
9256
9257
9259
9260
9261
9262
9263
9265
9266
9267
9268
9269
9270
9272
9273
9274
9275
9276
9277
9278
9279
9281
9282
9283
9284
9285
9286
9287
9288
9289
9290
9291
9292
9293
9294
9295
9296
9297
9299
9300
9301
9303
9304
9306
9307
9308
9309
9311
9312
9313
9314
9315
9316
9317
9318
9320
9321
9322
9323
9324
9325
9326
9327
9329
9330
9331
9332
9333
9334
9335
9336
9338
9339
9340
9341
9342
9343
9344
9345
9346
9347
9348
9349
9350
9351
9352
9353
9354
9355
9356
9357
9359
9360
9361
9362
9363
9364
9365
9366
9367
9368
9370
9371
9372
9373
9374
9375
9376
9377
9378
9379
9380
9381
9382
9383
9384
9385
9386
9388
9389
9390
9393
9394
9395
9396
9397
9398
9399
9400
9401
9402
9403
9404
9405
9406
9407
9408
9409
9410
9411
9412
9413
9414
9415
9416
9417
9418
9419
9420
9421
9422
9423
9424
9426
9427
9428
9430
9431
9432
9433
9434
9435
9436
9437
9438
9439
9440
9441
9442
9444
9445
9446
9447
9448
9449
9450
9451
9452
9453
9454
9456
9457
9458
9459
9460
9461
9462
9463
9464
9466
9467
9468
9469
9470
9471
9472
9473
9474
9475
9476
9478
9479
9480
9481
9482
9484
9485
9486
9489
9490
9491
9492
9493
9494
9495
9496
9497
9498
9499
9500
9501
9502
9503
9504
9507
9508
9509
9511
9512
9515
9516
9518
9519
9520
9522
9523
9524
9527
9528
9529
9530
9532
9533
9534
9535
9536
9537
9538
9540
9541
9542
9544
9545
9546
9547
9548
9549
9550
9552
9553
9554
9555
9556
9557
9558
9559
9560
9562
9563
9564
9566
9567
9568
9570
9571
9572
9574
9575
9576
9577
9578
9579
9580
9581
9582
9583
9584
9585
9586
9588
9589
9590
9593
9594
9595
9596
9597
9598
9600
9601
9602
9603
9604
9605
9606
9607
9608
9610
9611
9612
9613
9614
9615
9616
9617
9618
9619
9620
9621
9622
9623
9624
9625
9626
9627
9628
9629
9630
9631
9632
9633
9634
9636
9637
9638
9640
9641
9642
9643
9644
9645
9646
9648
9649
9650
9651
9652
9653
9654
9655
9656
9658
9659
9660
9661
9663
9664
9665
9667
9668
9669
9670
9671
9672
9673
9674
9675
9677
9678
9679
9681
9682
9683
9684
9685
9686
9688
9689
9690
9691
9692
9693
9694
9695
9696
9698
9699
9700
9701
9703
9704
9705
9706
9707
9708
9709
9710
9711
9712
9714
9715
9716
9717
9718
9719
9720
9721
9722
9723
9724
9725
9726
9727
9728
9729
9730
9731
9732
9733
9734
9735
9737
9738
9740
9741
9742
9743
9744
9745
9746
9747
9748
9749
9750
9751
9752
9754
9755
9756
9757
9759
9760
9761
9763
9764
9765
9766
9767
9768
9769
9770
9772
9773
9774
9775
9776
9777
9778
9780
9781
9782
9784
9785
9786
9787
9788
9789
9790
9792
9793
9794
9795
9796
9797
9798
9799
9800
9802
9803
9804
9805
9807
9808
9809
9810
9811
9812
9813
9814
9815
9816
9817
9818
9819
9820
9821
9822
9823
9824
9825
9826
9829
9830
9831
9832
9833
9834
9835
9836
9837
9838
9839
9840
9841
9842
9843
9844
9846
9847
9848
9849
9850
9851
9852
9853
9854
9855
9856
9857
9858
9859
9860
9861
9863
9864
9865
9866
9867
9869
9870
9871
9873
9874
9875
9876
9877
9878
9880
9881
9882
9883
9884
9885
9886
9887
9888
9889
9890
9891
9892
9893
9894
9895
9896
9898
9899
9900
9902
9903
9904
9906
9907
9908
9910
9911
9912
9913
9914
9915
9916
9917
9918
9919
9921
9922
9923
9924
9925
9926
9928
9929
9930
9931
9932
9933
9934
9935
9936
9937
9939
9940
9941
9942
9943
9944
9945
9946
9947
9948
9949
9950
9951
9952
9953
9954
9955
9956
9958
9959
9960
9961
9962
9964
9965
9966
9967
9968
9969
9970
9971
9972
9973
9974
9975
9976
9977
9978
9980
9981
9982
9983
9984
9986
9987
9988
9989
9991
9992
9993
9994
9995
9996
9997
9998
9999
10000
10002
10003
10004
10005
10006
10007
10008
10009
10010
10011
10012
10013
10014
10015
10016
10017
10018
10020
10021
10022
10025
10026
10027
10028
10029
10030
10032
10033
10034
10035
10036
10037
10039
10040
10041
10042
10043
10044
10045
10046
10047
10048
10050
10051
10052
10053
10054
10055
10057
10058
10059
10060
10061
10062
10063
10064
10065
10066
10067
10068
10069
10070
10071
10072
10073
10074
10075
10076
10077
10078
10081
10082
10085
10086
10089
10090
10093
10094
10097
10098
10101
10102
10104
10107
10108
10111
10112
10115
10116
10119
10120
10123
10124
10127
10129
10130
10133
10134
10137
10138
10141
10142
10145
10146
10149
10150
10152
10155
10156
10159
10160
10163
10164
10167
10168
10171
10172
10175
10177
10178
10181
10182
10185
10186
10189
10190
10193
10194
10197
10198
10200
10201
10202
10203
10204
10205
10206
10207
10208
10211
10212
10214
10215
10216
10219
10220
10221
10223
10225
10226
10227
10228
10229
10230
10231
10232
10233
10234
10235
10236
10237
10238
10239
10240
10241
10242
10243
10244
10245
10246
10247
10248
10249
10250
10251
10252
10253
10255
10256
10257
10258
10259
10260
10261
10262
10263
10264
10265
10266
10267
10268
10269
10270
10271
10272
10273
10274
10275
10276
10277
10278
10279
10281
10282
10283
10284
10285
10286
10287
10288
10289
10290
10291
10292
10293
10294
10295
10296
10297
10298
10299
10300
10301
10302
10303
10304
10306
10307
10308
10309
10310
10311
10312
10313
10314
10315
10316
10317
10318
10319
10321
10322
10323
10324
10325
10326
10327
10328
10329
10330
10331
10332
10333
10334
10335
10336
10337
10338
10339
10340
10341
10342
10343
10344
10345
10346
10347
10348
10349
10351
10352
10353
10354
10355
10356
10357
10359
10360
10361
10362
10363
10364
10366
10367
10368
10369
10370
10373
10374
10375
10376
10377
10378
10379
10380
10381
10382
10383
10384
10385
10386
10387
10388
10389
10390
10391
10392
10394
10395
10396
10398
10399
10400
10401
10402
10403
10404
10405
10406
10407
10408
10409
10410
10411
10412
10413
10414
10415
10417
10418
10419
10421
10422
10423
10424
10425
10426
10427
10428
10429
10430
10431
10432
10433
10434
10435
10436
10437
10438
10439
10440
10441
10442
10443
10444
10445
10447
10448
10449
10450
10451
10452
10453
10454
10455
10456
10457
10458
10459
10460
10461
10462
10463
10465
10466
10467
10468
10469
10470
10471
10473
10474
10476
10477
10478
10479
10480
10481
10482
10483
10484
10485
10486
10487
10488
10489
10490
10491
10492
10493
10494
10495
10496
10497
10498
10499
10500
10502
10503
10504
10505
10507
10508
10509
10510
10511
10512
10513
10514
10515
10516
10517
10518
10520
10521
10522
10523
10524
10525
10526
10527
10528
10529
10530
10532
10533
10534
10535
10536
10537
10538
10539
10540
10541
10543
10544
10545
10546
10547
10548
10549
10550
10551
10552
10553
10555
10556
10557
10558
10559
10560
10561
10562
10563
10564
10565
10566
10567
10569
10570
10571
10572
10573
10574
10575
10576
10577
10578
10579
10580
10581
10582
10583
10584
10585
10587
10588
10589
10591
10592
10594
10595
10596
10597
10598
10599
10600
10601
10602
10603
10604
10605
10606
10607
10608
10609
10610
10611
10612
10613
10614
10615
10616
10617
10618
10619
10620
10621
10622
10623
10625
10626
10627
10629
10630
10631
10632
10633
10634
10635
10636
10637
10638
10639
10640
10641
10643
10644
10645
10646
10647
10648
10649
10650
10651
10652
10653
10655
10656
10657
10658
10659
10660
10661
10662
10663
10665
10666
10667
10668
10669
10670
10671
10672
10673
10674
10675
10677
10678
10679
10680
10681
10682
10683
10684
10685
10686
10687
10688
10690
10691
10692
10693
10694
10695
10696
10697
10698
10699
10700
10701
10702
10703
10704
10705
10706
10708
10709
10710
10713
10714
10715
10716
10717
10718
10719
10720
10721
10722
10723
10724
10725
10726
10727
10728
10729
10730
10731
10732
10733
10734
10735
10736
10737
10738
10739
10740
10741
10742
10743
10744
10746
10747
10748
10750
10751
10752
10753
10754
10755
10756
10757
10758
10759
10760
10761
10762
10764
10765
10766
10767
10768
10769
10770
10771
10772
10773
10774
10776
10777
10778
10779
10780
10781
10782
10783
10784
10786
10787
10788
10789
10790
10791
10792
10793
10794
10795
10796
10798
10799
10800
10803
10804
10807
10808
10809
10810
10811
10812
10813
10815
10816
10817
10818
10819
10820
10822
10823
10825
10826
10829
10830
10832
10833
10834
10835
10836
10837
10838
10839
10841
10842
10843
10844
10845
10846
10848
10850
10851
10852
10853
10855
10856
10857
10858
10859
10860
10862
10863
10864
10867
10868
10869
10871
10872
10873
10874
10875
10877
10878
10879
10881
10882
10883
10884
10885
10886
10889
10890
10893
10894
10895
10896
10897
10898
10899
10900
10902
10903
10904
10906
10907
10908
10909
10911
10912
10915
10916
10918
10919
10921
10922
10925
10926
10929
10930
10933
10934
10937
10938
10941
10942
10944
10945
10946
10947
10948
10949
10951
10952
10953
10954
10955
10956
10957
10959
10960
10961
10962
10963
10964
10966
10967
10969
10970
10971
10972
10973
10974
10975
10977
10978
10980
10981
10982
10983
10984
10985
10986
10987
10988
10989
10990
10991
10992
10993
10995
10996
10997
10999
11000
11002
11003
11004
11005
11006
11007
11008
11009
11010
11011
11012
11013
11014
11015
11016
11017
11018
11020
11021
11022
11025
11026
11027
11028
11029
11030
11031
11032
11033
11034
11035
11036
11037
11038
11039
11040
11041
11042
11043
11044
11045
11047
11048
11049
11050
11051
11052
11053
11055
11056
11057
11058
11059
11060
11062
11063
11065
11066
11069
11070
11071
11073
11074
11077
11078
11080
11081
11082
11085
11086
11087
11088
11091
11092
11095
11096
11097
11098
11099
11100
11101
11102
11103
11104
11105
11106
11107
11108
11109
11110
11111
11113
11114
11117
11118
11119
11121
11122
11123
11124
11125
11126
11127
11128
11129
11130
11131
11132
11133
11134
11135
11136
11139
11140
11142
11143
11144
11146
11147
11148
11149
11150
11151
11152
11153
11154
11155
11156
11157
11158
11159
11161
11162
11163
11164
11165
11166
11167
11169
11170
11172
11173
11174
11175
11176
11177
11178
11179
11180
11181
11182
11183
11184
11185
11187
11188
11191
11192
11195
11196
11199
11200
11201
11203
11204
11206
11207
11209
11210
11211
11212
11213
11214
11216
11217
11218
11219
11221
11222
11223
11224
11225
11226
11228
11229
11230
11231
11232
11233
11234
11235
11236
11237
11239
11240
11241
11242
11243
11244
11247
11248
11249
11251
11252
11253
11254
11255
11256
11257
11258
11259
11260
11261
11262
11264
11265
11266
11267
11269
11270
11272
11273
11274
11276
11277
11278
11279
11280
11281
11283
11284
11285
11287
11288
11290
11291
11292
11293
11294
11295
11296
11297
11298
11299
11300
11301
11302
11303
11305
11306
11308
11309
11310
11313
11314
11317
11318
11319
11321
11322
11323
11325
11326
11328
11329
11331
11332
11333
11334
11335
11336
11337
11339
11340
11341
11343
11344
11345
11346
11347
11348
11349
11351
11352
11353
11354
11355
11356
11357
11358
11359
11361
11362
11363
11365
11366
11367
11369
11370
11371
11373
11374
11375
11376
11377
11378
11379
11380
11381
11382
11383
11384
11385
11387
11388
11389
11391
11392
11394
11395
11396
11397
11399
11400
11401
11402
11404
11405
11406
11409
11410
11411
11412
11413
11414
11415
11416
11417
11418
11419
11420
11421
11422
11423
11424
11427
11428
11429
11431
11432
11435
11436
11438
11439
11440
11442
11443
11444
11447
11448
11449
11450
11452
11453
11454
11455
11456
11457
11458
11460
11461
11462
11464
11465
11466
11467
11468
11469
11470
11472
11473
11474
11475
11476
11477
11478
11479
11480
11482
11483
11484
11486
11487
11488
11490
11491
11492
11494
11495
11496
11497
11498
11499
11500
11501
11502
11503
11504
11505
11506
11508
11509
11510
11513
11514
11515
11516
11517
11518
11521
11522
11525
11526
11527
11529
11530
11533
11534
11536
11537
11538
11541
11542
11543
11544
11547
11548
11550
11551
11552
11553
11554
11555
11556
11557
11558
11559
11560
11561
11562
11563
11564
11565
11566
11567
11568
11569
11570
11571
11572
11573
11574
11576
11577
11578
11579
11581
11582
11583
11584
11585
11586
11588
11589
11590
11591
11592
11593
11594
11595
11596
11597
11598
11599
11600
11601
11603
11604
11605
11607
11608
11609
11610
11611
11612
11613
11615
11616
11617
11618
11619
11620
11621
11622
11623
11624
11625
11626
11628
11629
11630
11632
11633
11634
11635
11636
11637
11638
11640
11641
11642
11643
11644
11645
11646
11647
11648
11651
11652
11654
11655
11656
11659
11660
11661
11663
11665
11666
11669
11670
11671
11673
11674
11677
11678
11680
11681
11682
11685
11686
11687
11688
11689
11691
11692
11695
11696
11699
11700
11703
11704
11705
11707
11708
11710
11711
11713
11714
11716
11717
11718
11721
11722
11725
11726
11727
11729
11730
11731
11733
11734
11736
11739
11740
11741
11743
11744
11747
11748
11750
11751
11752
11754
11755
11756
11759
11761
11762
11765
11766
11767
11768
11769
11770
11771
11772
11773
11774
11775
11776
11777
11778
11779
11780
11781
11782
11783
11784
11787
11788
11790
11791
11792
11793
11794
11795
11796
11797
11798
11799
11800
11801
11802
11803
11804
11805
11806
11807
11809
11810
11811
11812
11813
11814
11815
11816
11817
11818
11819
11821
11822
11823
11825
11826
11828
11829
11830
11832
11833
11835
11836
11837
11838
11839
11840
11841
11842
11843
11844
11847
11848
11849
11850
11851
11852
11855
11856
11857
11858
11860
11861
11862
11863
11864
11865
11866
11867
11869
11870
11872
11873
11874
11875
11877
11878
11880
11881
11882
11883
11884
11885
11887
11888
11889
11890
11891
11892
11894
11895
11896
11897
11899
11900
11901
11902
11903
11904
11905
11906
11907
11908
11909
11910
11912
11913
11914
11915
11917
11918
11919
11920
11921
11922
11924
11925
11926
11927
11928
11929
11931
11932
11935
11936
11937
11938
11939
11940
11941
11942
11943
11944
11946
11947
11948
11949
11951
11952
11953
11954
11956
11957
11958
11959
11961
11962
11965
11966
11967
11969
11970
11971
11972
11973
11974
11975
11976
11977
11979
11980
11981
11982
11983
11984
11987
11988
11990
11991
11992
11994
11995
11996
11997
11998
11999
12000
12001
12002
12003
12004
12005
12006
12007
12009
12010
12011
12012
12013
12014
12015
12017
12018
12019
12021
12022
12023
12024
12025
12026
12027
12028
12029
12030
12031
12032
12033
12035
12036
12037
12039
12040
12041
12042
12043
12044
12045
12047
12049
12050
12052
12053
12054
12055
12057
12058
12059
12060
12061
12062
12064
12065
12066
12068
12069
12070
12071
12072
12073
12074
12075
12076
12079
12080
12082
12083
12084
12087
12088
12089
12090
12091
12092
12093
12094
12095
12097
12098
12099
12100
12101
12102
12104
12105
12106
12108
12109
12110
12113
12114
12115
12116
12117
12118
12119
12120
12121
12122
12123
12124
12125
12126
12127
12128
12130
12131
12132
12133
12134
12135
12136
12138
12139
12140
12142
12143
12144
12145
12146
12147
12148
12149
12150
12151
12152
12153
12154
12156
12157
12158
12160
12161
12162
12163
12164
12165
12166
12168
12171
12172
12173
12174
12175
12176
12178
12179
12180
12181
12183
12184
12185
12187
12188
12189
12190
12191
12192
12193
12194
12195
12197
12198
12201
12202
12203
12205
12206
12208
12209
12210
12211
12212
12213
12214
12215
12216
12218
12219
12220
12221
12223
12224
12225
12227
12228
12229
12231
12232
12234
12235
12236
12237
12238
12239
12240
12243
12244
12246
12247
12248
12249
12250
12251
12252
12253
12254
12255
12256
12257
12258
12259
12260
12261
12262
12263
12265
12266
12269
12270
12272
12273
12274
12275
12276
12277
12278
12279
12281
12282
12283
12284
12285
12286
12288
12289
12291
12292
12294
12295
12296
12297
12298
12299
12300
12301
12303
12304
12305
12306
12307
12308
12310
12311
12313
12314
12316
12317
12318
12319
12320
12321
12322
12323
12325
12326
12327
12328
12329
12330
12331
12332
12333
12334
12336
12339
12340
12341
12342
12343
12344
12345
12346
12347
12348
12350
12351
12352
12353
12354
12355
12356
12357
12359
12361
12362
12365
12366
12367
12369
12370
12373
12374
12376
12377
12378
12381
12382
12383
12384
12385
12386
12387
12388
12389
12391
12392
12395
12396
12399
12400
12403
12404
12407
12408
12409
12410
12413
12414
12415
12417
12418
12421
12422
12423
12425
12426
12428
12429
12430
12432
12434
12435
12436
12439
12440
12442
12443
12444
12447
12448
12449
12450
12451
12452
12455
12457
12458
12459
12461
12462
12465
12466
12467
12469
12470
12472
12473
12474
12475
12477
12478
12480
12483
12484
12487
12488
12489
12490
12491
12492
12493
12495
12496
12497
12498
12499
12500
12502
12503
12505
12506
12509
12510
12511
12512
12513
12514
12515
12516
12517
12518
12519
12520
12521
12522
12523
12524
12525
12526
12527
12528
12529
12530
12531
12532
12533
12534
12535
12536
12537
12538
12539
12540
12543
12544
12545
12547
12548
12550
12551
12552
12553
12554
12555
12556
12557
12558
12559
12560
12561
12562
12563
12565
12566
12567
12569
12570
12571
12573
12574
12576
12577
12578
12579
12580
12581
12582
12583
12584
12585
12586
12587
12588
12590
12591
12592
12594
12595
12596
12599
12600
12601
12602
12603
12604
12605
12606
12607
12609
12610
12612
12613
12614
12616
12617
12618
12619
12621
12622
12623
12624
12625
12626
12627
12628
12629
12631
12632
12633
12634
12635
12636
12637
12639
12640
12642
12643
12644
12647
12649
12650
12651
12652
12653
12654
12656
12657
12658
12659
12661
12662
12663
12665
12666
12668
12669
12670
12672
12674
12675
12676
12677
12679
12680
12681
12682
12683
12684
12685
12686
12687
12688
12690
12691
12692
12693
12694
12695
12697
12698
12699
12700
12701
12702
12704
12705
12706
12707
12708
12709
12710
12711
12713
12714
12715
12716
12717
12718
12719
12720
12721
12722
12723
12724
12725
12727
12728
12730
12731
12732
12733
12734
12735
12736
12739
12740
12741
12742
12743
12744
12745
12746
12747
12748
12749
12750
12751
12753
12754
12755
12757
12758
12760
12761
12762
12764
12765
12766
12768
12769
12771
12772
12773
12774
12775
12776
12777
12779
12780
12783
12784
12785
12786
12787
12788
12791
12792
12793
12794
12795
12797
12798
12799
12801
12802
12803
12804
12805
12806
12808
12809
12810
12811
12812
12813
12814
12815
12816
12817
12819
12820
12821
12822
12823
12824
12825
12827
12828
12830
12831
12832
12833
12834
12835
12836
12837
12838
12839
12840
12841
12842
12843
12844
12845
12846
12849
12850
12851
12852
12853
12854
12855
12857
12858
12860
12861
12862
12863
12864
12865
12866
12867
12868
12869
12870
12871
12872
12874
12875
12876
12879
12880
12881
12883
12884
12885
12887
12888
12889
12890
12892
12893
12894
12895
12896
12897
12898
12901
12902
12904
12905
12906
12907
12909
12910
12912
12913
12914
12915
12916
12918
12919
12920
12922
12923
12924
12925
12927
12928
12929
12930
12931
12932
12933
12934
12935
12936
12937
12938
12940
12941
12942
12943
12944
12945
12946
12949
12950
12951
12952
12953
12954
12955
12956
12957
12958
12959
12960
12961
12962
12963
12964
12965
12966
12968
12969
12970
12971
12973
12974
12975
12976
12977
12978
12980
12981
12982
12983
12984
12986
12987
12988
12989
12991
12992
12993
12994
12995
12996
12998
12999
13000
13003
13004
13005
13007
13008
13009
13010
13011
13012
13013
13014
13015
13017
13018
13021
13022
13023
13024
13025
13026
13028
13029
13030
13031
13032
13033
13035
13036
13037
13039
13040
13041
13042
13043
13044
13046
13047
13048
13050
13051
13052
13053
13054
13055
13056
13057
13058
13060
13061
13062
13064
13065
13066
13067
13069
13070
13071
13073
13074
13075
13076
13077
13078
13079
13080
13081
13083
13084
13087
13088
13091
13092
13095
13096
13097
13099
13100
13102
13103
13105
13106
13109
13110
13111
13113
13114
13116
13117
13118
13121
13122
13123
13125
13126
13128
13129
13131
13132
13134
13135
13136
13137
13138
13139
13140
13143
13144
13147
13148
13151
13153
13154
13156
13157
13158
13161
13162
13164
13165
13166
13169
13170
13172
13173
13174
13175
13176
13179
13180
13181
13183
13184
13187
13188
13189
13191
13192
13195
13196
13197
13198
13199
13201
13202
13203
13204
13205
13206
13209
13210
13213
13214
13215
13216
13217
13218
13220
13221
13222
13223
13224
13225
13226
13227
13228
13229
13231
13232
13233
13234
13235
13236
13238
13239
13240
13241
13243
13244
13245
13246
13247
13248
13249
13250
13253
13254
13255
13257
13258
13260
13261
13262
13263
13264
13265
13266
13267
13268
13269
13270
13271
13272
13273
13275
13276
13277
13278
13279
13280
13281
13283
13284
13285
13286
13287
13288
13290
13291
13292
13293
13295
13296
13297
13298
13300
13301
13302
13303
13304
13305
13306
13308
13309
13310
13311
13313
13314
13315
13316
13317
13318
13320
13321
13322
13323
13324
13325
13326
13327
13328
13331
13332
13333
13335
13336
13337
13338
13339
13340
13342
13343
13345
13346
13347
13348
13349
13350
13351
13353
13354
13356
13357
13358
13359
13361
13362
13363
13364
13365
13366
13368
13371
13372
13375
13376
13377
13378
13379
13380
13381
13382
13383
13384
13386
13387
13388
13389
13391
13393
13394
13395
13396
13397
13398
13400
13401
13402
13403
13404
13405
13406
13407
13408
13409
13410
13411
13412
13413
13414
13416
13418
13419
13420
13421
13423
13424
13425
13426
13427
13428
13429
13430
13431
13432
13433
13434
13435
13436
13437
13439
13441
13442
13443
13445
13446
13447
13448
13449
13450
13451
13452
13453
13454
13456
13457
13458
13459
13460
13461
13462
13464
13465
13467
13468
13470
13471
13472
13474
13475
13476
13477
13479
13480
13482
13483
13484
13485
13486
13487
13488
13489
13490
13492
13493
13494
13495
13497
13498
13501
13502
13503
13505
13506
13507
13509
13510
13511
13512
13513
13514
13515
13516
13517
13518
13519
13520
13522
13523
13524
13525
13527
13528
13529
13531
13532
13533
13534
13535
13536
13537
13538
13540
13541
13542
13543
13544
13545
13546
13547
13549
13550
13551
13552
13553
13554
13555
13557
13558
13559
13560
13562
13563
13564
13566
13567
13568
13569
13570
13571
13572
13573
13575
13576
13577
13578
13579
13580
13581
13583
13584
13585
13586
13589
13590
13591
13593
13594
13595
13596
13597
13598
13601
13602
13603
13604
13605
13606
13607
13608
13609
13611
13612
13613
13614
13615
13616
13619
13620
13622
13623
13624
13626
13627
13628
13630
13631
13632
13633
13634
13635
13636
13637
13638
13639
13641
13642
13643
13644
13645
13646
13648
13649
13650
13652
13653
13654
13655
13656
13657
13659
13660
13661
13662
13663
13664
13665
13666
13667
13668
13670
13671
13672
13673
13674
13675
13676
13678
13679
13680
13681
13682
13683
13684
13685
13686
13687
13688
13689
13691
13692
13693
13695
13696
13697
13698
13699
13700
13701
13703
13704
13705
13706
13707
13709
13710
13711
13713
13714
13715
13716
13717
13718
13721
13722
13725
13726
13727
13728
13729
13730
13731
13732
13733
13735
13736
13738
13739
13740
13741
13743
13744
13745
13746
13747
13748
13749
13751
13753
13754
13755
13756
13757
13758
13759
13761
13762
13763
13764
13765
13766
13769
13770
13771
13772
13773
13774
13775
13776
13777
13778
13779
13780
13782
13783
13784
13785
13787
13788
13791
13792
13793
13794
13795
13796
13797
13798
13799
13801
13802
13804
13805
13806
13809
13810
13813
13814
13815
13817
13818
13819
13821
13822
13824
13827
13828
13831
13832
13834
13835
13836
13838
13839
13840
13843
13844
13846
13847
13849
13850
13852
13853
13854
13855
13856
13857
13858
13859
13861
13862
13865
13866
13869
13870
13872
13873
13875
13876
13879
13880
13883
13884
13886
13887
13888
13890
13891
13892
13893
13895
13897
13898
13899
13901
13902
13905
13906
13909
13910
13912
13913
13914
13915
13917
13918
13919
13920
13921
13923
13924
13925
13927
13928
13931
13932
13933
13935
13936
13937
13938
13939
13940
13941
13943
13944
13945
13946
13947
13948
13949
13950
13951
13953
13954
13955
13956
13957
13958
13959
13961
13962
13963
13965
13966
13967
13968
13970
13971
13972
13975
13976
13978
13979
13980
13981
13982
13983
13984
13985
13986
13987
13988
13989
13990
13991
13993
13994
13995
13996
13997
13998
14000
14001
14002
14003
14004
14005
14006
14008
14009
14010
14012
14013
14014
14015
14016
14017
14018
14019
14020
14022
14023
14024
14026
14027
14028
14030
14031
14032
14033
14034
14035
14036
14038
14039
14040
14041
14042
14043
14044
14045
14046
14048
14049
14050
14053
14054
14055
14056
14057
14058
14059
14060
14061
14062
14064
14065
14067
14068
14069
14071
14072
14074
14075
14076
14078
14079
14080
14081
14082
14083
14084
14086
14087
14089
14090
14093
14094
14095
14097
14098
14099
14100
14101
14102
14104
14105
14106
14108
14109
14110
14111
14112
14113
14115
14116
14117
14118
14119
14120
14121
14123
14124
14125
14126
14127
14128
14129
14130
14131
14132
14134
14135
14136
14137
14138
14139
14141
14142
14143
14145
14146
14147
14148
14149
14150
14151
14152
14153
14154
14156
14157
14158
14159
14160
14163
14164
14165
14166
14167
14168
14169
14170
14171
14172
14173
14174
14175
14176
14178
14179
14180
14182
14183
14185
14186
14188
14189
14190
14191
14192
14193
14194
14197
14198
14200
14201
14202
14203
14204
14205
14206
14207
14208
14209
14210
14211
14212
14215
14216
14218
14219
14220
14223
14224
14225
14227
14228
14229
14230
14231
14232
14233
14234
14235
14236
14237
14238
14239
14240
14241
14242
14245
14246
14247
14248
14249
14250
14251
14253
14254
14255
14256
14257
14258
14259
14260
14262
14263
14264
14265
14266
14267
14268
14269
14271
14272
14273
14275
14276
14277
14278
14279
14280
14281
14282
14285
14286
14287
14288
14289
14290
14291
14293
14294
14295
14296
14297
14298
14300
14301
14302
14303
14304
14306
14307
14308
14311
14312
14313
14314
14315
14316
14318
14319
14320
14322
14323
14324
14325
14326
14327
14329
14330
14331
14332
14333
14334
14336
14337
14338
14340
14341
14342
14345
14346
14347
14348
14349
14350
14352
14353
14354
14355
14356
14357
14359
14360
14361
14362
14363
14364
14365
14366
14367
14368
14370
14371
14372
14373
14375
14377
14378
14379
14380
14381
14382
14383
14384
14385
14386
14387
14388
14389
14390
14391
14393
14394
14395
14396
14397
14398
14400
14401
14402
14403
14404
14405
14406
14407
14408
14409
14410
14412
14413
14414
14416
14417
14418
14419
14420
14421
14422
14424
14425
14426
14427
14428
14430
14431
14432
14434
14435
14436
14437
14439
14440
14443
14444
14446
14447
14448
14449
14450
14451
14452
14453
14454
14457
14458
14459
14460
14461
14462
14464
14465
14466
14467
14468
14469
14470
14472
14474
14475
14476
14477
14478
14479
14480
14482
14483
14484
14485
14487
14488
14490
14491
14492
14493
14494
14495
14496
14497
14498
14499
14501
14502
14503
14504
14505
14506
14509
14510
14512
14513
14514
14515
14516
14517
14518
14519
14520
14523
14524
14525
14527
14528
14531
14532
14534
14535
14536
14538
14539
14540
14543
14545
14546
14549
14550
14553
14554
14555
14557
14558
14559
14561
14562
14565
14566
14567
14568
14571
14572
14573
14574
14575
14576
14577
14578
14579
14580
14583
14584
14587
14588
14591
14592
14593
14594
14597
14598
14601
14602
14605
14606
14607
14609
14610
14611
14612
14613
14614
14616
14618
14619
14620
14623
14624
14627
14628
14631
14632
14633
14634
14635
14636
14638
14639
14640
14641
14642
14644
14645
14646
14649
14650
14652
14653
14654
14656
14657
14658
14659
14660
14661
14662
14664
14665
14666
14667
14668
14669
14670
14671
14672
14674
14675
14676
14677
14678
14679
14680
14682
14683
14684
14686
14687
14689
14690
14691
14693
14694
14697
14698
14699
14700
14701
14702
14703
14704
14705
14706
14707
14708
14709
14710
14711
14712
14714
14715
14716
14717
14719
14720
14721
14722
14723
14724
14725
14727
14728
14729
14731
14732
14733
14734
14735
14736
14737
14738
14739
14741
14742
14743
14745
14746
14747
14749
14750
14751
14752
14753
14754
14755
14757
14758
14759
14760
14761
14762
14763
14764
14765
14767
14768
14769
14771
14772
14774
14775
14776
14777
14778
14779
14780
14781
14783
14784
14785
14786
14788
14789
14790
14793
14794
14795
14797
14798
14799
14800
14801
14802
14803
14805
14806
14807
14808
14811
14812
14814
14815
14816
14818
14819
14820
14821
14823
14824
14825
14827
14828
14829
14830
14831
14832
14833
14834
14836
14837
14838
14839
14840
14841
14842
14844
14845
14846
14847
14848
14849
14850
14851
14853
14854
14855
14856
14857
14858
14859
14860
14862
14863
14864
14866
14867
14868
14869
14870
14871
14872
14873
14875
14876
14877
14878
14879
14881
14882
14884
14885
14886
14887
14888
14889
14890
14891
14892
14893
14894
14895
14897
14898
14899
14901
14902
14903
14904
14907
14908
14909
14910
14911
14912
14913
14915
14916
14919
14920
14921
14922
14923
14924
14925
14926
14927
14928
14929
14930
14931
14933
14934
14937
14938
14939
14941
14942
14944
14945
14946
14948
14949
14950
14951
14952
14953
14954
14955
14956
14957
14958
14959
14960
14961
14963
14964
14966
14967
14968
14969
14970
14971
14972
14974
14975
14976
14977
14978
14979
14981
14982
14983
14984
14985
14986
14987
14988
14989
14990
14992
14993
14994
14996
14997
14998
14999
15000
15001
15003
15004
15006
15007
15008
15009
15010
15011
15012
15014
15015
15016
15017
15019
15020
15021
15022
15023
15025
15026
15027
15029
15030
15032
15033
15034
15035
15037
15038
15039
15041
15042
15043
15044
15045
15046
15047
15048
15050
15051
15052
15053
15055
15056
15057
15059
15060
15061
15063
15064
15066
15067
15068
15069
15071
15072
15073
15074
15075
15076
15077
15078
15080
15081
15082
15083
15084
15085
15086
15087
15089
15090
15091
15092
15093
15094
15096
15098
15099
15100
15101
15102
15103
15104
15105
15106
15107
15108
15109
15110
15111
15112
15114
15115
15116
15117
15119
15120
15121
15122
15123
15124
15125
15126
15127
15128
15131
15132
15134
15135
15136
15139
15140
15141
15143
15145
15146
15147
15148
15149
15150
15151
15152
15153
15154
15155
15156
15157
15158
15159
15160
15161
15162
15163
15164
15165
15166
15167
15168
15169
15170
15171
15172
15173
15175
15176
15177
15178
15179
15180
15181
15182
15183
15184
15185
15186
15187
15188
15189
15190
15191
15192
15193
15194
15195
15196
15197
15198
15199
15201
15202
15203
15204
15205
15206
15207
15208
15209
15210
15211
15212
15213
15214
15215
15216
15217
15218
15219
15220
15221
15222
15223
15224
15226
15227
15228
15229
15230
15231
15232
15233
15234
15235
15236
15237
15238
15239
15241
15242
15245
15246
15249
15250
15253
15254
15257
15258
15261
15262
15264
15265
15266
15267
15268
15269
15271
15272
15273
15274
15275
15276
15277
15279
15280
15281
15282
15283
15284
15286
15287
15289
15290
15291
15292
15293
15294
15295
15297
15298
15300
15301
15302
15303
15304
15305
15306
15307
15308
15309
15310
15311
15312
15313
15315
15316
15317
15319
15320
15322
15323
15324
15325
15326
15327
15328
15329
15330
15331
15332
15333
15334
15335
15336
15337
15338
15340
15341
15342
15345
15346
15347
15348
15349
15350
15351
15352
15353
15354
15355
15356
15357
15358
15359
15360
15363
15364
15367
15368
15371
15372
15375
15376
15379
15380
15383
15385
15386
15387
15388
15389
15390
15391
15393
15394
15397
15398
15400
15401
15402
15405
15406
15407
15408
15409
15411
15412
15414
15415
15416
15417
15418
15419
15420
15422
15423
15424
15425
15427
15428
15429
15430
15431
15433
15434
15436
15437
15438
15439
15440
15441
15442
15443
15444
15445
15446
15447
15449
15450
15451
15453
15454
15455
15456
15459
15460
15461
15462
15463
15464
15465
15466
15467
15468
15469
15470
15471
15472
15474
15475
15476
15478
15479
15481
15482
15485
15486
15489
15490
15493
15494
15497
15498
15501
15502
15504
15505
15507
15508
15511
15512
15515
15516
15517
15519
15520
15521
15522
15523
15524
15526
15527
15528
15529
15530
15533
15534
15535
15536
15537
15538
15539
15541
15542
15543
15544
15545
15546
15548
15549
15550
15551
15552
15553
15554
15555
15556
15557
15559
15560
15561
15563
15564
15566
15567
15568
15569
15570
15571
15572
15573
15575
15576
15577
15578
15579
15580
15581
15582
15584
15585
15586
15589
15590
15591
15592
15593
15594
15595
15596
15597
15598
15600
15603
15604
15607
15608
15611
15612
15615
15616
15619
15620
15623
15625
15626
15628
15629
15630
15633
15634
15637
15638
15639
15640
15641
15642
15643
15644
15645
15646
15648
15650
15651
15652
15654
15655
15656
15657
15658
15659
15660
15661
15663
15664
15665
15666
15667
15668
15669
15671
15672
15673
15674
15675
15676
15677
15678
15681
15682
15683
15684
15685
15686
15687
15689
15690
15692
15693
15694
15695
15696
15697
15698
15699
15700
15701
15702
15703
15704
15707
15708
15709
15711
15712
15713
15714
15715
15716
15718
15719
15721
15722
15725
15726
15729
15730
15733
15734
15737
15738
15741
15742
15744
15747
15748
15749
15751
15752
15755
15756
15758
15759
15760
15761
15762
15763
15764
15765
15767
15769
15770
15771
15773
15774
15775
15776
15777
15778
15779
15780
15781
15782
15784
15785
15786
15787
15788
15789
15790
15792
15793
15794
15795
15796
15797
15799
15800
15802
15803
15804
15805
15806
15807
15808
15811
15812
15813
15814
15815
15816
15817
15818
15819
15820
15821
15822
15823
15825
15826
15828
15829
15830
15832
15833
15834
15835
15837
15838
15839
15841
15842
15845
15846
15849
15850
15853
15854
15857
15858
15861
15862
15864
15865
15866
15867
15868
15869
15871
15872
15873
15874
15875
15876
15877
15879
15880
15881
15882
15883
15884
15886
15887
15889
15890
15891
15892
15893
15894
15895
15897
15898
15900
15901
15902
15903
15904
15905
15906
15907
15908
15909
15910
15911
15912
15913
15915
15916
15917
15919
15920
15922
15923
15924
15925
15926
15927
15928
15929
15930
15931
15932
15933
15934
15935
15936
15937
15938
15940
15941
15942
15945
15946
15947
15948
15949
15950
15951
15952
15953
15954
15955
15956
15957
15958
15959
15960
15963
15964
15967
15968
15969
15970
15971
15972
15973
15975
15976
15977
15978
15979
15980
15982
15983
15985
15986
15989
15990
15991
15993
15994
15997
15998
16000
16001
16002
16005
16006
16007
16008
16009
16011
16012
16015
16016
16019
16020
16023
16024
16025
16027
16028
16030
16031
16033
16034
16036
16037
16038
16041
16042
16045
16046
16047
16049
16050
16051
16053
16054
16056
16059
16060
16061
16063
16064
16067
16068
16070
16071
16072
16074
16075
16076
16079
16081
16082
16085
16086
16088
16089
16090
16091
16092
16093
16094
16095
16097
16098
16099
16100
16101
16102
16104
16105
16106
16107
16108
16109
16111
16112
16115
16116
16119
16120
16123
16124
16127
16129
16130
16131
16132
16133
16134
16136
16137
16138
16139
16141
16142
16143
16145
16146
16148
16149
16150
16152
16153
16155
16156
16157
16158
16159
16160
16161
16163
16164
16167
16168
16169
16170
16171
16172
16175
16176
16177
16178
16180
16181
16182
16183
16184
16185
16186
16189
16190
16192
16193
16194
16195
16197
16198
16200
16202
16203
16204
16205
16207
16208
16209
16210
16211
16212
16214
16215
16216
16219
16220
16221
16223
16225
16226
16229
16230
16231
16233
16234
16236
16237
16238
16241
16242
16243
16245
16246
16248
16251
16252
16255
16256
16257
16258
16259
16260
16261
16262
16263
16264
16266
16267
16268
16269
16271
16272
16273
16274
16276
16277
16278
16279
16281
16282
16285
16286
16287
16289
16290
16291
16293
16294
16295
16296
16297
16299
16300
16301
16302
16303
16304
16307
16308
16310
16311
16312
16314
16315
16316
16318
16319
16320
16321
16322
16323
16325
16326
16327
16329
16330
16331
16332
16333
16334
16337
16338
16341
16342
16343
16344
16347
16348
16351
16352
16354
16355
16356
16358
16359
16360
16363
16364
16366
16367
16369
16370
16373
16374
16375
16377
16378
16379
16380
16381
16382
16384
16385
16386
16388
16389
16390
16391
16392
16393
16394
16395
16396
16399
16400
16402
16403
16404
16407
16408
16409
16411
16412
16413
16414
16415
16417
16418
16419
16420
16421
16422
16424
16425
16426
16428
16429
16430
16433
16434
16435
16436
16437
16438
16440
16441
16442
16443
16444
16446
16447
16448
16450
16451
16452
16453
16455
16456
16459
16460
16462
16463
16465
16466
16469
16470
16473
16474
16475
16477
16478
16479
16481
16482
16485
16486
16487
16488
16491
16492
16494
16495
16496
16498
16499
16500
16501
16503
16504
16505
16507
16508
16509
16510
16511
16512
16513
16514
16515
16517
16518
16521
16522
16523
16525
16526
16528
16529
16530
16532
16533
16534
16535
16536
16538
16539
16540
16541
16543
16544
16545
16547
16548
16549
16551
16552
16554
16555
16556
16557
16559
16560
16561
16562
16563
16564
16565
16566
16567
16568
16571
16572
16574
16575
16576
16579
16580
16581
16583
16585
16586
16589
16590
16591
16592
16593
16594
16595
16596
16597
16598
16599
16600
16601
16602
16603
16604
16605
16606
16607
16608
16609
16610
16611
16612
16613
16615
16616
16617
16618
16619
16620
16622
16623
16624
16625
16627
16628
16629
16630
16631
16632
16633
16634
16635
16636
16637
16638
16639
16641
16642
16643
16644
16645
16646
16647
16649
16650
16651
16653
16654
16655
16656
16657
16658
16659
16660
16661
16662
16663
16664
16666
16667
16668
16669
16670
16671
16672
16674
16675
16676
16678
16679
16681
16682
16685
16686
16687
16689
16690
16693
16694
16696
16697
16698
16701
16702
16703
16704
16707
16708
16710
16711
16712
16713
16714
16715
16716
16717
16718
16719
16720
16721
16722
16723
16724
16725
16726
16727
16728
16729
16730
16731
16732
16733
16734
16736
16737
16738
16739
16741
16742
16743
16744
16745
16746
16748
16749
16750
16751
16752
16753
16754
16755
16756
16757
16758
16759
16760
16761
16763
16764
16765
16767
16768
16769
16770
16771
16772
16773
16775
16776
16777
16778
16779
16780
16781
16782
16783
16784
16785
16786
16788
16789
16790
16792
16793
16794
16795
16796
16797
16798
16800
16803
16804
16806
16807
16808
16809
16810
16811
16812
16813
16814
16815
16816
16817
16818
16819
16820
16821
16822
16823
16825
16826
16829
16830
16831
16833
16834
16837
16838
16840
16841
16842
16845
16846
16847
16848
16849
16851
16852
16855
16856
16857
16858
16859
16860
16861
16863
16864
16866
16867
16868
16871
16873
16874
16876
16877
16878
16879
16881
16882
16883
16885
16886
16888
16889
16890
16892
16893
16894
16896
16899
16900
16901
16902
16903
16904
16906
16907
16908
16911
16912
16913
16915
16916
16917
16919
16920
16921
16922
16923
16924
16925
16926
16928
16929
16930
16931
16933
16934
16935
16936
16937
16938
16940
16941
16942
16943
16944
16945
16947
16948
16951
16952
16955
16956
16959
16960
16961
16963
16964
16966
16967
16969
16970
16971
16972
16973
16974
16975
16977
16978
16981
16982
16983
16985
16986
16988
16989
16990
16992
16993
16995
16996
16999
17000
17002
17003
17004
17007
17008
17010
17011
17012
17013
17014
17015
17016
17017
17018
17021
17022
17025
17026
17027
17029
17030
17033
17034
17035
17036
17037
17038
17039
17040
17041
17042
17043
17044
17045
17046
17047
17048
17049
17051
17052
17053
17055
17056
17057
17058
17059
17060
17061
17063
17065
17066
17068
17069
17070
17073
17074
17077
17078
17079
17081
17082
17083
17085
17086
17088
17089
17091
17092
17093
17095
17096
17098
17099
17100
17103
17104
17105
17106
17107
17108
17111
17113
17114
17116
17117
17118
17119
17121
17122
17125
17126
17129
17130
17131
17132
17133
17134
17135
17136
17138
17139
17140
17143
17144
17145
17147
17148
17151
17152
17154
17155
17156
17157
17158
17159
17160
17161
17162
17163
17164
17165
17166
17167
17168
17169
17170
17172
17173
17174
17176
17177
17178
17179
17180
17181
17182
17184
17187
17188
17189
17191
17192
17195
17196
17198
17199
17200
17202
17203
17204
17207
17208
17209
17210
17212
17213
17214
17217
17218
17219
17221
17222
17224
17225
17226
17227
17229
17230
17232
17235
17236
17237
17238
17239
17240
17243
17244
17247
17248
17250
17251
17252
17253
17254
17255
17257
17258
17259
17261
17262
17264
17265
17266
17269
17270
17273
17274
17275
17276
17277
17278
17279
17281
17282
17285
17286
17287
17289
17290
17293
17294
17296
17297
17298
17301
17302
17303
17304
17307
17308
17311
17312
17315
17316
17319
17320
17323
17324
17327
17328
17329
17330
17331
17332
17333
17334
17335
17337
17338
17340
17341
17342
17344
17345
17346
17347
17349
17350
17351
17352
17353
17354
17355
17356
17357
17359
17360
17362
17363
17364
17365
17366
17367
17368
17371
17372
17373
17374
17375
17376
17377
17378
17379
17380
17381
17382
17385
17386
17387
17388
17389
17390
17391
17393
17394
17396
17397
17398
17399
17400
17403
17404
17406
17407
17408
17409
17410
17411
17412
17413
17414
17415
17416
17417
17418
17419
17420
17421
17422
17423
17425
17426
17429
17430
17431
17433
17434
17437
17438
17440
17441
17442
17445
17446
17447
17448
17449
17451
17452
17455
17456
17457
17458
17459
17460
17461
17463
17464
17466
17467
17468
17471
17473
17474
17476
17477
17478
17479
17481
17482
17483
17485
17486
17488
17489
17490
17492
17493
17494
17496
17499
17500
17501
17502
17503
17504
17506
17507
17508
17511
17512
17513
17515
17516
17517
17519
17521
17522
17525
17526
17528
17529
17530
17531
17532
17533
17534
17535
17537
17538
17539
17540
17541
17542
17544
17545
17546
17547
17548
17549
17551
17552
17555
17556
17559
17560
17563
17564
17567
17569
17570
17571
17572
17573
17574
17576
17577
17578
17579
17581
17582
17583
17585
17586
17588
17589
17590
17592
17593
17595
17596
17597
17598
17599
17600
17601
17603
17604
17607
17608
17609
17610
17611
17612
17615
17616
17617
17618
17620
17621
17622
17623
17624
17625
17626
17629
17630
17632
17633
17634
17635
17637
17638
17640
17641
17643
17644
17646
17647
17648
17649
17650
17651
17652
17653
17655
17656
17657
17658
17659
17660
17662
17663
17664
17665
17666
17669
17670
17671
17673
17674
17677
17678
17679
17681
17682
17684
17685
17686
17688
17689
17691
17692
17694
17695
17696
17697
17698
17699
17700
17703
17704
17707
17708
17711
17712
17713
17714
17715
17717
17718
17719
17721
17722
17723
17724
17725
17726
17728
17729
17730
17732
17733
17734
17735
17736
17737
17738
17739
17740
17742
17743
17744
17746
17747
17748
17749
17751
17752
17753
17755
17756
17757
17758
17759
17761
17762
17764
17765
17766
17767
17768
17769
17770
17771
17773
17774
17775
17776
17777
17778
17779
17780
17781
17782
17784
17786
17787
17788
17791
17792
17794
17795
17796
17799
17800
17801
17802
17803
17804
17807
17809
17810
17812
17813
17814
17815
17816
17817
17818
17819
17821
17822
17825
17826
17829
17830
17832
17834
17835
17836
17837
17839
17840
17841
17842
17843
17844
17845
17846
17847
17848
17850
17851
17852
17853
17855
17856
17857
17858
17860
17861
17862
17863
17864
17865
17866
17869
17870
17871
17872
17873
17874
17875
17877
17878
17879
17880
17883
17884
17885
17886
17887
17888
17889
17890
17891
17892
17894
17895
17896
17897
17898
17899
17900
17901
17903
17905
17906
17907
17909
17910
17913
17914
17915
17917
17918
17920
17921
17922
17923
17925
17926
17928
17931
17932
17933
17934
17935
17936
17937
17938
17939
17940
17943
17944
17947
17948
17951
17953
17954
17955
17956
17957
17958
17960
17961
17962
17963
17964
17965
17966
17967
17969
17970
17971
17972
17973
17974
17976
17977
17979
17980
17981
17982
17983
17984
17985
17987
17988
17990
17991
17992
17993
17994
17995
17996
17998
17999
18000
18001
18003
18004
18007
18008
18011
18012
18015
18016
18017
18019
18020
18022
18023
18025
18026
18029
18030
18033
18034
18037
18038
18041
18042
18045
18046
18048
18049
18050
18051
18052
18053
18054
18055
18056
18059
18060
18061
18063
18064
18065
18066
18067
18068
18070
18071
18073
18074
18075
18077
18078
18079
18080
18081
18082
18083
18084
18085
18086
18088
18089
18090
18091
18092
18093
18094
18096
18098
18099
18100
18102
18103
18104
18105
18106
18107
18108
18109
18111
18112
18113
18114
18115
18116
18117
18119
18120
18121
18122
18123
18124
18125
18126
18128
18129
18130
18131
18133
18134
18135
18136
18137
18138
18140
18141
18142
18143
18144
18145
18147
18148
18151
18152
18155
18156
18159
18160
18161
18163
18164
18166
18167
18169
18170
18171
18172
18173
18174
18175
18177
18178
18181
18182
18183
18185
18186
18188
18189
18190
18192
18193
18195
18196
18199
18200
18202
18203
18204
18207
18208
18210
18211
18212
18213
18214
18215
18216
18217
18218
18221
18222
18225
18226
18227
18229
18230
18233
18234
18235
18236
18237
18238
18239
18240
18242
18243
18244
18245
18247
18248
18249
18250
18251
18252
18254
18255
18256
18259
18260
18261
18263
18265
18266
18269
18270
18271
18273
18274
18276
18277
18278
18281
18282
18283
18285
18286
18288
18291
18292
18295
18296
18297
18298
18299
18300
18301
18302
18303
18304
18306
18307
18308
18309
18311
18312
18313
18314
18316
18317
18318
18319
18321
18322
18325
18326
18327
18329
18330
18331
18333
18334
18335
18336
18337
18339
18340
18341
18342
18343
18344
18347
18348
18350
18351
18352
18354
18355
18356
18358
18359
18360
18361
18362
18363
18364
18365
18366
18367
18369
18370
18373
18374
18375
18376
18377
18378
18380
18381
18382
18383
18384
18385
18387
18388
18390
18391
18392
18393
18394
18395
18396
18399
18400
18403
18404
18407
18408
18409
18410
18413
18414
18415
18417
18418
18421
18422
18423
18425
18426
18428
18429
18430
18432
18433
18434
18435
18436
18438
18439
18440
18442
18443
18444
18445
18447
18448
18449
18451
18452
18453
18454
18455
18456
18457
18458
18459
18461
18462
18463
18465
18466
18467
18468
18469
18470
18472
18473
18474
18476
18477
18478
18479
18480
18481
18483
18484
18485
18487
18488
18489
18490
18491
18492
18494
18495
18496
18498
18499
18500
18501
18502
18503
18505
18506
18508
18509
18510
18513
18514
18516
18517
18518
18521
18522
18524
18525
18526
18527
18528
18529
18531
18532
18535
18536
18539
18540
18542
18543
18544
18546
18547
18548
18549
18551
18553
18554
18555
18556
18557
18558
18560
18561
18562
18563
18564
18565
18566
18567
18569
18570
18571
18572
18573
18574
18576
18577
18579
18580
18581
18582
18583
18584
18585
18587
18588
18590
18591
18592
18593
18594
18595
18596
18598
18599
18600
18601
18602
18604
18605
18606
18608
18609
18610
18611
18613
18614
18615
18617
18618
18619
18620
18621
18622
18623
18624
18627
18628
18629
18631
18632
18635
18636
18637
18639
18640
18643
18644
18645
18646
18647
18648
18649
18650
18653
18654
18657
18658
18661
18662
18663
18665
18666
18667
18668
18669
18670
18672
18674
18675
18676
18677
18679
18680
18681
18682
18683
18684
18685
18686
18687
18688
18690
18691
18692
18693
18695
18696
18697
18698
18700
18701
18702
18703
18704
18705
18706
18709
18710
18711
18712
18713
18714
18715
18717
18718
18719
18721
18722
18724
18725
18726
18729
18730
18733
18734
18735
18737
18738
18739
18741
18742
18744
18747
18748
18751
18752
18755
18756
18759
18760
18763
18764
18767
18768
18769
18770
18771
18772
18773
18774
18776
18777
18778
18781
18782
18783
18784
18785
18786
18787
18788
18789
18790
18792
18795
18796
18797
18798
18799
18800
18801
18802
18803
18804
18805
18806
18807
18808
18810
18811
18812
18814
18815
18816
18817
18818
18821
18822
18823
18824
18825
18826
18827
18829
18830
18831
18832
18833
18834
18836
18837
18838
18839
18840
18841
18842
18843
18844
18845
18846
18847
18848
18849
18851
18852
18853
18855
18856
18857
18858
18859
18860
18861
18863
18865
18866
18868
18869
18870
18873
18874
18877
18878
18879
18881
18882
18883
18885
18886
18888
18889
18891
18892
18893
18895
18896
18898
18899
18900
18903
18904
18905
18906
18907
18908
18911
18913
18914
18916
18917
18918
18919
18921
18922
18925
18926
18929
18930
18931
18932
18933
18934
18935
18936
18938
18939
18940
18943
18944
18945
18947
18948
18951
18952
18954
18955
18956
18957
18958
18959
18960
18961
18962
18963
18965
18966
18967
18969
18970
18971
18972
18973
18974
18977
18978
18981
18982
18983
18984
18987
18988
18991
18992
18994
18995
18996
18998
18999
19000
19003
19004
19006
19007
19009
19010
19013
19014
19015
19017
19018
19019
19020
19021
19022
19024
19025
19026
19028
19029
19030
19031
19032
19033
19034
19035
19036
19039
19040
19042
19043
19044
19047
19048
19049
19051
19052
19053
19054
19055
19057
19058
19059
19060
19061
19062
19064
19065
19066
19068
19069
19070
19073
19074
19075
19076
19077
19078
19080
19081
19082
19083
19084
19085
19087
19088
19090
19091
19092
19093
19095
19096
19097
19098
19099
19100
19101
19103
19105
19106
19108
19109
19110
19111
19112
19113
19114
19115
19117
19118
19121
19122
19125
19126
19128
19130
19131
19132
19135
19136
19138
19139
19140
19143
19144
19145
19146
19147
19148
19151
19152
19153
19154
19156
19157
19158
19159
19160
19161
19162
19165
19166
19167
19168
19169
19170
19171
19173
19174
19175
19176
19178
19179
19180
19181
19183
19184
19185
19186
19187
19188
19189
19190
19191
19192
19194
19195
19196
19197
19199
19201
19202
19203
19204
19205
19206
19207
19209
19210
19211
19212
19213
19214
19217
19218
19219
19220
19221
19222
19223
19224
19225
19227
19228
19231
19232
19235
19236
19238
19239
19240
19242
19243
19244
19245
19247
19249
19250
19252
19253
19254
19257
19258
19260
19261
19262
19265
19266
19268
19269
19270
19271
19272
19273
19275
19276
19277
19278
19279
19280
19281
19283
19284
19286
19287
19288
19289
19290
19291
19292
19294
19295
19297
19298
19299
19300
19301
19302
19304
19305
19306
19307
19308
19309
19310
19311
19313
19314
19315
19316
19317
19318
19320
19321
19322
19323
19324
19326
19327
19328
19329
19331
19332
19335
19336
19337
19338
19339
19340
19341
19342
19343
19345
19346
19347
19349
19350
19353
19354
19357
19358
19360
19361
19362
19363
19365
19366
19367
19368
19370
19371
19372
19375
19376
19379
19380
19383
19384
19385
19386
19387
19388
19390
19391
19392
19393
19394
19395
19397
19398
19399
19401
19402
19403
19404
19405
19406
19408
19409
19410
19412
19413
19414
19415
19416
19417
19418
19419
19420
19422
19423
19424
19426
19427
19428
19429
19431
19432
19433
19435
19436
19437
19438
19439
19440
19443
19444
19445
19447
19448
19451
19452
19454
19455
19456
19458
19459
19460
19463
19465
19466
19469
19470
19473
19474
19477
19478
19481
19482
19485
19486
19488
19489
19490
19491
19492
19493
19495
19496
19497
19499
19500
19502
19503
19504
19505
19506
19507
19508
19509
19511
19513
19514
19516
19517
19518
19519
19520
19521
19522
19523
19524
19525
19526
19527
19529
19530
19531
19533
19534
19535
19536
19537
19539
19540
19542
19543
19544
19545
19546
19547
19548
19550
19551
19552
19553
19555
19556
19557
19558
19559
19560
19561
19562
19563
19564
19565
19566
19567
19568
19569
19570
19572
19573
19574
19576
19577
19578
19579
19580
19581
19582
19584
19587
19588
19589
19591
19592
19595
19596
19598
19599
19600
19602
19603
19604
19607
19608
19609
19610
19612
19613
19614
19617
19618
19619
19621
19622
19624
19625
19626
19627
19629
19630
19632
19635
19636
19637
19638
19639
19640
19643
19644
19647
19648
19650
19651
19652
19653
19654
19655
19657
19658
19659
19661
19662
19664
19665
19666
19669
19670
19673
19674
19675
19676
19677
19678
19679
19680
19681
19682
19683
19684
19686
19687
19688
19690
19691
19692
19693
19695
19696
19699
19700
19702
19703
19705
19706
19709
19710
19713
19714
19715
19717
19718
19719
19721
19722
19725
19726
19727
19728
19731
19732
19734
19735
19736
19738
19739
19740
19741
19743
19744
19745
19747
19748
19749
19750
19751
19752
19753
19754
19755
19757
19758
19761
19762
19763
19765
19766
19768
19769
19770
19772
19773
19774
19775
19776
19778
19779
19780
19781
19783
19784
19785
19787
19788
19789
19791
19792
19794
19795
19796
19797
19799
19800
19801
19802
19803
19804
19805
19806
19809
19810
19811
19812
19813
19814
19816
19817
19818
19819
19820
19821
19822
19824
19827
19828
19829
19830
19831
19832
19833
19834
19835
19836
19839
19840
19843
19844
19847
19849
19850
19851
19853
19854
19857
19858
19859
19861
19862
19864
19865
19866
19867
19869
19870
19872
19873
19875
19876
19877
19878
19879
19880
19881
19883
19884
19886
19887
19888
19889
19890
19891
19892
19894
19895
19897
19898
19899
19900
19901
19902
19904
19905
19906
19907
19908
19909
19910
19911
19913
19914
19915
19916
19917
19918
19920
19922
19923
19924
19925
19926
19927
19928
19930
19931
19932
19933
19935
19936
19938
19939
19940
19941
19942
19943
19944
19945
19946
19949
19950
19953
19954
19957
19958
19959
19961
19962
19963
19964
19965
19966
19968
19971
19972
19973
19975
19976
19979
19980
19981
19983
19984
19987
19988
19989
19990
19991
19992
19993
19994
19996
19997
19998
19999
20000
20001
20002
20005
20006
20007
20008
20009
20010
20011
20013
20014
20015
20016
20018
20019
20020
20021
20023
20024
20025
20026
20027
20028
20029
20030
20031
20032
20034
20035
20036
20037
20039
20040
20041
20042
20043
20045
20046
20047
20048
20049
20050
20053
20054
20056
20057
20058
20059
20060
20061
20062
20063
20064
20066
20067
20068
20071
20072
20075
20076
20079
20080
20081
20082
20083
20084
20086
20087
20089
20090
20091
20093
20094
20097
20098
20101
20102
20104
20105
20106
20107
20109
20110
20111
20112
20113
20114
20115
20116
20118
20119
20120
20122
20123
20124
20125
20127
20128
20129
20131
20132
20133
20134
20135
20136
20137
20138
20139
20141
20142
20143
20145
20146
20147
20148
20149
20150
20152
20153
20154
20156
20157
20158
20159
20161
20162
20163
20164
20165
20166
20167
20169
20170
20173
20174
20176
20177
20178
20181
20182
20183
20184
20185
20186
20187
20188
20189
20191
20192
20193
20194
20195
20196
20197
20199
20200
20201
20202
20203
20204
20206
20207
20208
20209
20210
20213
20214
20215
20217
20218
20220
20221
20222
20223
20224
20225
20226
20227
20228
20229
20230
20231
20232
20234
20235
20236
20239
20240
20242
20243
20244
20245
20246
20247
20248
20249
20250
20251
20252
20253
20254
20255
20257
20258
20259
20261
20262
20265
20266
20267
20268
20269
20270
20271
20272
20273
20274
20275
20276
20277
20278
20279
20280
20281
20282
20283
20284
20285
20287
20288
20289
20290
20291
20292
20293
20295
20296
20297
20298
20299
20300
20302
20303
20305
20306
20309
20310
20311
20313
20314
20317
20318
20320
20321
20322
20325
20326
20327
20328
20331
20332
20335
20336
20339
20340
20342
20343
20344
20345
20347
20348
20349
20350
20351
20353
20354
20357
20358
20361
20362
20364
20365
20366
20367
20369
20370
20371
20373
20374
20375
20376
20379
20380
20383
20384
20387
20388
20389
20390
20391
20392
20394
20395
20396
20398
20399
20401
20402
20403
20404
20405
20406
20407
20409
20410
20413
20414
20416
20417
20418
20421
20422
20423
20424
20427
20428
20430
20431
20432
20433
20434
20435
20436
20437
20438
20439
20440
20441
20442
20443
20444
20445
20446
20447
20449
20450
20453
20454
20455
20457
20458
20461
20462
20463
20465
20466
20468
20469
20470
20472
20475
20476
20479
20480
20482
20483
20484
20487
20488
20489
20490
20491
20492
20495
20497
20498
20501
20502
20505
20506
20507
20509
20510
20512
20513
20514
20515
20517
20518
20520
20521
20523
20524
20526
20527
20528
20531
20532
20533
20534
20535
20536
20537
20538
20539
20540
20541
20542
20543
20545
20546
20549
20550
20551
20553
20554
20557
20558
20559
20561
20562
20564
20565
20566
20568
20571
20572
20575
20576
20579
20580
20582
20583
20584
20585
20587
20588
20589
20590
20591
20593
20594
20597
20598
20599
20601
20602
20603
20605
20606
20607
20608
20609
20610
20611
20612
20613
20614
20616
20619
20620
20622
20623
20624
20626
20627
20628
20630
20631
20632
20633
20634
20635
20636
20637
20639
20641
20642
20644
20645
20646
20648
20649
20650
20652
20653
20654
20655
20656
20657
20658
20659
20660
20661
20662
20663
20664
20667
20668
20671
20672
20674
20675
20676
20679
20680
20681
20682
20683
20684
20687
20689
20690
20693
20694
20697
20698
20700
20701
20702
20703
20705
20706
20707
20709
20710
20711
20712
20715
20716
20719
20720
20721
20722
20723
20724
20725
20727
20728
20729
20730
20731
20732
20734
20735
20737
20738
20741
20742
20743
20744
20745
20746
20748
20749
20750
20751
20753
20754
20756
20757
20758
20759
20760
20763
20764
20765
20767
20768
20769
20771
20772
20773
20774
20775
20776
20777
20778
20779
20780
20781
20782
20783
20785
20786
20789
20790
20793
20794
20795
20797
20798
20800
20801
20802
20803
20805
20806
20808
20811
20812
20815
20816
20819
20820
20821
20822
20823
20824
20826
20827
20828
20830
20831
20833
20834
20837
20838
20840
20841
20842
20843
20844
20845
20846
20848
20849
20850
20851
20853
20854
20855
20856
20859
20860
20862
20863
20864
20865
20867
20868
20869
20870
20871
20872
20875
20876
20877
20878
20879
20880
20881
20882
20883
20884
20885
20887
20888
20889
20890
20891
20892
20893
20895
20896
20897
20898
20899
20900
20902
20903
20905
20906
20909
20910
20911
20913
20914
20917
20918
20920
20921
20922
20925
20926
20927
20928
20931
20932
20935
20936
20939
20940
20942
20943
20944
20945
20947
20948
20949
20950
20951
20953
20954
20957
20958
20961
20962
20964
20965
20966
20967
20969
20970
20971
20973
20974
20975
20976
20979
20980
20983
20984
20987
20988
20989
20990
20991
20992
20994
20995
20996
20998
20999
21001
21002
21005
21006
21007
21009
21010
21013
21014
21016
21017
21018
21021
21022
21023
21024
21027
21028
21031
21032
21035
21036
21039
21040
21043
21044
21047
21049
21050
21051
21052
21053
21054
21055
21057
21058
21061
21062
21063
21065
21066
21068
21069
21070
21072
21073
21075
21076
21077
21079
21080
21082
21083
21084
21087
21088
21089
21090
21091
21092
21095
21096
21097
21098
21100
21101
21102
21105
21106
21107
21109
21110
21112
21113
21114
21115
21117
21118
21120
21121
21122
21123
21124
21125
21127
21128
21129
21130
21131
21132
21133
21135
21136
21137
21138
21139
21140
21142
21143
21145
21146
21149
21150
21152
21153
21154
21155
21156
21157
21158
21159
21161
21162
21163
21164
21165
21166
21168
21170
21171
21172
21173
21175
21176
21179
21180
21183
21184
21187
21188
21191
21192
21193
21194
21195
21197
21198
21201
21202
21205
21206
21209
21210
21213
21214
21216
21217
21218
21219
21220
21223
21224
21227
21228
21231
21232
21235
21236
21239
21241
21242
21245
21246
21249
21250
21252
21253
21254
21256
21257
21258
21259
21261
21262
21263
21264
21266
21267
21268
21269
21271
21272
21275
21276
21279
21280
21283
21284
21287
21289
21290
21291
21292
21293
21294
21295
21297
21298
21301
21302
21303
21305
21306
21308
21309
21310
21312
21314
21315
21316
21318
21319
21320
21323
21324
21326
21327
21328
21330
21331
21332
21334
21335
21337
21338
21339
21341
21342
21343
21345
21346
21349
21350
21351
21353
21354
21355
21357
21358
21359
21360
21363
21364
21367
21368
21371
21372
21373
21374
21375
21376
21379
21380
21381
21382
21383
21384
21385
21386
21387
21389
21390
21393
21394
21397
21398
21401
21402
21405
21406
21408
21409
21411
21412
21413
21415
21416
21418
21419
21420
21423
21424
21425
21426
21427
21428
21431
21432
21433
21434
21437
21438
21440
21441
21442
21444
21445
21446
21449
21450
21451
21452
21453
21454
21456
21459
21460
21461
21463
21464
21466
21467
21468
21471
21472
21473
21475
21476
21477
21478
21479
21481
21482
21485
21486
21489
21490
21492
21493
21494
21495
21497
21498
21500
21501
21502
21503
21504
21505
21506
21507
21508
21511
21512
21515
21516
21519
21520
21523
21524
21527
21528
21529
21530
21532
21533
21534
21537
21538
21539
21541
21542
21544
21545
21546
21547
21549
21550
21552
21553
21555
21556
21559
21560
21561
21563
21564
21565
21567
21568
21570
21571
21572
21573
21575
21577
21578
21580
21581
21582
21585
21586
21587
21589
21590
21592
21593
21594
21596
21597
21598
21599
21601
21602
21605
21606
21607
21609
21610
21613
21614
21616
21617
21618
21621
21622
21623
21624
21625
21626
21627
21628
21629
21631
21632
21633
21634
21635
21636
21637
21639
21640
21641
21642
21643
21644
21646
21647
21648
21649
21650
21653
21654
21655
21657
21658
21660
21661
21662
21663
21665
21666
21667
21668
21669
21670
21672
21674
21675
21676
21679
21680
21682
21683
21684
21686
21687
21688
21689
21690
21691
21692
21694
21695
21697
21698
21699
21701
21702
21705
21706
21707
21709
21710
21711
21712
21713
21714
21715
21717
21718
21719
21720
21723
21724
21726
21727
21728
21729
21730
21731
21732
21733
21734
21735
21736
21737
21738
21739
21740
21741
21742
21743
21745
21746
21749
21750
21752
21753
21754
21755
21756
21757
21758
21759
21761
21762
21763
21764
21765
21766
21768
21769
21771
21772
21774
21775
21776
21777
21778
21779
21780
21781
21783
21784
21785
21786
21787
21788
21790
21791
21793
21794
21796
21797
21798
21799
21800
21801
21802
21803
21805
21806
21807
21808
21809
21810
21811
21812
21813
21814
21816
21819
21820
21821
21822
21823
21824
21825
21826
21827
21828
21830
21831
21832
21833
21834
21835
21836
21837
21839
21841
21842
21845
21846
21847
21849
21850
21853
21854
21856
21857
21858
21861
21862
21863
21864
21867
21868
21871
21872
21873
21874
21875
21876
21877
21879
21880
21881
21882
21883
21884
21886
21887
21888
21889
21890
21891
21892
21893
21894
21895
21897
21898
21901
21902
21904
21905
21906
21909
21910
21911
21912
21913
21914
21915
21916
21917
21919
21920
21922
21923
21924
21925
21927
21928
21931
21932
21933
21935
21936
21937
21938
21939
21940
21941
21942
21945
21946
21947
21948
21949
21950
21953
21954
21956
21957
21958
21960
21961
21963
21964
21967
21968
21971
21972
21973
21975
21976
21978
21979
21980
21983
21984
21985
21986
21987
21988
21989
21990
21991
21993
21994
21997
21998
22000
22001
22002
22005
22006
22007
22008
22010
22011
22012
22013
22015
22016
22019
22020
22023
22024
22027
22028
22031
22033
22034
22035
22036
22037
22038
22041
22042
22043
22045
22046
22049
22050
22051
22053
22054
22055
22056
22058
22059
22060
22061
22063
22064
22066
22067
22068
22071
22072
22074
22075
22076
22078
22079
22081
22082
22084
22085
22086
22089
22090
22093
22094
22096
22097
22098
22100
22101
22102
22104
22105
22106
22107
22108
22109
22111
22112
22114
22115
22116
22117
22119
22120
22123
22124
22125
22127
22128
22129
22130
22131
22133
22134
22137
22138
22141
22142
22145
22146
22149
22150
22152
22153
22155
22156
22157
22159
22160
22161
22163
22164
22167
22168
22171
22172
22173
22174
22175
22176
22177
22178
22179
22181
22182
22183
22185
22186
22189
22190
22193
22194
22195
22196
22197
22198
22200
22203
22204
22205
22207
22208
22211
22212
22215
22216
22217
22219
22220
22221
22223
22224
22225
22226
22227
22228
22229
22230
22233
22234
22235
22236
22237
22238
22241
22242
22244
22245
22246
22248
22249
22250
22251
22252
22255
22256
22259
22260
22263
22264
22267
22268
22271
22272
22273
22274
22276
22277
22278
22280
22281
22282
22285
22286
22289
22290
22292
22293
22294
22295
22296
22297
22298
22299
22300
22302
22303
22304
22307
22308
22311
22312
22314
22315
22316
22317
22319
22320
22323
22324
22326
22327
22328
22329
22330
22331
22332
22333
22334
22335
22336
22337
22338
22339
22340
22341
22342
22343
22345
22346
22349
22350
22351
22353
22354
22357
22358
22360
22361
22362
22365
22366
22367
22368
22369
22371
22372
22375
22376
22379
22380
22381
22383
22384
22386
22387
22388
22391
22393
22394
22396
22397
22398
22401
22402
22405
22406
22408
22409
22410
22412
22413
22414
22416
22419
22420
22421
22423
22424
22427
22428
22431
22432
22433
22435
22436
22437
22439
22441
22442
22445
22446
22447
22449
22450
22453
22454
22456
22457
22458
22461
22462
22463
22464
22467
22468
22471
22472
22473
22474
22475
22476
22477
22479
22480
22481
22482
22483
22484
22486
22487
22488
22489
22490
22491
22492
22493
22494
22495
22497
22498
22501
22502
22504
22505
22506
22509
22510
22511
22512
22513
22514
22515
22516
22517
22519
22520
22522
22523
22524
22525
22527
22528
22531
22532
22533
22535
22536
22537
22538
22539
22540
22541
22542
22545
22546
22547
22548
22549
22550
22553
22554
22556
22557
22558
22560
22561
22562
22563
22564
22565
22567
22568
22569
22570
22571
22572
22573
22575
22576
22577
22578
22579
22580
22582
22583
22585
22586
22589
22590
22592
22593
22594
22595
22596
22597
22598
22599
22601
22602
22603
22604
22605
22606
22608
22610
22611
22612
22613
22615
22616
22619
22620
22623
22624
22627
22628
22631
22632
22633
22634
22635
22637
22638
22641
22642
22645
22646
22649
22650
22653
22654
22656
22657
22658
22659
22660
22663
22664
22667
22668
22671
22672
22675
22676
22679
22680
22681
22682
22685
22686
22687
22689
22690
22692
22693
22694
22695
22697
22698
22699
22700
22701
22702
22704
22705
22707
22708
22710
22711
22712
22713
22714
22715
22716
22717
22719
22720
22721
22722
22723
22724
22726
22727
22728
22729
22730
22731
22732
22733
22734
22735
22737
22738
22741
22742
22744
22745
22746
22749
22750
22751
22752
22753
22755
22756
22757
22759
22760
22761
22763
22764
22767
22768
22771
22772
22773
22774
22775
22776
22777
22778
22780
22781
22782
22784
22785
22786
22789
22790
22793
22794
22796
22797
22798
22799
22800
22802
22803
22804
22807
22808
22810
22811
22812
22814
22815
22816
22817
22818
22819
22820
22822
22823
22825
22826
22828
22829
22830
22831
22832
22833
22834
22835
22837
22838
22839
22840
22841
22842
22843
22844
22845
22846
22848
22849
22850
22851
22852
22853
22855
22856
22858
22859
22860
22861
22863
22864
22867
22868
22869
22871
22873
22874
22875
22876
22877
22878
22881
22882
22883
22885
22886
22889
22890
22891
22893
22894
22895
22896
22897
22898
22899
22900
22902
22903
22904
22907
22908
22911
22912
22914
22915
22916
22917
22919
22921
22922
22923
22925
22926
22929
22930
22931
22933
22934
22935
22936
22937
22938
22939
22941
22942
22943
22944
22947
22948
22949
22950
22951
22952
22953
22954
22955
22956
22958
22959
22960
22961
22962
22963
22964
22965
22967
22968
22969
22970
22971
22972
22973
22974
22977
22978
22979
22980
22981
22982
22985
22986
22988
22989
22990
22992
22994
22995
22996
22997
22999
23000
23002
23003
23004
23007
23008
23010
23011
23012
23014
23015
23016
23017
23018
23019
23021
23022
23023
23025
23026
23029
23030
23033
23034
23035
23036
23037
23038
23041
23042
23045
23046
23047
23049
23050
23053
23054
23055
23057
23058
23060
23061
23062
23064
23065
23067
23068
23070
23071
23072
23075
23076
23077
23078
23079
23080
23081
23082
23083
23084
23085
23086
23087
23089
23090
23093
23094
23097
23098
23100
23101
23102
23104
23105
23106
23107
23109
23110
23111
23112
23115
23116
23117
23119
23120
23123
23124
23125
23127
23128
23129
23130
23131
23132
23133
23135
23137
23138
23140
23141
23142
23145
23146
23148
23149
23150
23152
23153
23154
23155
23156
23157
23158
23160
23161
23163
23164
23167
23168
23171
23172
23173
23175
23176
23178
23179
23180
23183
23184
23185
23186
23187
23188
23189
23190
23191
23193
23194
23197
23198
23200
23201
23202
23205
23206
23207
23208
23210
23211
23212
23213
23215
23216
23219
23220
23223
23224
23227
23228
23231
23233
23234
23235
23236
23237
23238
23241
23242
23243
23245
23246
23249
23250
23251
23253
23254
23255
23256
23258
23259
23260
23261
23263
23264
23266
23267
23268
23271
23272
23274
23275
23276
23278
23279
23281
23282
23285
23286
23289
23290
23292
23293
23294
23296
23297
23298
23299
23301
23302
23303
23304
23306
23307
23308
23309
23311
23312
23315
23316
23319
23320
23323
23324
23327
23329
23330
23331
23332
23333
23334
23335
23337
23338
23341
23342
23343
23345
23346
23348
23349
23350
23352
23354
23355
23356
23358
23359
23360
23363
23364
23366
23367
23368
23370
23371
23372
23374
23375
23377
23378
23379
23381
23382
23383
23385
23386
23389
23390
23391
23393
23394
23395
23397
23398
23399
23400
23401
23403
23404
23406
23407
23408
23411
23412
23413
23414
23415
23416
23418
23419
23420
23421
23423
23424
23425
23426
23427
23428
23429
23430
23431
23433
23434
23437
23438
23440
23441
23442
23445
23446
23447
23448
23449
23451
23452
23454
23455
23456
23457
23458
23459
23460
23461
23463
23464
23465
23466
23467
23468
23470
23471
23473
23474
23475
23476
23477
23478
23481
23482
23485
23486
23487
23489
23490
23492
23493
23494
23495
23496
23498
23499
23500
23501
23503
23504
23507
23508
23510
23511
23512
23515
23516
23517
23518
23519
23521
23522
23524
23525
23526
23527
23529
23530
23533
23534
23537
23538
23539
23541
23542
23543
23544
23545
23547
23548
23549
23551
23552
23555
23556
23559
23560
23561
23562
23563
23564
23565
23567
23569
23570
23571
23572
23573
23574
23577
23578
23581
23582
23583
23585
23586
23588
23589
23590
23591
23592
23594
23595
23596
23598
23599
23600
23603
23604
23606
23607
23608
23610
23611
23612
23614
23615
23616
23617
23618
23619
23620
23621
23622
23624
23625
23626
23627
23628
23629
23630
23631
23633
23634
23635
23636
23637
23638
23640
23643
23644
23645
23646
23647
23648
23651
23652
23655
23656
23658
23659
23660
23662
23663
23664
23665
23666
23668
23669
23670
23673
23674
23677
23678
23680
23681
23682
23683
23684
23685
23686
23688
23690
23691
23692
23693
23695
23696
23699
23700
23702
23703
23704
23707
23708
23709
23710
23711
23713
23714
23715
23717
23718
23719
23721
23722
23725
23726
23727
23729
23730
23731
23733
23734
23735
23736
23737
23738
23739
23740
23741
23743
23744
23745
23746
23747
23748
23749
23750
23751
23752
23754
23755
23756
23757
23759
23760
23763
23764
23767
23768
23770
23771
23772
23775
23776
23777
23778
23779
23780
23783
23785
23786
23788
23789
23790
23792
23793
23794
23796
23797
23798
23799
23800
23801
23802
23803
23804
23805
23806
23807
23808
23811
23812
23815
23816
23819
23820
23821
23822
23823
23824
23827
23828
23829
23830
23831
23833
23834
23835
23837
23838
23841
23842
23845
23846
23847
23848
23849
23850
23852
23853
23854
23855
23856
23857
23859
23860
23863
23864
23867
23868
23869
23870
23871
23872
23874
23875
23876
23878
23879
23881
23882
23884
23885
23886
23889
23890
23893
23894
23896
23897
23898
23900
23901
23902
23904
23905
23906
23907
23908
23909
23911
23912
23914
23915
23916
23917
23919
23920
23923
23924
23925
23927
23928
23929
23930
23931
23933
23934
23937
23938
23941
23942
23945
23946
23949
23950
23952
23953
23955
23956
23957
23959
23960
23961
23963
23964
23967
23968
23971
23972
23973
23974
23975
23976
23977
23978
23979
23981
23982
23983
23985
23986
23989
23990
23993
23994
23995
23996
23997
23998
24000
24003
24004
24007
24008
24011
24012
24013
24014
24015
24016
24019
24020
24021
24022
24023
24024
24025
24026
24027
24029
24030
24033
24034
24037
24038
24041
24042
24045
24046
24048
24049
24051
24052
24053
24055
24056
24058
24059
24060
24063
24064
24065
24066
24067
24068
24071
24072
24073
24074
24077
24078
24080
24081
24082
24084
24085
24086
24089
24090
24091
24092
24093
24094
24096
24099
24100
24101
24103
24104
24106
24107
24108
24111
24112
24113
24115
24116
24117
24118
24119
24121
24122
24124
24125
24126
24128
24129
24130
24132
24133
24134
24136
24137
24138
24140
24141
24142
24143
24144
24145
24146
24147
24148
24149
24151
24152
24154
24155
24156
24157
24159
24160
24163
24164
24165
24167
24169
24170
24172
24173
24174
24175
24176
24177
24178
24179
24181
24182
24183
24184
24185
24186
24187
24188
24189
24190
24192
24193
24195
24196
24197
24199
24200
24203
24204
24207
24208
24209
24210
24211
24212
24213
24215
24216
24217
24218
24219
24221
24222
24225
24226
24228
24229
24230
24233
24234
24235
24237
24238
24239
24240
24241
24243
24244
24247
24248
24250
24251
24252
24255
24256
24259
24260
24261
24262
24263
24265
24266
24267
24268
24269
24270
24273
24274
24277
24278
24279
24281
24282
24284
24285
24286
24287
24288
24289
24291
24292
24293
24295
24296
24299
24300
24303
24304
24305
24306
24307
24308
24309
24311
24312
24313
24314
24317
24318
24320
24321
24322
24324
24325
24326
24329
24330
24331
24332
24333
24334
24336
24337
24338
24339
24340
24341
24342
24343
24344
24345
24347
24348
24350
24351
24352
24353
24354
24355
24356
24358
24359
24361
24362
24363
24365
24366
24368
24369
24370
24373
24374
24377
24378
24379
24380
24381
24382
24384
24385
24386
24387
24388
24391
24392
24395
24396
24397
24399
24400
24402
24403
24404
24406
24407
24408
24409
24410
24411
24413
24414
24417
24418
24420
24421
24422
24425
24426
24427
24429
24430
24431
24432
24435
24436
24437
24439
24440
24442
24443
24444
24447
24448
24449
24451
24452
24453
24454
24455
24456
24457
24458
24459
24460
24461
24462
24463
24465
24466
24467
24468
24469
24470
24472
24473
24474
24476
24477
24478
24479
24481
24482
24485
24486
24489
24490
24491
24493
24494
24496
24497
24498
24499
24501
24502
24504
24507
24508
24509
24511
24512
24513
24515
24516
24517
24518
24519
24520
24521
24522
24523
24524
24525
24526
24527
24529
24530
24533
24534
24537
24538
24540
24541
24542
24543
24545
24546
24548
24549
24550
24551
24552
24554
24555
24556
24559
24560
24563
24564
24566
24567
24568
24569
24571
24572
24573
24574
24575
24576
24577
24578
24581
24582
24585
24586
24588
24589
24590
24591
24593
24594
24595
24597
24598
24599
24600
24603
24604
24605
24607
24608
24611
24612
24615
24616
24617
24619
24620
24621
24623
24624
24625
24626
24627
24628
24629
24630
24633
24634
24635
24636
24637
24638
24641
24642
24644
24645
24646
24648
24649
24650
24651
24652
24655
24656
24659
24660
24663
24664
24667
24668
24671
24672
24673
24674
24676
24677
24678
24680
24681
24682
24685
24686
24689
24690
24692
24693
24694
24695
24696
24697
24698
24699
24700
24702
24703
24704
24707
24708
24711
24712
24714
24715
24716
24717
24719
24721
24722
24725
24726
24729
24730
24732
24733
24734
24735
24737
24738
24740
24741
24742
24743
24744
24745
24746
24747
24748
24751
24752
24755
24756
24759
24760
24763
24764
24767
24768
24769
24770
24772
24773
24774
24777
24778
24779
24781
24782
24784
24785
24786
24787
24789
24790
24792
24793
24795
24796
24799
24800
24801
24803
24804
24805
24807
24808
24810
24811
24812
24813
24815
24817
24818
24820
24821
24822
24825
24826
24827
24829
24830
24832
24833
24834
24836
24837
24838
24839
24840
24843
24844
24845
24847
24848
24849
24851
24852
24853
24855
24856
24857
24859
24860
24861
24862
24863
24864
24865
24866
24867
24868
24869
24870
24873
24874
24875
24876
24877
24878
24881
24882
24884
24885
24886
24888
24891
24892
24893
24894
24895
24896
24897
24898
24899
24900
24902
24903
24904
24905
24906
24907
24908
24909
24911
24912
24913
24914
24916
24917
24918
24921
24922
24925
24926
24928
24929
24930
24931
24932
24933
24934
24936
24937
24938
24939
24940
24943
24944
24947
24948
24949
24951
24952
24954
24955
24956
24958
24959
24960
24961
24962
24965
24966
24969
24970
24971
24973
24974
24977
24978
24980
24981
24982
24983
24984
24986
24987
24988
24989
24991
24992
24995
24996
24998
24999
25000
25003
25004
25005
25006
25007
25008
25009
25010
25012
25013
25014
25017
25018
25021
25022
25024
25025
25026
25027
25028
25029
25030
25032
25033
25035
25036
25039
25040
25041
25043
25044
25045
25047
25048
25050
25051
25052
25053
25055
25056
25057
25058
25059
25060
25061
25062
25063
25064
25065
25066
25069
25070
25071
25072
25073
25074
25075
25077
25078
25079
25080
25082
25083
25084
25087
25088
25089
25091
25092
25095
25096
25098
25099
25100
25101
25103
25104
25105
25106
25107
25109
25110
25113
25114
25116
25117
25118
25121
25122
25123
25125
25126
25127
25128
25129
25130
25131
25132
25135
25136
25139
25140
25141
25143
25144
25146
25147
25148
25150
25151
25153
25154
25156
25157
25158
25161
25162
25163
25165
25166
25168
25169
25170
25172
25173
25174
25175
25176
25177
25178
25179
25180
25181
25182
25183
25184
25186
25187
25188
25189
25191
25192
25193
25195
25196
25197
25198
25199
25200
25201
25203
25204
25207
25208
25211
25212
25213
25215
25216
25217
25218
25219
25220
25222
25223
25225
25226
25229
25230
25231
25233
25234
25236
25237
25238
25240
25241
25242
25243
25245
25246
25247
25248
25249
25251
25252
25254
25255
25256
25257
25258
25259
25260
25263
25264
25265
25267
25268
25270
25271
25273
25274
25275
25276
25277
25278
25281
25282
25283
25284
25285
25286
25288
25289
25290
25292
25293
25294
25295
25296
25298
25299
25300
25301
25303
25304
25306
25307
25308
25309
25311
25312
25313
25315
25316
25317
25318
25319
25321
25322
25325
25326
25327
25329
25330
25332
25333
25334
25336
25337
25338
25339
25341
25342
25343
25344
25345
25347
25348
25351
25352
25355
25356
25359
25360
25361
25363
25364
25366
25367
25369
25370
25373
25374
25376
25377
25378
25379
25381
25382
25385
25386
25389
25390
25392
25394
25395
25396
25397
25399
25400
25403
25404
25407
25408
25409
25411
25412
25415
25417
25418
25419
25420
25421
25422
25425
25426
25429
25430
25432
25433
25434
25437
25438
25440
25441
25443
25444
25447
25448
25451
25452
25453
25455
25456
25457
25458
25459
25460
25462
25463
25464
25465
25466
25467
25468
25469
25470
25472
25473
25474
25475
25477
25478
25479
25480
25481
25482
25484
25485
25486
25487
25488
25489
25491
25492
25495
25496
25497
25498
25499
25500
25503
25504
25507
25508
25511
25513
25514
25516
25517
25518
25521
25522
25525
25526
25529
25530
25532
25533
25534
25535
25536
25539
25540
25541
25543
25544
25547
25548
25551
25552
25555
25556
25557
25558
25559
25560
25561
25562
25563
25564
25565
25566
25567
25569
25570
25573
25574
25576
25577
25578
25581
25582
25583
25584
25585
25587
25588
25591
25592
25593
25594
25595
25596
25599
25600
25603
25604
25607
25609
25610
25613
25614
25616
25617
25618
25619
25621
25622
25625
25626
25629
25630
25632
25633
25635
25636
25637
25639
25640
25641
25642
25643
25644
25647
25648
25651
25652
25653
25654
25655
25656
25657
25658
25660
25661
25662
25664
25665
25666
25667
25669
25670
25673
25674
25676
25677
25678
25679
25680
25683
25684
25685
25687
25688
25689
25690
25691
25692
25694
25695
25696
25697
25698
25699
25700
25702
25703
25705
25706
25708
25709
25710
25713
25714
25717
25718
25721
25722
25724
25725
25726
25727
25728
25730
25731
25732
25733
25735
25736
25739
25740
25743
25744
25745
25747
25748
25751
25753
25754
25755
25756
25757
25758
25761
25762
25765
25766
25767
25768
25769
25770
25772
25773
25774
25775
25776
25777
25778
25779
25780
25783
25784
25785
25786
25787
25788
25790
25791
25792
25793
25795
25796
25799
25801
25802
25804
25805
25806
25808
25809
25810
25811
25813
25814
25815
25816
25817
25818
25819
25821
25822
25823
25824
25827
25828
25829
25831
25832
25835
25836
25839
25840
25843
25844
25845
25846
25847
25849
25850
25851
25852
25853
25854
25857
25858
25861
25862
25864
25865
25866
25869
25870
25872
25874
25875
25876
25877
25879
25880
25883
25884
25886
25887
25888
25889
25891
25892
25893
25894
25895
25896
25897
25898
25899
25901
25902
25904
25905
25906
25907
25909
25910
25911
25912
25913
25914
25917
25918
25921
25922
25925
25926
25927
25929
25930
25932
25933
25934
25936
25937
25938
25939
25941
25942
25943
25944
25945
25947
25948
25951
25952
25955
25956
25959
25960
25961
25963
25964
25966
25967
25969
25970
25973
25974
25976
25977
25978
25979
25981
25982
25985
25986
25989
25990
25992
25994
25995
25996
25997
25999
26000
26003
26004
26007
26008
26009
26011
26012
26015
26017
26018
26019
26020
26021
26022
26025
26026
26029
26030
26032
26033
26034
26037
26038
26040
26041
26043
26044
26047
26048
26051
26052
26055
26056
26057
26059
26060
26062
26063
26065
26066
26069
26070
26073
26074
26077
26078
26081
26082
26085
26086
26088
26089
26091
26092
26095
26096
26097
26098
26099
26100
26101
26103
26104
26106
26107
26108
26111
26113
26114
26116
26117
26118
26119
26121
26122
26125
26126
26129
26130
26131
26132
26133
26134
26135
26136
26139
26140
26141
26142
26143
26144
26147
26148
26151
26152
26154
26155
26156
26157
26158
26159
26161
26162
26165
26166
26167
26169
26170
26172
26173
26174
26176
26177
26178
26179
26181
26182
26183
26184
26186
26187
26188
26189
26191
26192
26193
26194
26195
26196
26198
26199
26200
26203
26204
26205
26207
26209
26210
26213
26214
26217
26218
26220
26221
26222
26225
26226
26227
26229
26230
26232
26235
26236
26238
26239
26240
26243
26244
26245
26247
26248
26251
26252
26255
26257
26258
26261
26262
26263
26265
26266
26268
26269
26270
26273
26274
26277
26278
26280
26282
26283
26284
26285
26287
26288
26291
26292
26295
26296
26299
26300
26303
26305
26306
26309
26310
26313
26314
26316
26317
26318
26321
26322
26323
26325
26326
26328
26329
26331
26332
26335
26336
26337
26338
26339
26340
26341
26343
26344
26346
26347
26348
26351
26352
26353
26354
26356
26357
26358
26360
26361
26362
26364
26365
26366
26369
26370
26373
26374
26376
26377
26379
26380
26381
26383
26384
26385
26387
26388
26389
26391
26392
26395
26396
26399
26401
26402
26405
26406
26408
26409
26410
26411
26413
26414
26416
26417
26418
26421
26422
26424
26427
26428
26430
26431
26432
26435
26436
26437
26439
26440
26443
26444
26447
26449
26450
26452
26453
26454
26455
26457
26458
26461
26462
26465
26466
26467
26468
26469
26470
26471
26472
26474
26475
26476
26477
26478
26479
26480
26483
26484
26486
26487
26488
26491
26492
26495
26497
26498
26501
26502
26505
26506
26509
26510
26513
26514
26515
26516
26517
26518
26519
26520
26523
26524
26527
26528
26529
26530
26531
26532
26535
26536
26537
26539
26540
26543
26545
26546
26549
26550
26551
26553
26554
26556
26557
26558
26561
26562
26565
26566
26568
26571
26572
26573
26574
26575
26576
26579
26580
26583
26584
26586
26587
26588
26589
26590
26591
26593
26594
26595
26596
26597
26598
26599
26601
26602
26605
26606
26607
26609
26610
26613
26614
26616
26619
26620
26623
26624
26627
26628
26631
26632
26634
26635
26636
26637
26638
26639
26640
26641
26643
26644
26647
26648
26651
26652
26655
26656
26657
26659
26660
26662
26663
26665
26666
26669
26670
26671
26673
26674
26676
26677
26678
26680
26681
26682
26683
26685
26686
26687
26688
26689
26691
26692
26694
26695
26696
26697
26698
26699
26700
26703
26704
26707
26708
26711
26713
26714
26716
26717
26718
26721
26722
26724
26725
26726
26728
26729
26730
26732
26733
26734
26735
26736
26739
26740
26741
26743
26744
26747
26748
26749
26751
26752
26753
26755
26756
26757
26758
26759
26760
26761
26762
26763
26764
26765
26766
26768
26769
26770
26771
26773
26774
26775
26776
26777
26778
26780
26781
26782
26783
26784
26786
26787
26788
26789
26791
26792
26793
26794
26795
26796
26798
26799
26800
26803
26804
26805
26807
26808
26809
26810
26811
26812
26813
26814
26815
26817
26818
26821
26822
26823
26824
26825
26826
26828
26829
26830
26831
26832
26833
26835
26836
26837
26839
26840
26841
26842
26843
26844
26846
26847
26848
26850
26851
26852
26853
26854
26855
26856
26857
26858
26860
26861
26862
26864
26865
26866
26867
26869
26870
26871
26873
26874
26875
26876
26877
26878
26879
26880
26881
26883
26884
26887
26888
26891
26892
26895
26896
26897
26899
26900
26902
26903
26905
26906
26907
26908
26909
26910
26913
26914
26917
26918
26921
26922
26925
26926
26928
26929
26931
26932
26934
26935
26936
26939
26940
26941
26943
26944
26945
26946
26947
26948
26950
26951
26953
26954
26957
26958
26959
26961
26962
26963
26964
26965
26966
26969
26970
26971
26972
26973
26974
26976
26979
26980
26982
26983
26984
26986
26987
26988
26989
26991
26992
26994
26995
26996
26997
26999
27001
27002
27003
27004
27005
27006
27007
27009
27010
27013
27014
27017
27018
27021
27022
27024
27025
27027
27028
27030
27031
27032
27035
27036
27037
27039
27040
27041
27042
27043
27044
27046
27047
27049
27050
27053
27054
27057
27058
27060
27061
27062
27065
27066
27067
27069
27070
27072
27075
27076
27077
27079
27080
27083
27084
27085
27087
27088
27089
27090
27091
27092
27093
27095
27097
27098
27100
27101
27102
27105
27106
27108
27109
27110
27112
27113
27114
27115
27116
27117
27118
27120
27123
27124
27127
27128
27130
27131
27132
27135
27136
27138
27139
27140
27142
27143
27145
27146
27149
27150
27151
27153
27154
27155
27156
27157
27158
27161
27162
27163
27164
27165
27166
27168
27171
27172
27174
27175
27176
27179
27180
27181
27183
27184
27187
27188
27191
27193
27194
27197
27198
27199
27201
27202
27203
27205
27206
27207
27208
27209
27210
27211
27213
27214
27216
27217
27219
27220
27222
27223
27224
27226
27227
27228
27229
27231
27232
27235
27236
27239
27241
27242
27245
27246
27249
27250
27251
27253
27254
27257
27258
27259
27261
27262
27263
27264
27267
27268
27270
27271
27272
27274
27275
27276
27277
27279
27280
27282
27283
27284
27285
27287
27289
27290
27293
27294
27295
27297
27298
27300
27301
27302
27305
27306
27309
27310
27312
27315
27316
27318
27319
27320
27322
27323
27324
27326
27327
27328
27329
27330
27331
27332
27335
27336
27337
27338
27341
27342
27343
27345
27346
27347
27348
27349
27350
27353
27354
27357
27358
27360
27361
27362
27363
27364
27365
27366
27368
27369
27370
27371
27373
27374
27375
27376
27377
27378
27380
27381
27382
27383
27384
27385
27387
27388
27391
27392
27395
27396
27399
27400
27401
27403
27404
27406
27407
27409
27410
27411
27412
27413
27414
27415
27417
27418
27421
27422
27425
27426
27429
27430
27432
27435
27436
27439
27440
27442
27443
27444
27447
27448
27450
27451
27452
27454
27455
27457
27458
27461
27462
27465
27466
27467
27469
27470
27473
27474
27475
27477
27478
27479
27480
27481
27483
27484
27487
27488
27491
27492
27495
27496
27497
27499
27500
27502
27503
27505
27506
27507
27508
27509
27510
27513
27514
27517
27518
27521
27522
27525
27526
27528
27529
27531
27532
27534
27535
27536
27539
27540
27541
27543
27544
27545
27546
27547
27548
27550
27551
27553
27554
27557
27558
27559
27561
27562
27563
27564
27565
27566
27569
27570
27571
27572
27573
27574
27576
27579
27580
27582
27583
27584
27586
27587
27588
27589
27591
27592
27594
27595
27596
27597
27599
27601
27602
27605
27606
27607
27609
27610
27612
27613
27614
27616
27617
27618
27619
27621
27622
27623
27624
27626
27627
27628
27629
27631
27632
27633
27634
27635
27636
27638
27639
27640
27643
27644
27645
27647
27649
27650
27653
27654
27657
27658
27660
27661
27662
27665
27666
27667
27669
27670
27672
27675
27676
27678
27679
27680
27683
27684
27685
27687
27688
27691
27692
27695
27697
27698
27701
27702
27703
27705
27706
27708
27709
27710
27713
27714
27717
27718
27720
27721
27723
27724
27726
27727
27728
27729
27730
27731
27732
27735
27736
27739
27740
27743
27744
27745
27746
27747
27748
27749
27750
27751
27753
27754
27757
27758
27759
27760
27761
27762
27764
27765
27766
27767
27768
27769
27771
27772
27774
27775
27776
27779
27780
27781
27783
27784
27785
27786
27787
27788
27790
27791
27793
27794
27797
27798
27799
27801
27802
27803
27805
27806
27807
27808
27809
27810
27811
27813
27814
27816
27819
27820
27822
27823
27824
27826
27827
27828
27830
27831
27832
27833
27834
27835
27836
27839
27841
27842
27844
27845
27846
27849
27850
27852
27853
27854
27856
27857
27858
27860
27861
27862
27863
27864
27865
27867
27868
27869
27871
27872
27873
27874
27875
27876
27878
27879
27880
27882
27883
27884
27885
27886
27887
27889
27890
27893
27894
27895
27897
27898
27899
27900
27901
27902
27905
27906
27907
27908
27909
27910
27912
27915
27916
27917
27919
27920
27923
27924
27925
27927
27928
27929
27930
27931
27932
27933
27935
27936
27937
27938
27941
27942
27943
27945
27946
27947
27948
27949
27950
27953
27954
27957
27958
27960
27963
27964
27965
27967
27968
27971
27972
27973
27975
27976
27977
27979
27980
27981
27982
27983
27984
27985
27986
27988
27989
27990
27992
27993
27994
27995
27997
27998
27999
28001
28002
28003
28004
28005
28006
28007
28008
28011
28012
28014
28015
28016
28018
28019
28020
28021
28023
28024
28026
28027
28028
28029
28031
28033
28034
28036
28037
28038
28041
28042
28044
28045
28046
28048
28049
28050
28051
28052
28053
28054
28056
28057
28059
28060
28062
28063
28064
28066
28067
28068
28069
28071
28072
28075
28076
28079
28080
28081
28083
28084
28087
28088
28089
28090
28091
28092
28095
28096
28099
28100
28103
28104
28105
28106
28107
28108
28109
28110
28111
28113
28114
28117
28118
28120
28121
28122
28125
28126
28127
28128
28130
28131
28132
28133
28135
28136
28139
28140
28143
28144
28147
28148
28151
28153
28154
28155
28156
28157
28158
28161
28162
28163
28165
28166
28169
28170
28171
28173
28174
28175
28176
28178
28179
28180
28181
28183
28184
28186
28187
28188
28191
28192
28194
28195
28196
28198
28199
28201
28202
28203
28204
28205
28206
28207
28209
28210
28213
28214
28217
28218
28221
28222
28224
28225
28227
28228
28230
28231
28232
28235
28236
28237
28239
28240
28241
28242
28243
28244
28246
28247
28249
28250
28253
28254
28257
28258
28260
28261
28262
28265
28266
28267
28269
28270
28272
28275
28276
28277
28279
28280
28283
28284
28285
28287
28288
28289
28290
28291
28292
28293
28295
28297
28298
28300
28301
28302
28305
28306
28308
28309
28310
28312
28313
28314
28315
28316
28317
28318
28320
28322
28323
28324
28325
28327
28328
28331
28332
28335
28336
28339
28340
28343
28345
28346
28349
28350
28353
28354
28356
28357
28358
28361
28362
28363
28365
28366
28368
28369
28371
28372
28375
28376
28377
28378
28379
28380
28381
28383
28384
28386
28387
28388
28391
28392
28393
28394
28396
28397
28398
28400
28401
28402
28404
28405
28406
28409
28410
28413
28414
28416
28417
28419
28420
28421
28423
28424
28425
28427
28428
28429
28431
28432
28435
28436
28439
28440
28441
28442
28443
28444
28445
28446
28447
28449
28450
28453
28454
28457
28458
28461
28462
28464
28465
28467
28468
28470
28471
28472
28475
28476
28477
28479
28480
28481
28482
28483
28484
28486
28487
28488
28489
28490
28491
28492
28493
28494
28495
28497
28498
28501
28502
28503
28504
28505
28506
28508
28509
28510
28511
28512
28515
28516
28519
28520
28521
28522
28523
28524
28525
28527
28528
28529
28530
28531
28532
28535
28537
28538
28541
28542
28544
28545
28546
28547
28548
28549
28550
28552
28553
28554
28555
28557
28558
28560
28561
28563
28564
28565
28567
28568
28571
28572
28575
28576
28577
28578
28579
28580
28583
28585
28586
28588
28589
28590
28591
28593
28594
28595
28597
28598
28601
28602
28603
28605
28606
28607
28608
28611
28612
28615
28616
28617
28618
28619
28620
28621
28623
28624
28625
28626
28627
28628
28631
28632
28633
28634
28636
28637
28638
28640
28641
28642
28644
28645
28646
28649
28650
28653
28654
28656
28658
28659
28660
28661
28662
28663
28664
28665
28666
28667
28668
28669
28670
28671
28672
28674
28675
28676
28677
28679
28680
28681
28682
28684
28685
28686
28689
28690
28693
28694
28696
28697
28698
28699
28701
28702
28704
28707
28708
28709
28710
28711
28712
28714
28715
28716
28719
28720
28722
28723
28724
28726
28727
28729
28730
28733
28734
28736
28737
28738
28739
28740
28741
28742
28744
28745
28746
28747
28749
28750
28752
28753
28755
28756
28757
28759
28760
28761
28763
28764
28765
28767
28768
28771
28772
28775
28777
28778
28779
28780
28781
28782
28783
28784
28785
28786
28787
28788
28789
28790
28791
28793
28794
28795
28796
28797
28798
28801
28802
28804
28805
28806
28809
28810
28813
28814
28817
28818
28820
28821
28822
28823
28824
28827
28828
28829
28831
28832
28833
28834
28835
28836
28838
28839
28840
28841
28842
28843
28844
28846
28847
28849
28850
28853
28854
28856
28857
28858
28859
28861
28862
28864
28865
28866
28869
28870
28872
28875
28876
28879
28880
28881
28882
28883
28884
28885
28887
28888
28889
28891
28892
28894
28895
28897
28898
28899
28900
28901
28902
28903
28904
28905
28906
28909
28910
28912
28913
28914
28917
28918
28920
28923
28924
28927
28928
28930
28931
28932
28935
28936
28938
28939
28940
28942
28943
28945
28946
28949
28950
28951
28953
28954
28955
28956
28957
28958
28961
28962
28963
28964
28965
28966
28968
28971
28972
28974
28975
28976
28979
28980
28981
28983
28984
28987
28988
28991
28993
28994
28997
28998
28999
29001
29002
29003
29005
29006
29007
29008
29009
29010
29011
29013
29014
29016
29017
29019
29020
29022
29023
29024
29026
29027
29028
29029
29031
29032
29035
29036
29039
29041
29042
29045
29046
29048
29049
29050
29051
29053
29054
29056
29057
29058
29061
29062
29064
29067
29068
29070
29071
29072
29075
29076
29077
29079
29080
29083
29084
29087
29089
29090
29092
29093
29094
29095
29097
29098
29101
29102
29105
29106
29107
29108
29109
29110
29111
29112
29114
29115
29116
29117
29118
29119
29120
29123
29124
29126
29127
29128
29131
29132
29135
29137
29138
29141
29142
29145
29146
29149
29150
29153
29154
29155
29156
29157
29158
29159
29160
29163
29164
29167
29168
29170
29171
29172
29174
29175
29176
29177
29178
29179
29180
29182
29183
29185
29186
29189
29190
29191
29193
29194
29195
29196
29197
29198
29201
29202
29203
29204
29205
29206
29208
29209
29211
29212
29213
29215
29216
29217
29218
29219
29220
29222
29223
29224
29226
29227
29228
29229
29230
29231
29233
29234
29236
29237
29238
29239
29241
29242
29243
29245
29246
29249
29250
29251
29253
29254
29255
29256
29258
29259
29260
29262
29263
29264
29267
29268
29269
29271
29272
29273
29275
29276
29279
29281
29282
29285
29286
29287
29289
29290
29291
29293
29294
29296
29297
29298
29300
29301
29302
29304
29307
29308
29311
29312
29313
29314
29315
29316
29317
29319
29320
29321
29322
29323
29324
29327
29329
29330
29332
29333
29334
29335
29337
29338
29339
29341
29342
29345
29346
29347
29349
29350
29351
29352
29354
29355
29356
29357
29358
29359
29360
29363
29364
29366
29367
29368
29371
29372
29375
29376
29377
29378
29380
29381
29382
29383
29384
29385
29386
29388
29389
29390
29391
29392
29393
29394
29395
29397
29398
29399
29400
29403
29404
29405
29407
29408
29410
29411
29412
29413
29414
29415
29416
29419
29420
29423
29425
29426
29427
29429
29430
29431
29433
29434
29436
29437
29438
29440
29441
29442
29445
29446
29448
29450
29451
29452
29454
29455
29456
29459
29460
29461
29463
29464
29465
29467
29468
29471
29473
29474
29477
29478
29481
29482
29485
29486
29489
29490
29491
29492
29493
29494
29495
29496
29497
29498
29499
29500
29502
29503
29504
29506
29507
29508
29509
29511
29512
29513
29514
29515
29516
29517
29518
29519
29520
29523
29524
29525
29527
29528
29531
29532
29535
29536
29539
29540
29541
29542
29543
29545
29546
29548
29549
29550
29552
29553
29554
29555
29557
29558
29559
29560
29561
29562
29563
29565
29566
29567
29568
29571
29572
29575
29576
29577
29578
29579
29580
29583
29584
29585
29587
29588
29591
29593
29594
29597
29598
29600
29601
29602
29603
29604
29605
29606
29608
29609
29610
29613
29614
29615
29616
29618
29619
29620
29621
29622
29623
29624
29625
29627
29628
29631
29632
29633
29635
29636
29639
29641
29642
29645
29646
29649
29650
29651
29653
29654
29657
29658
29659
29661
29662
29663
29664
29667
29668
29670
29671
29672
29674
29675
29676
29677
29679
29680
29682
29683
29684
29685
29687
29689
29690
29693
29694
29695
29697
29698
29700
29701
29702
29705
29706
29709
29710
29712
29715
29716
29718
29719
29720
29722
29723
29724
29726
29727
29728
29729
29730
29731
29732
29735
29736
29737
29738
29741
29742
29743
29745
29746
29747
29748
29749
29750
29753
29754
29757
29758
29760
29763
29764
29767
29768
29769
29770
29771
29772
29775
29776
29777
29779
29780
29783
29785
29786
29789
29790
29791
29793
29794
29796
29797
29798
29801
29802
29805
29806
29808
29811
29812
29813
29814
29815
29816
29819
29820
29823
29824
29826
29827
29828
29829
29830
29831
29833
29834
29835
29836
29837
29838
29839
29841
29842
29845
29846
29847
29849
29850
29853
29854
29856
29859
29860
29863
29864
29867
29868
29871
29872
29874
29875
29876
29877
29878
29879
29881
29882
29885
29886
29889
29890
29891
29893
29894
29895
29896
29897
29898
29899
29901
29902
29903
29904
29907
29908
29910
29911
29912
29914
29915
29916
29917
29919
29920
29922
29923
29924
29925
29927
29928
29929
29930
29932
29933
29934
29936
29937
29938
29939
29941
29942
29943
29945
29946
29947
29948
29949
29950
29951
29952
29955
29956
29957
29958
29959
29960
29962
29963
29964
29967
29968
29970
29971
29972
29974
29975
29977
29978
29979
29981
29982
29983
29985
29986
29988
29989
29990
29992
29993
29994
29997
29998
30000
30003
30004
30006
30007
30008
30010
30011
30012
30015
30016
30017
30019
30020
30021
30023
30025
30026
30029
30030
30032
30033
30034
30035
30036
30037
30038
30040
30041
30042
30043
30045
30046
30048
30051
30052
30053
30054
30055
30056
30058
30059
30060
30063
30064
30066
30067
30068
30070
30071
30073
30074
30075
30076
30077
30078
30079
30081
30082
30085
30086
30087
30089
30090
30093
30094
30096
30097
30099
30100
30101
30102
30103
30104
30105
30107
30108
30109
30110
30111
30112
30113
30114
30115
30116
30118
30119
30121
30122
30124
30125
30126
30129
30130
30131
30132
30133
30134
30135
30137
30138
30141
30142
30144
30146
30147
30148
30150
30151
30152
30155
30156
30157
30159
30160
30161
30163
30164
30167
30169
30170
30171
30173
30174
30175
30177
30178
30180
30181
30182
30184
30185
30186
30189
30190
30192
30195
30196
30199
30200
30203
30204
30207
30208
30210
30211
30212
30213
30214
30215
30216
30217
30218
30219
30221
30222
30223
30225
30226
30227
30228
30229
30230
30232
30233
30234
30235
30236
30237
30238
30239
30241
30242
30244
30245
30246
30249
30250
30253
30254
30255
30256
30257
30258
30259
30260
30261
30262
30264
30267
30268
30271
30272
30274
30275
30276
30278
30279
30280
30283
30284
30286
30287
30289
30290
30292
30293
30294
30295
30296
30297
30298
30299
30301
30302
30303
30305
30306
30307
30309
30310
30312
30313
30315
30316
30317
30319
30320
30321
30323
30324
30326
30327
30328
30330
30331
30332
30333
30335
30336
30337
30338
30339
30341
30342
30343
30345
30346
30349
30350
30352
30353
30354
30355
30357
30358
30359
30360
30363
30364
30367
30368
30370
30371
30372
30374
30375
30376
30379
30380
30382
30383
30385
30386
30388
30389
30390
30393
30394
30397
30398
30399
30401
30402
30403
30405
30406
30408
30411
30412
30414
30415
30416
30417
30419
30420
30423
30424
30427
30428
30431
30432
30433
30434
30437
30438
30441
30442
30445
30446
30447
30449
30450
30453
30454
30456
30459
30460
30461
30463
30464
30467
30468
30469
30471
30472
30475
30476
30479
30481
30482
30484
30485
30486
30489
30490
30493
30494
30495
30496
30497
30498
30499
30500
30501
30502
30504
30505
30506
30507
30508
30509
30510
30511
30512
30513
30515
30516
30517
30519
30520
30521
30522
30523
30524
30525
30527
30529
30530
30532
30533
30534
30535
30537
30538
30539
30541
30542
30545
30546
30549
30550
30552
30553
30555
30556
30559
30560
30563
30564
30567
30568
30570
30571
30572
30573
30575
30577
30578
30579
30581
30582
30585
30586
30589
30590
30593
30594
30595
30597
30598
30599
30600
30601
30602
30603
30604
30605
30607
30608
30610
30611
30612
30613
30615
30616
30619
30620
30621
30623
30625
30626
30628
30629
30630
30631
30633
30634
30635
30637
30638
30641
30642
30645
30646
30648
30651
30652
30654
30655
30656
30657
30659
30660
30663
30664
30667
30668
30671
30673
30674
30675
30676
30677
30678
30679
30681
30682
30683
30685
30686
30689
30690
30691
30693
30694
30695
30696
30697
30698
30699
30700
30702
30703
30704
30705
30707
30708
30711
30712
30714
30715
30716
30717
30719
30721
30722
30723
30725
30726
30727
30729
30730
30731
30732
30733
30734
30737
30738
30739
30740
30741
30742
30744
30745
30747
30748
30751
30752
30755
30756
30759
30760
30762
30763
30764
30765
30767
30768
30769
30770
30773
30774
30777
30778
30781
30782
30783
30785
30786
30789
30790
30792
30793
30795
30796
30797
30799
30800
30803
30804
30805
30807
30808
30809
30810
30811
30812
30813
30815
30816
30817
30818
30820
30821
30822
30823
30825
30826
30827
30828
30829
30830
30831
30833
30834
30837
30838
30840
30841
30843
30844
30846
30847
30848
30849
30851
30852
30855
30856
30857
30859
30860
30861
30862
30863
30865
30866
30867
30869
30870
30873
30874
30877
30878
30881
30882
30883
30885
30886
30887
30888
30891
30892
30893
30895
30896
30899
30900
30901
30903
30904
30907
30908
30911
30912
30913
30914
30915
30917
30918
30921
30922
30924
30925
30926
30927
30929
30930
30931
30933
30934
30935
30936
30938
30939
30940
30941
30942
30943
30944
30945
30947
30948
30949
30951
30952
30953
30955
30956
30959
30960
30963
30964
30967
30968
30970
30971
30972
30974
30975
30976
30979
30980
30982
30983
30985
30986
30988
30989
30990
30993
30994
30997
30998
30999
31001
31002
31003
31005
31006
31008
31011
31012
31014
31015
31016
31017
31019
31020
31023
31024
31027
31028
31031
31032
31033
31034
31037
31038
31041
31042
31045
31046
31047
31049
31050
31053
31054
31056
31059
31060
31061
31063
31064
31067
31068
31069
31071
31072
31075
31076
31079
31081
31082
31084
31085
31086
31089
31090
31093
31094
31095
31097
31098
31099
31101
31102
31104
31107
31108
31111
31112
31115
31116
31119
31120
31123
31124
31127
31129
31130
31132
31133
31134
31135
31137
31138
31139
31141
31142
31144
31145
31146
31148
31149
31150
31152
31153
31155
31156
31159
31160
31162
31163
31164
31167
31168
31170
31171
31172
31173
31174
31175
31177
31178
31179
31181
31182
31184
31185
31186
31189
31190
31193
31194
31195
31196
31197
31198
31199
31200
31203
31204
31207
31208
31210
31211
31212
31214
31215
31216
31219
31220
31222
31223
31224
31225
31226
31227
31229
31230
31231
31233
31234
31235
31236
31237
31238
31241
31242
31245
31246
31247
31248
31251
31252
31255
31256
31259
31260
31262
31263
31264
31267
31268
31270
31271
31273
31274
31277
31278
31280
31281
31282
31285
31286
31288
31289
31290
31293
31294
31296
31299
31300
31303
31304
31306
31307
31308
31310
31311
31312
31315
31316
31319
31320
31321
31322
31323
31325
31326
31329
31330
31333
31334
31337
31338
31341
31342
31344
31347
31348
31351
31352
31355
31356
31358
31359
31360
31363
31364
31366
31367
31369
31370
31372
31373
31374
31375
31377
31378
31379
31381
31382
31384
31385
31386
31388
31389
31390
31392
31394
31395
31396
31398
31399
31400
31403
31404
31406
31407
31408
31411
31412
31415
31417
31418
31420
31421
31422
31425
31426
31427
31429
31430
31432
31433
31434
31437
31438
31440
31443
31444
31446
31447
31448
31451
31452
31453
31455
31456
31459
31460
31463
31465
31466
31469
31470
31472
31473
31474
31477
31478
31480
31481
31482
31485
31486
31488
31489
31491
31492
31495
31496
31498
31499
31500
31503
31504
31506
31507
31508
31509
31510
31511
31512
31513
31514
31517
31518
31520
31521
31522
31524
31525
31526
31529
31530
31533
31534
31536
31539
31540
31543
31544
31547
31548
31551
31552
31554
31555
31556
31557
31558
31559
31561
31562
31565
31566
31569
31570
31571
31573
31574
31575
31577
31578
31581
31582
31584
31587
31588
31591
31592
31594
31595
31596
31598
31599
31600
31603
31604
31607
31609
31610
31611
31613
31614
31616
31617
31618
31621
31622
31625
31626
31627
31628
31629
31630
31631
31632
31635
31636
31637
31639
31640
31642
31643
31644
31647
31648
31649
31651
31652
31655
31657
31658
31661
31662
31665
31666
31669
31670
31673
31674
31675
31676
31677
31678
31679
31681
31682
31684
31685
31686
31689
31690
31693
31694
31695
31697
31698
31699
31701
31702
31704
31707
31708
31711
31712
31714
31715
31716
31718
31719
31720
31723
31724
31726
31727
31729
31730
31732
31733
31734
31735
31736
31737
31738
31739
31741
31742
31745
31746
31749
31750
31752
31753
31755
31756
31759
31760
31763
31764
31766
31767
31768
31770
31771
31772
31773
31775
31777
31778
31779
31781
31782
31785
31786
31789
31790
31792
31793
31794
31795
31797
31798
31799
31800
31801
31802
31803
31804
31805
31806
31807
31808
31809
31811
31812
31813
31815
31816
31817
31818
31819
31820
31821
31823
31824
31825
31826
31827
31829
31830
31831
31833
31834
31835
31836
31837
31838
31841
31842
31845
31846
31847
31848
31849
31850
31851
31852
31853
31855
31856
31858
31859
31860
31861
31863
31864
31865
31866
31867
31868
31869
31871
31873
31874
31875
31876
31877
31878
31879
31881
31882
31883
31884
31885
31886
31889
31890
31891
31892
31893
31894
31895
31896
31897
31898
31899
31900
31902
31903
31904
31905
31907
31908
31911
31912
31913
31914
31915
31916
31917
31918
31919
31921
31922
31924
31925
31926
31929
31930
31933
31934
31935
31937
31938
31939
31941
31942
31944
31945
31947
31948
31949
31951
31952
31955
31956
31959
31960
31963
31964
31967
31969
31970
31972
31973
31974
31976
31977
31978
31981
31982
31983
31984
31985
31986
31988
31989
31990
31992
31995
31996
31999
32000
32001
32002
32003
32004
32006
32007
32008
32010
32011
32012
32014
32015
32017
32018
32021
32022
32024
32025
32026
32029
32030
32032
32033
32034
32036
32037
32038
32039
32040
32041
32043
32044
32045
32047
32048
32050
32051
32052
32055
32056
32059
32060
32063
32065
32066
32068
32069
32070
32072
32073
32074
32077
32078
32079
32080
32081
32082
32084
32085
32086
32088
32091
32092
32095
32096
32099
32100
32102
32103
32104
32107
32108
32110
32111
32113
32114
32115
32117
32118
32121
32122
32125
32126
32127
32128
32129
32130
32132
32133
32134
32135
32136
32137
32139
32140
32143
32144
32147
32148
32150
32151
32152
32154
32155
32156
32158
32159
32161
32162
32165
32166
32167
32169
32170
32173
32174
32177
32178
32179
32180
32181
32182
32184
32187
32188
32191
32192
32193
32194
32195
32196
32198
32199
32200
32202
32203
32204
32206
32207
32209
32210
32213
32214
32216
32217
32218
32221
32222
32224
32225
32226
32229
32230
32232
32235
32236
32239
32240
32241
32242
32243
32244
32245
32247
32248
32249
32251
32252
32254
32255
32257
32258
32260
32261
32262
32263
32264
32265
32266
32269
32270
32272
32273
32274
32277
32278
32280
32283
32284
32287
32288
32289
32291
32292
32295
32296
32299
32300
32301
32302
32303
32305
32306
32309
32310
32312
32313
32314
32317
32318
32320
32321
32322
32324
32325
32326
32327
32328
32331
32332
32335
32336
32338
32339
32340
32342
32343
32344
32347
32348
32351
32353
32354
32357
32358
32360
32361
32362
32364
32365
32366
32367
32369
32370
32372
32373
32374
32376
32378
32379
32380
32383
32384
32385
32386
32387
32388
32390
32391
32392
32395
32396
32399
32400
32401
32402
32403
32404
32405
32406
32407
32408
32409
32411
32412
32413
32415
32416
32417
32418
32419
32420
32421
32423
32425
32426
32428
32429
32430
32433
32434
32437
32438
32439
32441
32442
32443
32445
32446
32448
32449
32451
32452
32453
32455
32456
32458
32459
32460
32463
32464
32467
32468
32471
32473
32474
32477
32478
32479
32481
32482
32485
32486
32489
32490
32491
32492
32493
32494
32496
32499
32500
32503
32504
32505
32507
32508
32511
32512
32515
32516
32517
32518
32519
32521
32522
32524
32525
32526
32529
32530
32533
32534
32535
32537
32538
32539
32541
32542
32544
32545
32547
32548
32549
32551
32552
32555
32556
32559
32560
32563
32564
32567
32569
32570
32572
32573
32574
32576
32577
32578
32581
32582
32583
32584
32585
32586
32588
32589
32590
32592
32595
32596
32599
32600
32601
32602
32603
32604
32606
32607
32608
32610
32611
32612
32614
32615
32617
32618
32621
32622
32624
32625
32626
32629
32630
32632
32633
32634
32636
32637
32638
32639
32640
32643
32644
32647
32648
32650
32651
32652
32654
32655
32656
32659
32660
32662
32663
32664
32665
32666
32667
32669
32670
32671
32673
32674
32675
32676
32677
32678
32681
32682
32685
32686
32687
32688
32691
32692
32695
32696
32699
32700
32702
32703
32704
32707
32708
32710
32711
32713
32714
32717
32718
32720
32721
32722
32725
32726
32728
32729
32730
32733
32734
32736
32739
32740
32743
32744
32746
32747
32748
32750
32751
32752
32755
32756
32759
32761
32762
32764
32765
32766
32767
32768
32769
32770
32771
32773
32774
32777
32778
32781
32782
32784
32785
32786
32787
32788
32789
32791
32792
32794
32795
32796
32797
32799
32800
32801
32802
32803
32804
32805
32807
32809
32810
32812
32813
32814
32816
32817
32818
32821
32822
32823
32824
32825
32826
32828
32829
32830
32832
32835
32836
32839
32840
32841
32842
32843
32844
32845
32847
32848
32849
32851
32852
32854
32855
32857
32858
32861
32862
32864
32865
32866
32868
32869
32870
32871
32873
32874
32876
32877
32878
32880
32881
32883
32884
32887
32888
32891
32892
32894
32895
32896
32898
32899
32900
32901
32903
32905
32906
32907
32908
32909
32910
32911
32913
32914
32915
32916
32917
32918
32921
32922
32923
32924
32925
32926
32927
32928
32931
32932
32935
32936
32937
32938
32939
32940
32942
32943
32944
32946
32947
32948
32950
32951
32953
32954
32955
32957
32958
32961
32962
32965
32966
32967
32968
32969
32970
32972
32973
32974
32975
32976
32978
32979
32980
32983
32984
32985
32986
32987
32988
32990
32991
32992
32995
32996
32999
33001
33002
33003
33005
33006
33009
33010
33013
33014
33016
33017
33018
33019
33021
33022
33023
33024
33025
33026
33027
33028
33030
33031
33032
33033
33035
33036
33039
33040
33041
33042
33043
33044
33045
33046
33047
33049
33050
33053
33054
33056
33057
33058
33061
33062
33064
33065
33066
33068
33069
33070
33071
33072
33073
33075
33076
33079
33080
33083
33084
33086
33087
33088
33090
33091
33092
33094
33095
33097
33098
33100
33101
33102
33103
33104
33105
33106
33109
33110
33112
33113
33114
33117
33118
33121
33122
33124
33125
33126
33127
33129
33130
33131
33133
33134
33137
33138
33141
33142
33144
33145
33146
33147
33148
33149
33151
33152
33154
33155
33156
33157
33159
33160
33163
33164
33165
33167
33168
33169
33170
33171
33173
33174
33177
33178
33181
33182
33185
33186
33189
33190
33192
33193
33195
33196
33197
33199
33200
33201
33203
33204
33207
33208
33211
33212
33213
33214
33215
33216
33217
33218
33219
33221
33222
33223
33225
33226
33229
33230
33233
33234
33235
33236
33237
33238
33240
33241
33243
33244
33245
33247
33248
33250
33251
33252
33255
33256
33259
33260
33263
33265
33266
33268
33269
33270
33272
33273
33274
33277
33278
33279
33280
33281
33282
33284
33285
33286
33288
33291
33292
33295
33296
33299
33300
33302
33303
33304
33307
33308
33310
33311
33313
33314
33315
33317
33318
33321
33322
33325
33326
33327
33328
33329
33330
33332
33333
33334
33335
33336
33337
33339
33340
33343
33344
33347
33348
33350
33351
33352
33354
33355
33356
33358
33359
33360
33361
33362
33363
33365
33366
33369
33370
33373
33374
33377
33378
33381
33382
33384
33387
33388
33391
33392
33395
33396
33398
33399
33400
33403
33404
33406
33407
33409
33410
33412
33413
33414
33415
33417
33418
33419
33421
33422
33424
33425
33426
33428
33429
33430
33432
33434
33435
33436
33438
33439
33440
33443
33444
33446
33447
33448
33451
33452
33455
33457
33458
33460
33461
33462
33465
33466
33467
33469
33470
33472
33473
33474
33477
33478
33480
33481
33482
33483
33484
33485
33487
33488
33490
33491
33492
33495
33496
33499
33500
33503
33505
33506
33508
33509
33510
33512
33513
33514
33517
33518
33519
33520
33521
33522
33524
33525
33526
33528
33529
33530
33531
33532
33533
33535
33536
33538
33539
33540
33541
33543
33544
33545
33546
33547
33548
33549
33551
33553
33554
33557
33558
33559
33561
33562
33563
33565
33566
33567
33568
33569
33570
33572
33573
33574
33576
33579
33580
33582
33583
33584
33585
33587
33588
33590
33591
33592
33595
33596
33598
33599
33601
33602
33603
33604
33605
33606
33609
33610
33613
33614
33615
33617
33618
33620
33621
33622
33624
33625
33627
33628
33631
33632
33633
33634
33635
33636
33639
33640
33643
33644
33645
33646
33647
33649
33650
33653
33654
33655
33657
33658
33659
33661
33662
33663
33664
33665
33666
33668
33669
33670
33672
33674
33675
33676
33678
33679
33680
33683
33684
33686
33687
33688
33691
33692
33695
33696
33697
33698
33699
33701
33702
33703
33704
33705
33706
33707
33708
33709
33710
33712
33713
33714
33716
33717
33718
33719
33720
33721
33722
33723
33724
33727
33728
33731
33732
33733
33735
33736
33739
33740
33742
33743
33745
33746
33747
33749
33750
33752
33753
33754
33757
33758
33761
33762
33763
33764
33765
33766
33768
33771
33772
33774
33775
33776
33777
33779
33780
33782
33783
33784
33787
33788
33790
33791
33793
33794
33796
33797
33798
33801
33802
33803
33805
33806
33808
33809
33810
33813
33814
33816
33817
33819
33820
33821
33822
33823
33824
33825
33826
33827
33828
33830
33831
33832
33833
33834
33835
33836
33838
33839
33840
33841
33843
33844
33847
33848
33851
33852
33855
33856
33858
33859
33860
33861
33863
33865
33866
33867
33869
33870
33871
33873
33874
33875
33876
33877
33878
33881
33882
33883
33884
33885
33886
33888
33891
33892
33894
33895
33896
33899
33900
33901
33903
33904
33907
33908
33911
33913
33914
33917
33918
33919
33921
33922
33923
33925
33926
33927
33928
33929
33930
33931
33933
33934
33936
33937
33939
33940
33941
33942
33943
33944
33946
33947
33948
33949
33951
33952
33955
33956
33959
33961
33962
33965
33966
33967
33969
33970
33973
33974
33977
33978
33979
33980
33981
33982
33984
33987
33988
33991
33992
33993
33994
33995
33996
33998
33999
34000
34002
34003
34004
34006
34007
34009
34010
34013
34014
34016
34017
34018
34021
34022
34024
34025
34026
34029
34030
34032
34035
34036
34039
34040
34041
34042
34043
34044
34045
34047
34048
34049
34051
34052
34054
34055
34057
34058
34060
34061
34062
34063
34064
34065
34066
34069
34070
34072
34073
34074
34077
34078
34080
34083
34084
34086
34087
34088
34091
34092
34093
34095
34096
34099
34100
34103
34105
34106
34109
34110
34112
34113
34114
34117
34118
34120
34121
34122
34125
34126
34128
34129
34131
34132
34135
34136
34138
34139
34140
34143
34144
34146
34147
34148
34149
34150
34151
34152
34153
34154
34157
34158
34160
34161
34162
34164
34165
34166
34169
34170
34173
34174
34176
34179
34180
34183
34184
34187
34188
34191
34192
34194
34195
34196
34197
34198
34199
34201
34202
34205
34206
34207
34209
34210
34212
34213
34214
34217
34218
34219
34220
34221
34222
34224
34227
34228
34231
34232
34233
34234
34235
34236
34238
34239
34240
34242
34243
34244
34246
34247
34249
34250
34251
34252
34253
34254
34255
34257
34258
34259
34260
34261
34262
34265
34266
34267
34268
34269
34270
34271
34272
34273
34275
34276
34279
34280
34281
34282
34283
34284
34287
34288
34291
34292
34293
34294
34295
34296
34297
34298
34301
34302
34304
34305
34306
34309
34310
34311
34312
34313
34314
34317
34318
34320
34323
34324
34327
34328
34329
34330
34331
34332
34333
34335
34336
34338
34339
34340
34343
34345
34346
34349
34350
34351
34353
34354
34355
34357
34358
34359
34360
34361
34362
34364
34365
34366
34368
34369
34371
34372
34375
34376
34377
34378
34379
34380
34383
34384
34387
34388
34389
34390
34391
34392
34393
34394
34397
34398
34400
34401
34402
34404
34405
34406
34409
34410
34413
34414
34416
34417
34418
34419
34420
34422
34423
34424
34426
34427
34428
34429
34430
34431
34432
34433
34435
34436
34437
34438
34439
34441
34442
34443
34445
34446
34447
34449
34450
34452
34453
34454
34456
34457
34458
34461
34462
34464
34467
34468
34469
34471
34472
34474
34475
34476
34477
34478
34479
34480
34483
34484
34487
34488
34489
34490
34493
34494
34496
34497
34498
34501
34502
34503
34504
34505
34506
34509
34510
34512
34515
34516
34519
34520
34523
34524
34527
34528
34530
34531
34532
34533
34534
34535
34536
34537
34538
34540
34541
34542
34543
34544
34545
34546
34549
34550
34551
34552
34553
34554
34555
34556
34557
34558
34559
34561
34562
34563
34565
34566
34569
34570
34573
34574
34577
34578
34579
34581
34582
34583
34584
34585
34587
34588
34590
34591
34592
34593
34595
34596
34599
34600
34601
34603
34604
34605
34606
34607
34609
34610
34613
34614
34617
34618
34619
34621
34622
34623
34625
34626
34629
34630
34632
34635
34636
34638
34639
34640
34641
34643
34644
34645
34646
34647
34648
34651
34652
34653
34655
34656
34657
34658
34659
34661
34662
34664
34665
34666
34667
34669
34670
34671
34673
34674
34677
34678
34680
34683
34684
34687
34688
34689
34691
34692
34695
34696
34699
34700
34701
34702
34703
34705
34706
34709
34710
34712
34713
34714
34717
34718
34720
34721
34722
34724
34725
34726
34727
34728
34731
34732
34735
34736
34738
34739
34740
34742
34743
34744
34747
34748
34751
34753
34754
34757
34758
34760
34761
34762
34764
34765
34766
34767
34769
34770
34772
34773
34774
34776
34778
34779
34780
34783
34784
34785
34786
34787
34788
34790
34791
34792
34795
34796
34799
34801
34802
34805
34806
34809
34810
34811
34813
34814
34815
34817
34818
34821
34822
34824
34827
34828
34831
34832
34834
34835
34836
34838
34839
34840
34843
34844
34847
34849
34850
34851
34853
34854
34856
34857
34858
34861
34862
34865
34866
34867
34868
34869
34870
34871
34872
34875
34876
34877
34879
34880
34882
34883
34884
34887
34888
34889
34891
34892
34895
34897
34898
34901
34902
34905
34906
34909
34910
34913
34914
34915
34916
34917
34918
34919
34920
34923
34924
34927
34928
34929
34931
34932
34935
34936
34937
34939
34940
34941
34942
34943
34945
34946
34949
34950
34952
34953
34954
34957
34958
34960
34961
34962
34964
34965
34966
34967
34968
34969
34970
34971
34972
34974
34975
34976
34977
34979
34980
34983
34984
34985
34986
34987
34988
34989
34990
34991
34993
34994
34995
34997
34998
35000
35001
35002
35005
35006
35009
35010
35011
35012
35013
35014
35016
35019
35020
35021
35023
35024
35026
35027
35028
35029
35030
35031
35032
35035
35036
35039
35041
35042
35045
35046
35047
35048
35049
35050
35053
35054
35055
35057
35058
35061
35062
35063
35064
35067
35068
35070
35071
35072
35073
35075
35076
35078
35079
35080
35083
35084
35086
35087
35089
35090
35091
35093
35094
35096
35097
35098
35101
35102
35105
35106
35107
35108
35109
35110
35112
35115
35116
35117
35119
35120
35122
35123
35124
35127
35128
35129
35131
35132
35135
35137
35138
35139
35140
35141
35142
35144
35145
35146
35147
35148
35149
35150
35151
35152
35153
35154
35155
35156
35157
35158
35160
35161
35163
35164
35167
35168
35169
35171
35172
35174
35175
35176
35177
35179
35180
35183
35184
35185
35186
35189
35190
35192
35193
35194
35197
35198
35199
35200
35201
35202
35205
35206
35208
35211
35212
35213
35215
35216
35218
35219
35220
35221
35222
35223
35224
35227
35228
35231
35233
35234
35237
35238
35241
35242
35245
35246
35249
35250
35251
35252
35253
35254
35255
35256
35258
35259
35260
35261
35263
35264
35265
35266
35267
35268
35269
35270
35271
35272
35274
35275
35276
35277
35278
35279
35280
35283
35284
35285
35287
35288
35291
35292
35294
35295
35296
35297
35298
35299
35300
35301
35303
35305
35306
35309
35310
35313
35314
35315
35317
35318
35319
35321
35322
35325
35326
35327
35328
35331
35332
35333
35334
35335
35336
35337
35338
35339
35340
35342
35343
35344
35346
35347
35348
35351
35352
35353
35354
35356
35357
35358
35360
35361
35362
35365
35366
35367
35369
35370
35371
35372
35373
35374
35376
35377
35378
35379
35380
35382
35383
35384
35387
35388
35391
35392
35393
35394
35395
35396
35398
35399
35401
35402
35405
35406
35409
35410
35411
35413
35414
35415
35417
35418
35421
35422
35423
35424
35427
35428
35429
35431
35432
35435
35436
35438
35439
35440
35442
35443
35444
35447
35449
35450
35453
35454
35455
35456
35457
35458
35461
35462
35465
35466
35469
35470
35472
35473
35475
35476
35479
35480
35483
35484
35486
35487
35488
35491
35492
35495
35497
35498
35500
35501
35502
35505
35506
35508
35509
35510
35513
35514
35517
35518
35520
35523
35524
35525
35527
35528
35531
35532
35534
35535
35536
35537
35538
35539
35540
35541
35543
35544
35545
35546
35547
35548
35549
35550
35551
35552
35553
35554
35556
35557
35558
35560
35561
35562
35563
35564
35565
35566
35568
35571
35572
35573
35574
35575
35576
35578
35579
35580
35583
35584
35587
35588
35591
35592
35593
35594
35597
35598
35601
35602
35605
35606
35609
35610
35611
35612
35613
35614
35616
35618
35619
35620
35623
35624
35627
35628
35631
35632
35634
35635
35636
35638
35639
35640
35641
35642
35643
35644
35645
35646
35649
35650
35651
35652
35653
35654
35657
35658
35660
35661
35662
35664
35667
35668
35669
35670
35671
35672
35674
35675
35676
35679
35680
35683
35684
35687
35689
35690
35693
35694
35695
35696
35697
35698
35701
35702
35705
35706
35709
35710
35712
35714
35715
35716
35717
35718
35719
35720
35722
35723
35724
35727
35728
35730
35731
35732
35734
35735
35736
35737
35738
35739
35741
35742
35743
35744
35745
35746
35749
35750
35753
35754
35755
35756
35757
35758
35760
35762
35763
35764
35766
35767
35768
35770
35771
35772
35773
35775
35776
35778
35779
35780
35781
35783
35784
35785
35786
35789
35790
35793
35794
35797
35798
35801
35802
35803
35804
35805
35806
35808
35809
35811
35812
35815
35816
35819
35820
35822
35823
35824
35827
35828
35831
35832
35833
35834
35836
35837
35838
35841
35842
35844
35845
35846
35848
35849
35850
35851
35852
35853
35854
35856
35857
35859
35860
35861
35862
35863
35864
35866
35867
35868
35869
35870
35871
35872
35875
35876
35879
35880
35881
35882
35885
35886
35887
35888
35889
35890
35893
35894
35896
35897
35898
35900
35901
35902
35903
35904
35906
35907
35908
35911
35912
35915
35916
35919
35920
35922
35923
35924
35926
35927
35929
35930
35932
35933
35934
35937
35938
35940
35941
35942
35945
35946
35949
35950
35952
35953
35954
35955
35956
35959
35960
35963
35964
35965
35966
35967
35968
35970
35971
35972
35974
35975
35977
35978
35979
35980
35981
35982
35983
35984
35985
35986
35988
35989
35990
35992
35993
35994
35997
35998
36001
36002
36005
36006
36009
36010
36011
36013
36014
36015
36017
36018
36021
36022
36023
36024
36027
36028
36029
36031
36032
36035
36036
36038
36039
36040
36042
36043
36044
36047
36049
36050
36053
36054
36055
36056
36057
36058
36061
36062
36065
36066
36069
36070
36072
36073
36075
36076
36079
36080
36083
36084
36086
36087
36088
36091
36092
36095
36097
36098
36100
36101
36102
36105
36106
36108
36109
36110
36113
36114
36117
36118
36120
36123
36124
36125
36127
36128
36131
36132
36134
36135
36136
36138
36139
36140
36143
36145
36146
36149
36150
36153
36154
36157
36158
36161
36162
36165
36166
36168
36171
36172
36173
36174
36175
36176
36178
36179
36180
36183
36184
36185
36187
36188
36189
36191
36192
36193
36194
36197
36198
36201
36202
36203
36205
36206
36209
36210
36211
36212
36213
36214
36215
36216
36218
36219
36220
36223
36224
36225
36227
36228
36231
36232
36234
36235
36236
36237
36238
36239
36241
36242
36245
36246
36249
36250
36251
36253
36254
36255
36257
36258
36261
36262
36263
36264
36265
36266
36267
36268
36270
36271
36272
36274
36275
36276
36277
36279
36280
36283
36284
36286
36287
36289
36290
36293
36294
36297
36298
36301
36302
36303
36305
36306
36309
36310
36311
36312
36315
36316
36319
36320
36321
36323
36324
36327
36328
36329
36331
36332
36335
36337
36338
36341
36342
36345
36346
36347
36349
36350
36351
36353
36354
36357
36358
36360
36361
36362
36363
36364
36367
36368
36371
36372
36375
36376
36379
36380
36383
36385
36386
36389
36390
36393
36394
36397
36398
36399
36401
36402
36405
36406
36407
36408
36411
36412
36413
36414
36415
36416
36418
36419
36420
36423
36424
36425
36427
36428
36429
36431
36433
36434
36435
36437
36438
36439
36441
36442
36445
36446
36447
36449
36450
36453
36454
36456
36459
36460
36461
36463
36464
36466
36467
36468
36471
36472
36473
36475
36476
36479
36481
36482
36485
36486
36487
36489
36490
36492
36493
36494
36497
36498
36501
36502
36504
36507
36508
36511
36512
36513
36515
36516
36519
36520
36521
36523
36524
36527
36528
36529
36530
36533
36534
36537
36538
36539
36541
36542
36545
36546
36547
36548
36549
36550
36551
36552
36553
36555
36556
36559
36560
36561
36563
36564
36565
36567
36568
36571
36572
36575
36577
36578
36581
36582
36585
36586
36589
36590
36593
36594
36595
36596
36597
36598
36599
36600
36603
36604
36607
36608
36610
36611
36612
36614
36615
36616
36619
36620
36623
36625
36626
36629
36630
36633
36634
36635
36637
36638
36639
36641
36642
36645
36646
36648
36650
36651
36652
36655
36656
36657
36659
36660
36663
36664
36666
36667
36668
36669
36670
36671
36673
36674
36676
36677
36678
36681
36682
36683
36685
36686
36688
36689
36690
36693
36694
36696
36699
36700
36703
36704
36707
36708
36711
36712
36714
36715
36716
36717
36718
36719
36720
36723
36724
36725
36727
36728
36731
36732
36734
36735
36736
36738
36739
36740
36743
36745
36746
36749
36750
36753
36754
36755
36757
36758
36759
36761
36762
36765
36766
36767
36768
36771
36772
36773
36774
36775
36776
36777
36778
36779
36780
36783
36784
36787
36788
36791
36792
36793
36794
36797
36798
36801
36802
36805
36806
36807
36809
36810
36811
36812
36813
36814
36816
36818
36819
36820
36823
36824
36827
36828
36831
36832
36833
36834
36835
36836
36838
36839
36840
36841
36842
36843
36844
36845
36846
36847
36848
36849
36850
36852
36853
36854
36856
36857
36858
36859
36860
36861
36862
36864
36865
36866
36867
36868
36870
36871
36872
36874
36875
36876
36877
36879
36880
36883
36884
36886
36887
36888
36889
36890
36891
36892
36893
36894
36897
36898
36899
36900
36901
36902
36904
36905
36906
36907
36908
36909
36910
36912
36914
36915
36916
36917
36918
36919
36920
36922
36923
36924
36925
36927
36928
36930
36931
36932
36933
36934
36935
36936
36937
36938
36939
36941
36942
36943
36944
36945
36946
36949
36950
36952
36953
36954
36955
36956
36957
36958
36959
36960
36963
36964
36965
36967
36968
36971
36972
36974
36975
36976
36978
36979
36980
36983
36984
36985
36986
36988
36989
36990
36993
36994
36997
36998
37001
37002
37005
37006
37008
37011
37012
37013
37015
37016
37017
37019
37020
37023
37024
37025
37027
37028
37029
37031
37033
37034
37037
37038
37041
37042
37043
37045
37046
37047
37049
37050
37051
37053
37054
37055
37056
37059
37060
37063
37064
37065
37067
37068
37071
37072
37073
37075
37076
37077
37078
37079
37080
37081
37082
37084
37085
37086
37089
37090
37091
37093
37094
37097
37098
37101
37102
37104
37107
37108
37109
37111
37112
37113
37115
37116
37119
37120
37121
37123
37124
37125
37127
37129
37130
37133
37134
37137
37138
37141
37142
37143
37145
37146
37149
37150
37151
37152
37154
37155
37156
37159
37160
37163
37164
37167
37168
37169
37171
37172
37173
37174
37175
37176
37177
37178
37181
37182
37185
37186
37189
37190
37191
37193
37194
37195
37197
37198
37199
37200
37203
37204
37206
37207
37208
37211
37212
37215
37216
37218
37219
37220
37221
37223
37225
37226
37229
37230
37233
37234
37235
37237
37238
37239
37241
37242
37243
37245
37246
37247
37248
37251
37252
37255
37256
37257
37259
37260
37263
37264
37265
37267
37268
37271
37273
37274
37277
37278
37281
37282
37283
37284
37285
37286
37288
37289
37290
37293
37294
37295
37296
37299
37300
37301
37302
37303
37304
37305
37307
37308
37311
37312
37313
37315
37316
37319
37321
37322
37325
37326
37328
37329
37330
37333
37334
37337
37338
37340
37341
37342
37343
37344
37347
37348
37351
37352
37353
37355
37356
37359
37360
37361
37363
37364
37365
37366
37367
37369
37370
37373
37374
37377
37378
37379
37381
37382
37383
37385
37386
37389
37390
37392
37395
37396
37399
37400
37401
37403
37404
37405
37406
37407
37408
37411
37412
37413
37415
37417
37418
37419
37421
37422
37424
37425
37426
37427
37429
37430
37431
37433
37434
37437
37438
37440
37441
37442
37443
37444
37445
37446
37447
37448
37449
37450
37452
37453
37454
37456
37457
37458
37459
37460
37461
37462
37464
37467
37468
37469
37471
37472
37475
37476
37478
37479
37480
37482
37483
37484
37487
37488
37489
37490
37492
37493
37494
37497
37498
37499
37501
37502
37505
37506
37509
37510
37512
37515
37516
37518
37519
37520
37523
37524
37527
37528
37530
37531
37532
37533
37535
37537
37538
37541
37542
37544
37545
37546
37549
37550
37553
37554
37556
37557
37558
37559
37560
37563
37564
37565
37567
37568
37571
37572
37574
37575
37576
37578
37579
37580
37583
37584
37585
37586
37588
37589
37590
37593
37594
37597
37598
37601
37602
37605
37606
37608
37611
37612
37613
37615
37616
37617
37619
37620
37623
37624
37625
37627
37628
37629
37631
37633
37634
37637
37638
37641
37642
37643
37645
37646
37647
37649
37650
37651
37653
37654
37655
37656
37659
37660
37663
37664
37665
37667
37668
37671
37672
37673
37675
37676
37677
37678
37679
37681
37682
37685
37686
37689
37690
37691
37693
37694
37695
37697
37698
37701
37702
37703
37704
37705
37706
37707
37708
37710
37711
37712
37714
37715
37716
37717
37719
37720
37723
37724
37726
37727
37729
37730
37733
37734
37737
37738
37741
37742
37743
37745
37746
37749
37750
37751
37752
37755
37756
37759
37760
37761
37763
37764
37767
37768
37769
37771
37772
37775
37777
37778
37781
37782
37785
37786
37787
37789
37790
37791
37793
37794
37797
37798
37800
37803
37804
37805
37806
37807
37808
37809
37810
37811
37812
37815
37816
37819
37820
37823
37824
37825
37826
37827
37828
37829
37830
37833
37834
37835
37836
37837
37838
37840
37841
37842
37843
37844
37845
37846
37848
37851
37852
37853
37855
37856
37857
37859
37860
37863
37864
37865
37867
37868
37869
37871
37873
37874
37877
37878
37881
37882
37883
37884
37885
37886
37888
37889
37890
37893
37894
37895
37896
37899
37900
37903
37904
37905
37907
37908
37909
37910
37911
37912
37915
37916
37917
37919
37920
37921
37922
37925
37926
37929
37930
37933
37934
37935
37937
37938
37939
37940
37941
37942
37944
37946
37947
37948
37949
37950
37951
37952
37954
37955
37956
37957
37959
37960
37962
37963
37964
37965
37966
37967
37969
37970
37973
37974
37977
37978
37979
37981
37982
37983
37985
37986
37987
37989
37990
37991
37992
37994
37995
37996
37999
38000
38003
38004
38007
38008
38009
38011
38012
38013
38014
38015
38017
38018
38019
38021
38022
38024
38025
38026
38027
38029
38030
38031
38033
38034
38037
38038
38040
38042
38043
38044
38047
38048
38051
38052
38055
38056
38057
38058
38059
38060
38062
38063
38064
38065
38066
38067
38069
38070
38071
38072
38073
38074
38077
38078
38080
38081
38082
38083
38084
38085
38086
38087
38088
38091
38092
38095
38096
38097
38099
38100
38103
38104
38105
38107
38108
38109
38110
38111
38112
38113
38114
38117
38118
38121
38122
38125
38126
38127
38129
38130
38131
38133
38134
38135
38136
38139
38140
38141
38142
38143
38144
38145
38147
38148
38151
38152
38153
38155
38156
38159
38160
38163
38164
38165
38166
38167
38168
38170
38171
38172
38175
38176
38179
38180
38183
38184
38185
38186
38187
38188
38189
38190
38193
38194
38195
38196
38197
38198
38201
38202
38204
38205
38206
38208
38209
38210
38211
38212
38215
38216
38219
38220
38223
38224
38227
38228
38231
38232
38233
38234
38236
38237
38238
38240
38241
38242
38245
38246
38249
38250
38252
38253
38254
38255
38256
38257
38258
38259
38260
38262
38263
38264
38267
38268
38271
38272
38274
38275
38276
38277
38279
38280
38281
38282
38284
38285
38286
38289
38290
38291
38293
38294
38297
38298
38301
38302
38304
38307
38308
38309
38311
38312
38313
38315
38316
38319
38320
38321
38323
38324
38325
38327
38329
38330
38333
38334
38337
38338
38341
38342
38343
38345
38346
38349
38350
38351
38352
38354
38355
38356
38359
38360
38363
38364
38367
38368
38369
38371
38372
38373
38374
38375
38376
38377
38378
38381
38382
38385
38386
38389
38390
38391
38393
38394
38395
38397
38398
38399
38400
38401
38402
38403
38404
38407
38408
38411
38412
38415
38416
38419
38420
38423
38425
38426
38429
38430
38433
38434
38437
38438
38439
38441
38442
38445
38446
38447
38448
38451
38452
38453
38454
38455
38456
38458
38459
38460
38463
38464
38465
38467
38468
38469
38471
38473
38474
38475
38477
38478
38479
38481
38482
38485
38486
38487
38489
38490
38493
38494
38496
38499
38500
38501
38503
38504
38506
38507
38508
38511
38512
38513
38515
38516
38519
38520
38521
38522
38523
38524
38525
38526
38529
38530
38531
38533
38534
38537
38538
38541
38542
38544
38547
38548
38549
38551
38552
38553
38555
38556
38559
38560
38561
38563
38564
38565
38567
38568
38569
38570
38571
38572
38573
38574
38577
38578
38579
38580
38581
38582
38584
38585
38586
38587
38588
38589
38590
38592
38595
38596
38598
38599
38600
38602
38603
38604
38607
38608
38609
38611
38612
38613
38615
38617
38618
38621
38622
38623
38624
38625
38626
38629
38630
38631
38633
38634
38637
38638
38639
38640
38642
38643
38644
38645
38647
38648
38651
38652
38654
38655
38656
38659
38660
38661
38663
38664
38665
38666
38669
38670
38673
38674
38675
38677
38678
38681
38682
38684
38685
38686
38687
38688
38691
38692
38694
38695
38696
38698
38699
38700
38703
38704
38705
38707
38708
38709
38711
38713
38714
38715
38717
38718
38719
38721
38722
38725
38726
38727
38729
38730
38733
38734
38736
38737
38738
38739
38740
38742
38743
38744
38745
38746
38747
38748
38749
38751
38752
38753
38755
38756
38757
38758
38759
38760
38761
38762
38763
38765
38766
38769
38770
38772
38773
38774
38777
38778
38781
38782
38783
38784
38786
38787
38788
38791
38792
38793
38795
38796
38799
38800
38802
38803
38804
38805
38807
38809
38810
38813
38814
38815
38816
38817
38818
38821
38822
38823
38825
38826
38829
38830
38831
38832
38835
38836
38837
38839
38840
38842
38843
38844
38847
38848
38849
38851
38852
38855
38856
38857
38858
38860
38861
38862
38863
38864
38865
38866
38867
38869
38870
38871
38872
38873
38874
38875
38877
38878
38879
38880
38881
38882
38885
38886
38889
38890
38893
38894
38897
38898
38899
38900
38901
38902
38904
38906
38907
38908
38910
38911
38912
38914
38915
38916
38917
38919
38920
38922
38923
38924
38925
38927
38929
38930
38933
38934
38935
38937
38938
38940
38941
38942
38945
38946
38949
38950
38952
38955
38956
38958
38959
38960
38962
38963
38964
38966
38967
38968
38969
38970
38971
38972
38975
38976
38977
38978
38980
38981
38982
38983
38985
38986
38987
38988
38989
38990
38993
38994
38997
38998
39000
39003
39004
39006
39007
39008
39011
39012
39015
39016
39018
39019
39020
39021
39023
39025
39026
39029
39030
39033
39034
39035
39037
39038
39039
39041
39042
39043
39045
39046
39047
39048
39051
39052
39055
39056
39057
39059
39060
39063
39064
39065
39067
39068
39071
39073
39074
39077
39078
39081
39082
39083
39084
39085
39086
39088
39089
39090
39093
39094
39095
39096
39099
39100
39101
39102
39103
39104
39105
39107
39108
39111
39112
39113
39115
39116
39119
39121
39122
39125
39126
39127
39129
39130
39132
39133
39134
39137
39138
39141
39142
39144
39147
39148
39151
39152
39153
39155
39156
39159
39160
39161
39163
39164
39167
39168
39169
39170
39173
39174
39177
39178
39179
39181
39182
39185
39186
39187
39188
39189
39190
39191
39192
39193
39195
39196
39199
39200
39201
39203
39204
39205
39207
39208
39211
39212
39215
39217
39218
39221
39222
39225
39226
39229
39230
39233
39234
39235
39236
39237
39238
39239
39240
39243
39244
39246
39247
39248
39251
39252
39253
39255
39256
39258
39259
39260
39261
39263
39265
39266
39269
39270
39273
39274
39275
39277
39278
39279
39281
39282
39283
39285
39286
39287
39288
39290
39291
39292
39293
39294
39295
39296
39298
39299
39300
39301
39303
39304
39306
39307
39308
39309
39310
39311
39312
39313
39314
39317
39318
39321
39322
39323
39325
39326
39329
39330
39332
39333
39334
39335
39336
39337
39339
39340
39343
39344
39345
39347
39348
39350
39351
39352
39353
39355
39356
39359
39361
39362
39365
39366
39368
39369
39370
39371
39372
39373
39374
39377
39378
39379
39381
39382
39384
39387
39388
39390
39391
39392
39394
39395
39396
39399
39400
39401
39403
39404
39405
39407
39408
39409
39410
39413
39414
39417
39418
39419
39421
39422
39425
39426
39428
39429
39430
39431
39432
39433
39435
39436
39439
39440
39441
39443
39444
39445
39447
39448
39451
39452
39455
39456
39457
39458
39459
39461
39462
39463
39465
39466
39467
39468
39469
39470
39471
39472
39473
39474
39476
39477
39478
39479
39480
39482
39483
39484
39486
39487
39488
39491
39492
39493
39495
39496
39497
39499
39500
39503
39505
39506
39508
39509
39510
39513
39514
39515
39516
39517
39518
39519
39521
39522
39525
39526
39528
39529
39531
39532
39535
39536
39537
39539
39540
39542
39543
39544
39545
39547
39548
39551
39553
39554
39557
39558
39561
39562
39565
39566
39569
39570
39571
39572
39573
39574
39575
39576
39577
39579
39580
39581
39582
39583
39584
39585
39587
39588
39590
39591
39592
39593
39594
39595
39596
39597
39598
39599
39600
39602
39603
39604
39607
39608
39611
39612
39615
39616
39618
39619
39620
39622
39623
39624
39625
39626
39629
39630
39631
39632
39633
39634
39637
39638
39640
39641
39642
39644
39645
39646
39647
39648
39651
39652
39655
39656
39658
39659
39660
39662
39663
39664
39667
39668
39671
39673
39674
39677
39678
39679
39680
39681
39682
39684
39685
39686
39687
39689
39690
39692
39693
39694
39696
39697
39698
39699
39700
39703
39704
39705
39706
39707
39708
39710
39711
39712
39715
39716
39719
39721
39722
39725
39726
39728
39729
39730
39733
39734
39737
39738
39740
39741
39742
39743
39744
39747
39748
39751
39752
39753
39755
39756
39759
39760
39761
39763
39764
39765
39766
39767
39769
39770
39773
39774
39777
39778
39779
39781
39782
39783
39785
39786
39789
39790
39792
39795
39796
39799
39800
39801
39803
39804
39805
39806
39807
39808
39811
39812
39813
39815
39817
39818
39819
39821
39822
39824
39825
39826
39827
39829
39830
39831
39833
39834
39837
39838
39840
39843
39844
39847
39848
39850
39851
39852
39854
39855
39856
39859
39860
39863
39865
39866
39869
39870
39873
39874
39875
39877
39878
39879
39881
39882
39885
39886
39888
39890
39891
39892
39895
39896
39897
39899
39900
39903
39904
39906
39907
39908
39909
39910
39911
39913
39914
39916
39917
39918
39921
39922
39923
39925
39926
39928
39929
39930
39933
39934
39936
39939
39940
39943
39944
39947
39948
39951
39952
39954
39955
39956
39957
39958
39959
39961
39962
39965
39966
39968
39969
39970
39973
39974
39976
39977
39978
39980
39981
39982
39983
39984
39987
39988
39991
39992
39993
39995
39996
39999
40000
40001
40003
40004
40005
40006
40007
40008
40009
40010
40011
40013
40014
40015
40016
40017
40018
40021
40022
40024
40025
40026
40027
40028
40029
40030
40031
40032
40034
40035
40036
40039
40040
40041
40043
40044
40047
40048
40050
40051
40052
40053
40055
40057
40058
40060
40061
40062
40065
40066
40067
40068
40069
40070
40071
40073
40074
40077
40078
40080
40083
40084
40086
40087
40088
40089
40091
40092
40094
40095
40096
40099
40100
40102
40103
40105
40106
40109
40110
40111
40112
40113
40114
40117
40118
40119
40121
40122
40125
40126
40127
40128
40130
40131
40132
40135
40136
40137
40139
40140
40143
40144
40146
40147
40148
40149
40151
40153
40154
40156
40157
40158
40161
40162
40163
40165
40166
40168
40169
40170
40173
40174
40176
40178
40179
40180
40181
40183
40184
40185
40186
40187
40188
40189
40190
40191
40192
40193
40194
40195
40196
40197
40199
40200
40201
40202
40205
40206
40208
40209
40210
40213
40214
40215
40216
40217
40218
40221
40222
40224
40225
40227
40228
40231
40232
40233
40235
40236
40238
40239
40240
40241
40243
40244
40247
40249
40250
40252
40253
40254
40257
40258
40259
40260
40261
40262
40263
40265
40266
40269
40270
40272
40275
40276
40279
40280
40283
40284
40287
40288
40290
40291
40292
40293
40294
40295
40297
40298
40299
40300
40301
40302
40304
40305
40306
40307
40308
40309
40310
40311
40313
40314
40315
40316
40317
40318
40319
