# b003825.txt - Table of n, a(n) for n=1..34204 - Ray Chandler (rayjchandler(AT)sbcglobal.net), Jan 19 2009
# Computed using triples.dat file from Uwe Hollerbach, http://www.korgwal.com/ramanujan/
1 87539319
2 119824488
3 143604279
4 175959000
5 327763000
6 804360375
7 1840667192
8 1915865217
9 3080802816
10 3499524728
11 3623721192
12 5544709352
13 10458523413
14 10499580728
15 10833628897
16 15170835645
17 18778674824
18 21303180171
19 21989186856
20 26059452841
21 38786216625
22 38947913424
23 53072642168
24 56065076613
25 62190076347
26 104622178752
27 106872501519
28 109568696139
29 119068866189
30 122026235968
31 132651091125
32 142220774241
33 149498759592
34 160780814649
35 177853640328
36 184877417088
37 189855538327
38 191450482496
39 208438080643
40 210662877789
41 235645700472
42 237565962991
43 239226670592
44 243349354053
45 247620672000
46 257906381824
47 266927432616
48 300634478586
49 319616506125
50 320465258659
51 330175414296
52 360113256776
53 381240326376
54 439386172407
55 472233009528
56 474894161469
57 499501199799
58 501172171344
59 508252843000
60 509082282072
61 513359176113
62 605275992496
63 620504707032
64 646317255320
65 678755646296
66 680558704488
67 711087080067
68 736115010624
69 753431128632
70 782638019072
71 806313656512
72 806895808056
73 857052870219
74 870434038656
75 872354677824
76 917600156649
77 950859559000
78 1001497375125
79 1001999997999
80 1006106826816
81 1014843272625
82 1019886765625
83 1022342420808
84 1097813860416
85 1103104702089
86 1109041710651
87 1125524213576
88 1147757021073
89 1154630906091
90 1178143119153
91 1295447561837
92 1350293881608
93 1376755179336
94 1399056055488
95 1513010536128
96 1521668864989
97 1568057335208
98 1580060482875
99 1651966490375
100 1658465000647
101 1659967644160
102 1842680339136
103 2112174838440
104 2140786353069
105 2175815002816
106 2210606903232
107 2235096962000
108 2307582801125
109 2310962733469
110 2560850045208
111 2579121784512
112 2669167709208
113 2703367387539
114 2724941294712
115 2746367559000
116 2752055194616
117 2766487751937
118 2799353321821
119 2950732202112
120 3031368604992
121 3083220189504
122 3153233388032
123 3266269461000
124 3290217425101
125 3519161120384
126 3538534597696
127 3551186093247
128 3561658900875
129 3747878552061
130 3842642332529
131 3938530307257
132 4085263066248
133 4230379828584
134 4305951200096
135 4352829656896
136 4360583872125
137 4495065455979
138 4657129551711
139 5383741263992
140 5422497850224
141 5608541044288
142 5613673271544
143 5758773764751
144 5897445363712
145 5902970576328
146 5910127180776
147 5977625518592
148 6160692787704
149 6181274468161
150 6317197654824
151 6391060014528
152 6445442643003
153 6454209728512
154 6512786624448
155 6755519396808
156 6913330659144
157 6925629745216
158 6960803326750
159 6989511555936
160 6999923002527
161 7169838686017
162 7650156873177
163 7792439433597
164 8023655703609
165 8051978297664
166 8260081705512
167 8972813590055
168 9079244570627
169 9231043341429
170 9276688204875
171 9534716834552
172 9554500479160
173 9568106287272
174 9781195177728
175 9959404613067
176 10124040254328
177 11135426007608
178 11694065953752
179 12708933499808
180 13112542594333
181 13197206281896
182 13363516714392
183 13401726234624
184 13541249445750
185 13768815628288
186 14643633204928
187 15075116665875
188 15105858391000
189 16159972203648
190 16366039694920
191 16408268853184
192 16458285602304
193 16878877821351
194 17107536484584
195 17399269197765
196 17453127289383
197 18034842343761
198 18212205591125
199 18566511557048
200 20120816704625
201 20209296272256
202 21105579621672
203 21254818396968
204 21286220456664
205 21349613783232
206 21661703776512
207 23600608202808
208 24332846508152
209 24524433899784
210 24641518275703
211 24677018278129
212 24790062248280
213 25387427430729
214 25620195397832
215 26047825112504
216 26613143875584
217 26958355429824
218 27491333326821
219 28024515216000
220 28252199149993
221 28546091865711
222 28615714166529
223 28691574219000
224 31129852469625
225 31769029284776
226 32817238679232
227 33373858576968
228 33829433143749
229 34186819358601
230 34318203605504
231 34532410663387
232 35074279768437
233 36133269341696
234 36178293995928
235 36592635038993
236 36848138663889
237 37700090162072
238 38615165154125
239 39855826044125
240 39976827883272
241 40555556338752
242 41332017729268
243 41561417131416
244 42120396358712
245 42432582267712
246 42732719185429
247 43306585979328
248 44086404591873
249 44474795664264
250 45976610962863
251 46690103472201
252 47977566692419
253 48595526609301
254 50046734521000
255 53409464154648
256 53511503644179
257 53776801967616
258 54534316432141
259 55213216059456
260 55671938752248
261 56781939738888
262 57718336634712
263 58877839342952
264 59652517743000
265 59710346226657
266 59927543835633
267 60187770615960
268 62270204127768
269 62826143483376
270 63109878415857
271 63269365485816
272 64060861029984
273 64286219639096
274 65129243036312
275 67334873979744
276 67821538583448
277 67901150307627
278 68161135972419
279 69772303384875
280 72077233992192
281 73200815772327
282 74051580874005
283 78999613427917
284 79643219513949
285 80208827287407
286 80593578497250
287 81509405035968
288 82270781925696
289 83286831816125
290 84758432025267
291 86548464205875
292 86572628581131
293 87863708421125
294 93441066264000
295 94029781241816
296 94219230366296
297 94692578761872
298 95773976104625
299 96482137176000
300 99729508461336
301 102636192125376
302 105637670598096
303 107146530279936
304 109029698925875
305 110258114016960
306 110491366648383
307 111312367350912
308 111424614916608
309 114943102250697
310 114979883364864
311 115823937168576
312 117686672131392
313 118283855925816
314 124206586902099
315 125297875897047
316 128350423139904
317 131711061423032
318 132518486691136
319 132577157833064
320 133285513608000
321 133410887980363
322 133850009710592
323 136325583204544
324 137513849003496
325 138961163538568
326 141789931370416
327 142824079524672
328 144114202021888
329 147767740370432
330 148098162814147
331 148396962812679
332 150127819365888
333 150407408966464
334 150887563529976
335 154247632442631
336 156693536181000
337 157718761932375
338 157853898611864
339 158557344900409
340 161786628993024
341 162933694165125
342 163366060527936
343 163901035136384
344 165075558306813
345 165564212274496
346 166640332981824
347 167716109347416
348 169119594828288
349 173615273438607
350 173699742645576
351 173720424647952
352 174001869027224
353 175351326124968
354 181051896766104
355 182445619405833
356 185496306251347
357 186249023541000
358 189471941528112
359 191068498616625
360 196258504104936
361 197852037784128
362 198239311400256
363 198659972280259
364 200137486605875
365 200327488463277
366 202384524672512
367 205714122985728
368 207148979437433
369 208728169074819
370 209151153729189
371 211971089210517
372 212303773656000
373 212551724381535
374 213172178591736
375 217965953125440
376 218768252391936
377 220690038919168
378 221426717146488
379 225756669300344
380 228245073041375
381 229313008992375
382 231915005799048
383 232815068521343
384 233186173504921
385 233244444802248
386 234046762562375
387 239437608286968
388 242222686177752
389 242500821250968
390 242619470205112
391 243471295541448
392 244403835622856
393 248462658668952
394 250919349499000
395 253347662223000
396 254008469227968
397 257103717556959
398 260339178933288
399 263279186850871
400 265244512323889
401 278028665094609
402 280140136222184
403 283723831290816
404 287104270824000
405 289461344503968
406 291029940085248
407 299417839891625
408 301881242817000
409 302858730412875
410 315078833433728
411 315173571568128
412 318956846859224
413 319831767014032
414 320069308267072
415 322599256181839
416 328591006214373
417 335511698267375
418 341379363227688
419 344400802211375
420 346396564464984
421 347739192344943
422 347866760139759
423 348207527828125
424 348750399809728
425 351255019778299
426 358686602040312
427 362258313650415
428 363554545536000
429 366161688198936
430 366370606337967
431 369354733237000
432 384042826084625
433 385084764836928
434 387465411064193
435 387578991916125
436 393833862521288
437 395389964273976
438 396316667755736
439 401080291440192
440 411001113026448
441 412229923045759
442 422592019282251
443 432780282742437
444 436140795976704
445 437031592888969
446 440464644579141
447 447356517856192
448 449509726425088
449 452884897992527
450 454975312311000
451 457160690259000
452 458528860469303
453 460560650921000
454 472376380325544
455 475939145945088
456 479394551766104
457 488266868992383
458 495364780999872
459 499962937324032
460 500205055168000
461 505281414558375
462 513015633388449
463 513138144866256
464 516481742881377
465 516618734800896
466 518175251330373
467 524119239516600
468 545136071085125
469 547933976652888
470 548633129845248
471 549299062470375
472 549513982972773
473 560981030291136
474 567212171363019
475 568126260217152
476 579506400402111
477 582724766562309
478 585653768212968
479 604662755138875
480 606744015026688
481 609728287894479
482 612871651339064
483 614917385914923
484 625082223570408
485 627556093310601
486 628387835572224
487 628637102894528
488 632989859046103
489 633976914708592
490 638159463176599
491 639682963716888
492 641101507039000
493 655192456295104
494 659395159005375
495 662232073958000
496 670294919088513
497 672380724889224
498 681780674723139
499 688401831209904
500 690871566938553
501 691830555498936
502 703370246202351
503 707284221828184
504 707483021258377
505 709261735343616
506 710103031199289
507 715886416633752
508 715993698322728
509 727435066176000
510 731695175068221
511 743035439587194
512 746637672248000
513 751496765985000
514 757546948634112
515 761610543417152
516 769380569753887
517 775341062745984
518 777019047707448
519 780903907952896
520 782243102336787
521 782390745805032
522 784136775183571
523 794670144965424
524 797675397102073
525 809297438361741
526 809776684551744
527 811271941035885
528 812184528475593
529 812955158148896
530 817131940352000
531 826433538526232
532 834651062089416
533 840126831441408
534 840915508285125
535 844981220944952
536 848659480066944
537 871093104394968
538 880595693613216
539 881955257904000
540 883350613395432
541 884760000649408
542 886736074376000
543 888025248931149
544 889389026388928
545 893739106036224
546 898021527640965
547 898099269704000
548 898603895185416
549 899947475409528
550 901308242467080
551 904064780570679
552 914454500647016
553 916291710577152
554 927227712044088
555 928945575957952
556 933910495135443
557 934498122103000
558 954116420964525
559 962824272345000
560 964578111910784
561 993004371454472
562 998905523886144
563 1010257913574000
564 1031709984741072
565 1040844638936375
566 1042130503513736
567 1045355966449984
568 1062959058343000
569 1070510631414777
570 1074319747713576
571 1094794164022923
572 1095259641368256
573 1097708655219904
574 1097891186746536
575 1100543190409000
576 1104537518754787
577 1110725326312875
578 1113234341310000
579 1123754825290923
580 1135542569780177
581 1135806966295127
582 1147469654956807
583 1149935613660288
584 1174809581952552
585 1181446884419607
586 1183083392414287
587 1210734673096429
588 1214396568027792
589 1222304777418816
590 1229321129987951
591 1240218265372632
592 1241196069177064
593 1246215473146917
594 1250685311692977
595 1298134233409923
596 1300395776202432
597 1312102643495553
598 1313661703228875
599 1318372504623603
600 1329874971831224
601 1339693079369976
602 1360116873623079
603 1374755444079752
604 1384026228860203
605 1401627008198125
606 1404041104856000
607 1422310482191592
608 1425755498622273
609 1447492495267000
610 1459090192544712
611 1461757067918000
612 1465107338638125
613 1466489991421000
614 1481842534013101
615 1483084721262592
616 1519180027269632
617 1519603011811512
618 1522143500400432
619 1535077966688504
620 1541450842758216
621 1545030903601304
622 1546608453475995
623 1548125804404088
624 1566628629008625
625 1567608038634339
626 1567709002624375
627 1570294047178584
628 1571138674151949
629 1573958220482375
630 1587699936124731
631 1592275210052625
632 1594548374747328
633 1594772898316416
634 1602048319562431
635 1613177173093941
636 1630802834145576
637 1632326281734456
638 1643772335567544
639 1649650300480728
640 1666828141261101
641 1682304150440088
642 1689313128776000
643 1697644373618368
644 1700176812679000
645 1711178026549992
646 1711805822696872
647 1719269217792000
648 1725927326031987
649 1744570605523473
650 1750466998852416
651 1752375929311000
652 1757739878648000
653 1764058256146368
654 1764613880895411
655 1775382479684632
656 1794011771097000
657 1805989773042000
658 1807345392699392
659 1807871101609608
660 1809679866754184
661 1810317665329875
662 1866443472491409
663 1891230631831872
664 1895141283273000
665 1898967592783296
666 1904390643422267
667 1929056252760000
668 1931176611701064
669 1937592970314183
670 1941250410643752
671 1956704224295331
672 1977896247193720
673 1980406081460807
674 2009728002621547
675 2041746699125952
676 2063520844734375
677 2080584329597865
678 2083957841351393
679 2099594507971688
680 2110349722849641
681 2112231715159104
682 2134915106467563
683 2135673427206592
684 2137720966101504
685 2138114110260375
686 2142332226876744
687 2152137548223936
688 2165758186221000
689 2195489666410560
690 2196687923030501
691 2208845832879231
692 2209190331898368
693 2211274539995976
694 2217918142121409
695 2235682954132992
696 2240348709081483
697 2241772115198616
698 2264418204678000
699 2265904989834003
700 2268337494844512
701 2308308021598761
702 2317216056725115
703 2327887074691584
704 2336534302909625
705 2348509409222184
706 2374462241669583
707 2395649535866496
708 2425223412423000
709 2447531432977176
710 2450971869726016
711 2470088094186375
712 2479043758044672
713 2483906286273048
714 2491034231184408
715 2510212376197701
716 2546609977822365
717 2547497085424928
718 2591771880277125
719 2619750002636375
720 2622755726136000
721 2624777408232343
722 2634736426352793
723 2647111166643853
724 2652052368795723
725 2653519849704451
726 2673007754954264
727 2678168037408192
728 2683468744556544
729 2685332631540104
730 2739551800939317
731 2741132796208625
732 2782257011963000
733 2784218518128151
734 2803447427252472
735 2824764260974136
736 2846391015750912
737 2853287445587544
738 2861505602828145
739 2867776509394125
740 2872190771620352
741 2920582287014301
742 2937322089840320
743 2947835340866871
744 2948554878465609
745 2954340354992355
746 2962115339269905
747 2967928137708625
748 2971249653341781
749 2982281605351776
750 2982815475636087
751 2988822322979640
752 2996169023149659
753 2998328357457559
754 3017991661099597
755 3024549079580672
756 3030400237469696
757 3034655676170216
758 3044452122908469
759 3057044446084167
760 3058894769203000
761 3061604836927000
762 3063282122668131
763 3083975525509632
764 3105791154747603
765 3161491760989107
766 3245837252948416
767 3246541142155948
768 3272400211981320
769 3287464218299079
770 3297056190647184
771 3299240147302008
772 3314175173055656
773 3320237760969519
774 3347439344681887
775 3350309270423752
776 3352976032063329
777 3356837659151704
778 3362428300742000
779 3381541522612344
780 3458795628245048
781 3461196616742683
782 3485121452951040
783 3491240499574191
784 3492853551715437
785 3501698661776952
786 3516301240506152
787 3548725975101888
788 3550599119688992
789 3571446504762136
790 3604997360696823
791 3605186903227000
792 3619793265294024
793 3620987841338504
794 3624406303032125
795 3627342491368024
796 3630228297451632
797 3653164289468421
798 3687124594349833
799 3712909849677009
800 3713827627625661
801 3717216526666699
802 3728147707438336
803 3730079466763867
804 3745240695480375
805 3749449133025232
806 3750488742092293
807 3753418412766456
808 3772124702493875
809 3782175139766296
810 3788683428487608
811 3803173375084776
812 3823633458320760
813 3835118760473429
814 3841178633208000
815 3844378569750264
816 3852429776225856
817 3857838411820176
818 3872291352458984
819 3929111322248385
820 3945585301003080
821 3954737335961763
822 3959108490846591
823 3977850114312256
824 4006320343474176
825 4011911909365464
826 4014723539343608
827 4059197676837576
828 4060460102210811
829 4070831101823304
830 4089259685859768
831 4089656386821096
832 4095638318693250
833 4108163800923000
834 4132428591844000
835 4134884186728000
836 4156381450549088
837 4162455034003656
838 4191481563010560
839 4232636232205257
840 4266496993088512
841 4292720889093000
842 4314824866989000
843 4317770684630592
844 4357264626779967
845 4367369083896000
846 4389998361840000
847 4392773048490489
848 4395709150156584
849 4401801417993408
850 4466807162181000
851 4497742961554752
852 4554569709334827
853 4606011395011000
854 4608567280863000
855 4611378499992000
856 4659458043328543
857 4671828324959103
858 4674015602188352
859 4680091849104000
860 4727953484557875
861 4743075748162752
862 4757421803944635
863 4860751580246016
864 4872209264663104
865 4881944850708744
866 4895818255862163
867 4942065829341816
868 4963421524789000
869 4984364888007787
870 5019083204351769
871 5066949572915048
872 5080599699185673
873 5118814982998080
874 5145930252099000
875 5179945538710250
876 5184273144269232
877 5185300616449443
878 5224924589863797
879 5261541522657875
880 5263313850743823
881 5295402195568128
882 5296406772084155
883 5313014884032121
884 5331933754279587
885 5371746707474000
886 5394520377446256
887 5446168249249000
888 5458871789122752
889 5495835298576896
890 5533435122579000
891 5536835354825216
892 5538823152631496
893 5692413256060167
894 5700967474678632
895 5712879065808824
896 5730792954289984
897 5732159980376375
898 5735825334975528
899 5749809644254536
900 5786763770775897
901 5802202881000000
902 5840021904771509
903 5843980435000248
904 5861306924594667
905 5933080113795072
906 5992978004758719
907 5996266529069096
908 6001494471186569
909 6007176626671512
910 6044481509458392
911 6064368333966215
912 6097759451581544
913 6106479387148224
914 6123582409620312
915 6138713272778424
916 6175890164842496
917 6187572447845327
918 6193550961567424
919 6198978218990067
920 6209761828447567
921 6226030580527296
922 6227929469518848
923 6233586845455872
924 6236358299474625
925 6253922762236448
926 6347201485599819
927 6375926571220808
928 6378663961687680
929 6425416266939341
930 6438016745052984
931 6448278812406048
932 6494222057912307
933 6520393086366943
934 6521657610280960
935 6535343331747559
936 6554681851447080
937 6652381052692375
938 6685193142901000
939 6736984282972125
940 6740480978606592
941 6769951590413375
942 6803308872990721
943 6891361578810189
944 6920874808592472
945 6968893076975375
946 6984852569569000
947 6993879403840875
948 7000123809323736
949 7030283192731792
950 7050604422333528
951 7050908743069184
952 7058608230392000
953 7068813714234125
954 7074720483285672
955 7090676626909967
956 7095011255527104
957 7118676397228032
958 7190825593861000
959 7256269538704927
960 7282816298043741
961 7285371172831089
962 7303310087879169
963 7324183869404248
964 7382609941326165
965 7391649804431256
966 7399271839266125
967 7415222479554240
968 7418535483905000
969 7432945398062191
970 7433103796067592
971 7477907395932792
972 7523469122486408
973 7535577109071375
974 7538467381441029
975 7585797617959113
976 7682818283356041
977 7723145358322875
978 7723507635862291
979 7728053691530529
980 7764346297450323
981 7782642569986011
982 7815838757305761
983 7884198851673088
984 7904509490897227
985 7961674220136000
986 7967697728545756
987 7997460182770149
988 8003589173569197
989 8082343390868712
990 8114544724351464
991 8140057445901717
992 8176483575508248
993 8177338598290624
994 8209638096494445
995 8226116233374501
996 8229077504305875
997 8230725961516611
998 8279831076011677
999 8280978705601992
1000 8316735425551000
1001 8463434794162712
1002 8474924525357080
1003 8526904946030016
1004 8597005313106483
1005 8661139682593951
1006 8670708792260424
1007 8700759999405656
1008 8715382982616375
1009 8740800505851904
1010 8748311146134651
1011 8750065818428928
1012 8754451661630493
1013 8796597620083264
1014 8868149250682176
1015 8878905087609375
1016 8891785151235224
1017 8893827323576000
1018 8919828787779000
1019 8953092368458875
1020 8990967806838017
1021 8996293300299669
1022 9048422501995968
1023 9063887106985984
1024 9121468677048000
1025 9125401566110193
1026 9172375686251505
1027 9256919601226752
1028 9265484324049408
1029 9299912901820352
1030 9345290240253240
1031 9441909424598616
1032 9443025943239616
1033 9450384061585320
1034 9466124353157017
1035 9467150190059016
1036 9500335188972264
1037 9535321688529429
1038 9539173995131151
1039 9548232198994125
1040 9598350342637000
1041 9627206984095077
1042 9736893423936000
1043 9753059974099104
1044 9756309336556328
1045 9850432551857352
1046 9912743535031064
1047 9923322789657216
1048 9960955548034491
1049 10034993924423559
1050 10082937897142929
1051 10146806596017000
1052 10184166203481387
1053 10232992020004416
1054 10233250930151424
1055 10257045200577728
1056 10273195794975750
1057 10307726565263127
1058 10315851544035891
1059 10336273684019136
1060 10542601376687744
1061 10551917978504000
1062 10588420424456000
1063 10600045634138112
1064 10672319895354936
1065 10699798404072960
1066 10722719411758809
1067 10737807844491000
1068 10741326769547712
1069 10744091799785344
1070 10750501588927464
1071 10769680922671944
1072 10780716726859625
1073 11014714569858237
1074 11030387170706937
1075 11034013440780883
1076 11253308525361000
1077 11272044997292625
1078 11343487376619125
1079 11435574818581767
1080 11486326211431344
1081 11550822813222875
1082 11563415577133056
1083 11589749261394031
1084 11657621658848256
1085 11670628908492288
1086 11695319894609728
1087 11716579701936648
1088 11777626975565080
1089 11792382570578259
1090 11803029390608157
1091 11820550281216040
1092 11876343890209344
1093 11889715109702976
1094 11930325820399142
1095 11948530288251375
1096 12030881290261561
1097 12033070223154344
1098 12037455096454144
1099 12066533471754125
1100 12109179530193408
1101 12134280999439963
1102 12204667275648192
1103 12228671614619187
1104 12289803538400648
1105 12332431136314233
1106 12336579296113625
1107 12373555670749000
1108 12531627170869248
1109 12544048480602968
1110 12554947049795640
1111 12566740548247496
1112 12595634712801000
1113 12624921962429049
1114 12640936016486232
1115 12654241717384449
1116 12664882389530952
1117 12696465775248801
1118 12717125295849000
1119 12752398674497664
1120 12757232239629696
1121 12824938204308603
1122 12826788828404733
1123 12869712160704000
1124 12962408821051625
1125 12973160061539496
1126 12974656912362019
1127 13017677646213000
1128 13064739711917257
1129 13362972256805184
1130 13483888922827323
1131 13561661695484448
1132 13566952054255509
1133 13605732940448259
1134 13725610143231168
1135 13747366567884824
1136 13814603463902696
1137 13831412484734936
1138 13845702006864000
1139 13853254244853240
1140 13898721499173693
1141 13900115909658888
1142 13925918788701192
1143 14029154868621312
1144 14053271010597000
1145 14070248880841944
1146 14109754736227752
1147 14113911286410264
1148 14119243197599232
1149 14169189803039784
1150 14211807018945543
1151 14268172457407680
1152 14271770476617472
1153 14322826187424872
1154 14395061415601512
1155 14450353914815000
1156 14487933000688875
1157 14536763825822000
1158 14623487999062488
1159 14639594565453732
1160 14667574093470207
1161 14707115003317464
1162 14779183351023000
1163 14789936668741208
1164 14799243758131512
1165 14817326198646601
1166 14955623019008000
1167 14956128394893504
1168 14988795662556352
1169 15122464010377848
1170 15191543688690376
1171 15308528355959832
1172 15406579256284125
1173 15580700186537304
1174 15592959429473664
1175 15666806029112000
1176 15682745616875064
1177 15725770846897176
1178 15728277747279357
1179 15836545800012392
1180 15847720012236168
1181 15860009569599000
1182 15959970189653581
1183 16091876139543360
1184 16198612768545697
1185 16202770509849408
1186 16209481780320192
1187 16227852817491224
1188 16242433359934824
1189 16430058594495000
1190 16543936323170496
1191 16607251434541112
1192 16704389524461093
1193 16828386016104000
1194 16874738897149952
1195 17029629228262833
1196 17051175761256000
1197 17076675684670875
1198 17080721997302691
1199 17113556969735499
1200 17162266133727288
1201 17163917697750453
1202 17224818757996096
1203 17244901239383629
1204 17286053320696680
1205 17411196426483951
1206 17416007828261432
1207 17439856253346744
1208 17455162851861651
1209 17583985466854632
1210 17587235906938152
1211 17597872973953125
1212 17637361236636111
1213 17665416324147375
1214 17687156551155000
1215 17692736030102016
1216 17713187699086152
1217 17750106650144960
1218 17767402397670464
1219 17785903581828928
1220 17801196656136264
1221 17917274007624537
1222 18008928914184000
1223 18095396328131031
1224 18200965529345508
1225 18214813907351208
1226 18215868044318581
1227 18293741864569080
1228 18322194746561832
1229 18448144639064000
1230 18470212582026933
1231 18471565538532288
1232 18549441329839875
1233 18608288695191657
1234 18671823750311424
1235 18700790524711659
1236 18931071296015424
1237 18932218551814464
1238 18999030662795456
1239 19018993684441933
1240 19020082127319000
1241 19023959597149871
1242 19036684160687375
1243 19088516218142016
1244 19220757989013000
1245 19231925449771944
1246 19240174446841521
1247 19351921632883623
1248 19381145616633528
1249 19413555839388081
1250 19460318378423104
1251 19511146522715328
1252 19566951365392704
1253 19589521274786216
1254 19592668881513000
1255 19766926074489048
1256 19785489246587736
1257 19815069664263168
1258 19890684342238528
1259 19921853565891648
1260 19924821285039125
1261 19937562943690791
1262 19945331053547032
1263 20006293634113689
1264 20014764892367616
1265 20049550257626253
1266 20129586983296875
1267 20275694008228288
1268 20303601926946247
1269 20413818191305448
1270 20549449094803083
1271 20619364712520457
1272 20641153089718161
1273 20653386689007000
1274 20681842629859264
1275 20738961927447309
1276 20745709464178881
1277 20843408673464832
1278 20858584910726528
1279 20990924357200560
1280 21004488184869000
1281 21084754668894280
1282 21109559389183629
1283 21199370756400711
1284 21251801049484824
1285 21261024598899176
1286 21261265549027875
1287 21366539633006568
1288 21392589707425944
1289 21478747651667137
1290 21529854560305728
1291 21551405959629000
1292 21573185390815149
1293 21648937250304000
1294 21778651244181069
1295 21816141457825737
1296 21921968850802839
1297 22008055938143184
1298 22099207168195983
1299 22132504040034304
1300 22330102249000000
1301 22411972019528000
1302 22425500813415336
1303 22425763788884547
1304 22450202911026387
1305 22528309270384296
1306 22535636973490368
1307 22825597146408000
1308 22855369340979000
1309 22863791095158069
1310 22895871548608296
1311 22999767418499625
1312 23037904901375000
1313 23056407302509000
1314 23060158365393000
1315 23146664063494608
1316 23233341924072000
1317 23255117964566208
1318 23290170041553597
1319 23385759743552696
1320 23433568400825856
1321 23516138468250792
1322 23521917431422683
1323 23554964276383176
1324 23640050856082752
1325 23686770391450712
1326 23724375920096768
1327 23742100659553920
1328 23780181901053816
1329 23795943056732672
1330 23797177812783368
1331 23965741941490531
1332 23981905441108160
1333 24001075244023488
1334 24029439371570269
1335 24107678417788875
1336 24136095905332136
1337 24202876096152000
1338 24225458042048256
1339 24231437514250785
1340 24361673350553000
1341 24443268529385349
1342 24491518017634304
1343 24494252623829443
1344 24566700009806136
1345 24782469246545472
1346 24904124214558400
1347 24951138651369567
1348 25025380832088000
1349 25125443015822568
1350 25170096778281000
1351 25266476193251328
1352 25300691368131816
1353 25326916450887168
1354 25462920769913016
1355 25496091550636616
1356 25594973140991625
1357 25613371293007400
1358 25629803289205696
1359 25639270413359616
1360 25642086556610368
1361 25666359399706249
1362 25805432996402941
1363 25827526459478016
1364 25870823819333432
1365 25956434845111680
1366 26003859034730103
1367 26025961214329875
1368 26050952090495304
1369 26270242366402125
1370 26329960382598656
1371 26347609330306056
1372 26533494366240771
1373 26569149751124136
1374 26613359477305272
1375 26645457019819456
1376 26654075880448023
1377 26705145235423375
1378 26777236361869000
1379 26837760339610857
1380 26846571344816853
1381 26999426855356011
1382 27075180519703953
1383 27117223203157568
1384 27117845344831969
1385 27227782320409125
1386 27422691326266509
1387 27557609227521057
1388 27647780521777208
1389 27716185298529000
1390 27920179165753000
1391 27963895192876125
1392 27976820947264000
1393 28137734848563669
1394 28149784015174848
1395 28173487038548761
1396 28237857806477592
1397 28239547374543267
1398 28342629592273269
1399 28421893712624832
1400 28561230741286152
1401 28646425619727552
1402 28698973236065125
1403 28798938479820691
1404 28815427090419515
1405 28823209375091768
1406 28831471248231288
1407 28836099864634536
1408 28993982787715491
1409 28996744975312625
1410 29373951502875896
1411 29423569816268992
1412 29456425150306875
1413 29620552981872888
1414 29691367551366976
1415 29700069210958328
1416 29738466607076864
1417 29738770610317496
1418 29802943425614184
1419 29849224416642136
1420 30031097715164728
1421 30172821537240109
1422 30177168707697921
1423 30229064619547941
1424 30311814248022573
1425 30418777613634417
1426 30462911593719416
1427 30479828655890432
1428 30593845915429888
1429 30787357608483840
1430 30794230894671125
1431 31131299085070464
1432 31172046958555776
1433 31368272842281375
1434 31641134418786312
1435 31654182715829856
1436 31686860233350504
1437 31794296806125000
1438 31799850970036968
1439 31805990967510656
1440 31810257672344424
1441 31828208751253963
1442 32024320542632448
1443 32025504109475520
1444 32069715279875000
1445 32125861255585032
1446 32207053350339747
1447 32212071359644904
1448 32367914692089984
1449 32526974822187456
1450 32708264553066375
1451 32713079785164954
1452 32797104461148456
1453 32975908952838488
1454 33089245226227125
1455 33106595724459081
1456 33331893612446016
1457 33364296683454464
1458 33392448995493952
1459 33431739919715592
1460 33436734733814139
1461 33502152192015808
1462 33625698552252352
1463 33805325419795657
1464 33850232792929917
1465 34110462091357944
1466 34174037128826413
1467 34345131624288576
1468 34481992947063480
1469 34532550769505607
1470 34586784085452543
1471 34704145666125000
1472 34749084416345000
1473 34865497471005747
1474 34956839190826189
1475 35045402772744000
1476 35228493195849009
1477 35271277008430463
1478 35287173709272576
1479 35368560705860928
1480 35420096118364776
1481 35458150863692375
1482 35537055936584904
1483 35689699898870472
1484 35756560545725376
1485 35962369559369000
1486 36009357712263000
1487 36149194839121000
1488 36190885117807000
1489 36248344369820856
1490 36352321112172968
1491 36493066477413000
1492 36651607106489109
1493 36663747509884833
1494 36742993466504696
1495 36817316563701375
1496 36883231482903624
1497 36990720268983000
1498 37119948067858509
1499 37126370394696375
1500 37149337690436608
1501 37277881694469451
1502 37361138683141000
1503 37487971608260264
1504 37588093622253109
1505 37616967982247472
1506 37664293254304535
1507 37728293818692672
1508 37737235857867615
1509 37785229219229499
1510 37866891273748992
1511 37867494504829752
1512 37950889060861469
1513 38146001979569211
1514 38281747881587392
1515 38351354216749327
1516 38353135210338816
1517 38394057172744728
1518 38420474902100928
1519 38427215255564408
1520 38643259106816000
1521 38693266306007040
1522 38721377488038336
1523 38769873576957432
1524 38916400588819777
1525 38937620695887368
1526 39155882480487864
1527 39205020543394797
1528 39537717188571000
1529 39545775487533672
1530 39577178202869125
1531 39618148814522432
1532 39798333347262679
1533 39802542436381760
1534 40178478301791264
1535 40183552450499857
1536 40237671073785192
1537 40350898422887416
1538 40472520624696699
1539 40778727507646891
1540 40853583370027584
1541 40871002672229184
1542 41212875355456896
1543 41802219764604000
1544 41847664425999696
1545 41855006507525064
1546 42073941945334663
1547 42127873165175616
1548 42213335254228521
1549 42418805855136984
1550 42426127598557248
1551 42475986307513304
1552 42499040870280267
1553 42516679060005696
1554 42528048407948987
1555 42590550288849472
1556 42625627584285375
1557 42678316065278656
1558 42859346442128424
1559 42948111191309991
1560 43012161835629642
1561 43268427810892557
1562 43327623020420375
1563 43401611147314112
1564 43446207465668007
1565 43622443375246125
1566 43747778387895147
1567 43792921084243968
1568 43852375993672008
1569 43883799246685125
1570 43959482219851848
1571 44048944121138271
1572 44340080239000000
1573 44341169016435200
1574 44465088935202264
1575 44510625496606087
1576 44785365196190437
1577 44843967045600625
1578 44877980806568000
1579 44903526875109000
1580 45197668692368829
1581 45380442928781016
1582 45514215751836312
1583 45585323132021757
1584 45586248346300851
1585 45593598633597504
1586 45845780423901003
1587 45970432261638976
1588 46053312995012391
1589 46175567183086536
1590 46280126359190997
1591 46304641370445192
1592 46347544138071393
1593 46370981380107995
1594 46533313502434304
1595 46543273834939875
1596 46553845670520363
1597 46662795886609665
1598 46752781169793456
1599 46773327554093448
1600 47062259985378456
1601 47394543252011319
1602 47395105612010163
1603 47402612420070817
1604 47413452990160829
1605 47607145051205376
1606 47714918207544000
1607 47874312277816472
1608 47898680885467776
1609 47998951590212523
1610 48072121410923064
1611 48107314721367811
1612 48238890116645683
1613 48284214569852625
1614 48465744488330013
1615 48563967842570375
1616 48610266135364304
1617 48644288055451179
1618 48704736306745512
1619 48917176906093398
1620 48987364357157625
1621 49000044829402728
1622 49123879672211064
1623 49127448986402696
1624 49164603496531523
1625 49261811448520125
1626 49300526144502477
1627 49305584981789864
1628 49477278101613544
1629 49632551484647040
1630 49761901929683125
1631 49837072505695839
1632 50056795420691904
1633 50189482737857736
1634 50207787491486625
1635 50265575141947928
1636 50425754166680256
1637 50532604671131648
1638 50580893985721064
1639 50745087737379000
1640 50761405909305000
1641 50766300067100049
1642 50970501907992576
1643 51006762224630784
1644 51107665002225624
1645 51120492383795653
1646 51160178387957184
1647 51240787204039433
1648 51253362872951967
1649 51533249173490448
1650 51571775346501592
1651 51768705939166125
1652 51988173438876471
1653 52236446405075784
1654 52419068746970337
1655 52440220765664424
1656 52500695855245983
1657 52780847842641464
1658 52807681713541573
1659 53350332030282033
1660 53577879898225501
1661 53663868857111149
1662 53710276211452000
1663 53760061650486392
1664 53775464746617712
1665 53849457932220216
1666 53889617154588696
1667 54046327395177000
1668 54153628628174712
1669 54359448390785664
1670 54518314220540352
1671 54612107435982824
1672 54656620316352000
1673 54676170064868625
1674 54987525119683000
1675 55025455049363456
1676 55153193161734899
1677 55190000018503233
1678 55661220762287959
1679 55670580272840904
1680 56042834413115375
1681 56054231557317000
1682 56150053762649112
1683 56243703486061000
1684 56617707378953656
1685 56679053077570625
1686 56718149202017875
1687 56769601649990229
1688 57012861466227375
1689 57067737708499875
1690 57211752416084721
1691 57269944665976896
1692 57659616506262897
1693 57838636196130573
1694 57878547305142844
1695 57906272184999875
1696 57969216816848064
1697 58009414495821607
1698 58317878754032625
1699 58355169871205151
1700 58576241408717312
1701 58621465586270762
1702 58665577079185083
1703 58811179914579456
1704 58846499170963056
1705 58944166058226176
1706 59230087470320832
1707 59336280881841600
1708 59402455075514493
1709 59411087912764224
1710 59447284490361033
1711 59478787656332352
1712 59500421399029312
1713 59561206650761536
1714 59581300854907000
1715 59702527575392256
1716 60233808438004455
1717 60270275107854000
1718 60329881096482816
1719 60420198951473192
1720 60471821064118464
1721 60697525193846352
1722 60954751535501304
1723 61146198884771000
1724 61253480648406592
1725 61318107514944000
1726 61378006885189442
1727 61639240459233619
1728 61930882855858688
1729 61991549687399661
1730 62281515523617000
1731 62665472965083183
1732 62860898201647329
1733 62888375071535104
1734 62902456388496963
1735 63106589851389000
1736 63330787843190784
1737 63436081448491479
1738 63552245672418048
1739 63801357916313871
1740 63862581001829337
1741 63886436827872561
1742 64038986426227176
1743 64153041917250104
1744 64178247013878186
1745 64318635222843456
1746 64358113065914941
1747 64502824345062201
1748 64843434431265464
1749 65007756184206024
1750 65016934378951464
1751 65104157583273384
1752 65208152371810392
1753 65303254450058625
1754 65356772364702000
1755 65460457332853128
1756 65570829426987157
1757 65885507593726464
1758 65945655047898999
1759 65956483334931471
1760 65988318341995903
1761 66390123877532936
1762 66483591914691224
1763 66698078006826000
1764 66724689429425664
1765 66784387182912000
1766 66911855952038552
1767 67101045946325209
1768 67220465585503104
1769 67332082533909704
1770 67372331387834368
1771 67522519759594536
1772 67634801447247125
1773 67710234296284326
1774 67750819872870024
1775 67850657140490793
1776 68041237420622375
1777 68045560078502097
1778 68517547968881016
1779 68621392833329791
1780 68655707030153061
1781 68748250448943000
1782 68994928339275393
1783 69206775224119000
1784 69261730253344503
1785 69265376505127656
1786 69351323044748463
1787 69577982171955621
1788 69703300117721088
1789 69841379990511801
1790 70023446533632375
1791 70112198213091207
1792 70395855003656000
1793 70491078400159800
1794 70507809306712512
1795 70523223597125000
1796 70903329532867000
1797 71110516084994386
1798 71183936585609848
1799 71221856618872232
1800 71281271205202968
1801 71402435812003625
1802 72256420675301625
1803 72346625714728512
1804 72504191870708689
1805 72506528296308288
1806 73147291635037464
1807 73149902106032024
1808 73172993624649000
1809 73212016347185625
1810 73235342760495552
1811 73395142904738375
1812 73438286997433176
1813 73546882730616555
1814 73549703796895872
1815 73750553691474240
1816 73817076010210624
1817 73871949131048250
1818 73883701280924136
1819 74076301612976949
1820 74124489718464003
1821 74330710354037375
1822 74364643350296000
1823 74380436245103625
1824 74522418402989592
1825 74755475372938815
1826 74901662546574591
1827 75244216742065791
1828 75625090989274944
1829 76069458106428456
1830 76109987753308899
1831 76266028542425624
1832 76585093613340669
1833 77218790398852375
1834 77323614927810875
1835 77354938822063168
1836 77618963316504519
1837 77836501713835072
1838 77980661107713000
1839 78062604328747584
1840 78335707268157696
1841 78369292943150112
1842 78487828420940757
1843 78534114968351952
1844 78543521477001945
1845 78880596294597552
1846 79193895353511848
1847 79342205759664192
1848 79541191514296512
1849 79808702801357250
1850 79905728002614507
1851 80536851428161492
1852 80552626405695639
1853 80722930429100736
1854 80739237448304136
1855 80840203466113000
1856 80869492948608000
1857 80958002999164200
1858 81083122994614104
1859 81244759244848192
1860 81355817646369000
1861 81394310930037651
1862 81489787391803392
1863 82090792026140625
1864 82147291278193197
1865 82152338203837629
1866 82255628724553459
1867 82513023340206375
1868 82723649362034688
1869 83264712485376448
1870 83323587655741888
1871 83357314845522991
1872 83401598785960000
1873 83547052053203375
1874 83854592383068351
1875 83858066298807157
1876 83955949128871911
1877 83979036886404744
1878 84086602071198552
1879 84257245400904576
1880 84259473500185984
1881 84531362463002637
1882 84619068340532544
1883 84818468335932207
1884 84830436333881875
1885 85180428446097816
1886 85238843572204056
1887 85245649109930647
1888 85388508288252477
1889 85389519292991856
1890 85832328009306853
1891 85839586937224939
1892 86322510831877047
1893 86658643291382883
1894 86782202026238664
1895 86806261007510464
1896 87326126642098728
1897 87337065848813144
1898 87407053225561125
1899 87607728798040737
1900 87702432323438016
1901 87783040485398232
1902 87871871950625672
1903 87884092402344000
1904 87948290740447592
1905 88448420863493019
1906 88840199712261816
1907 88943776704467776
1908 89000693116664112
1909 89010849250179584
1910 89231045556744000
1911 89365880379035871
1912 89392418201359000
1913 89672031432608625
1914 89846986519547432
1915 89928417441890664
1916 90055922976090864
1917 90214561216305288
1918 90342425926832625
1919 90416429907254568
1920 90587579538856384
1921 91514961341841177
1922 91596358219526208
1923 91745703935540928
1924 92144618611121125
1925 92228032835919351
1926 93100972043262528
1927 93218678705121704
1928 93438096176082168
1929 93492908908214625
1930 93844271957946848
1931 93939397158978728
1932 93988825179912000
1933 94279110090368112
1934 94334151068881416
1935 94765550240521827
1936 95536257410503000
1937 95541702238033408
1938 95760444754255041
1939 95925029641761600
1940 96968202210696483
1941 97605081960967000
1942 97762046674499389
1943 97900544136149209
1944 98383110869380519
1945 98422784032640984
1946 98535670386645609
1947 98570208709056357
1948 98836150811284432
1949 99089339657464000
1950 99204372046359216
1951 99229927018477248
1952 99249246973592443
1953 99365952986948375
1954 99510450631151616
1955 99535416108715125
1956 99549220085895125
1957 99780287992245000
1958 99813696483036627
1959 99865260596352797
1960 99946632159900125
1961 100409495844877128
1962 100643685803199000
1963 100769318823112875
1964 100833059705321979
1965 100932996046042125
1966 101581640945380323
1967 101717699534581312
1968 101854634749560728
1969 102093289586156232
1970 102134640754114624
1971 102848745283518871
1972 103456448244178029
1973 103496746433452281
1974 103778967960659719
1975 103798572052499541
1976 104117191629203125
1977 104230176914781792
1978 104454519593236416
1979 104611340437321536
1980 104713017436172691
1981 104967230390200512
1982 105244582789107125
1983 105426874829158848
1984 105654592871627128
1985 105657106565942568
1986 106246757124919216
1987 106286958886997889
1988 106356774793702104
1989 106413070512812544
1990 106702204200116616
1991 106720044807884625
1992 106807039043790176
1993 106914721126590000
1994 106960238918536536
1995 107332743070304479
1996 107404845128007875
1997 107515762499068560
1998 107567606047447000
1999 107969983510124736
2000 108166974386114250
2001 108173096543682261
2002 108492897620597769
2003 108627533049625408
2004 108797559369408000
2005 109082665649481641
2006 109196698674261961
2007 109622691616256000
2008 109899176564518731
2009 110034438595682608
2010 110051895416784741
2011 110296386246152808
2012 110514526493139216
2013 110532045354822000
2014 111007737934088121
2015 111112402763214125
2016 111464205994005256
2017 111517085464064000
2018 111539478858208128
2019 111723446508572600
2020 112147461227483136
2021 112296246836402727
2022 112336964656865767
2023 112412071335409307
2024 112924250496512000
2025 113097315522280375
2026 113643162880971633
2027 113815976384972736
2028 113878553288409000
2029 113978593121625496
2030 114118281087422976
2031 114122314763802072
2032 114264717950813248
2033 114411121972259040
2034 114613881508893312
2035 114680719029735424
2036 114699191597850951
2037 114759397933156125
2038 114914987511493923
2039 114967132242956623
2040 115535461834212056
2041 115567117616054312
2042 115914819231973944
2043 116189299557296875
2044 116621362867004352
2045 116714481727332853
2046 117207990168258717
2047 117281916669088808
2048 117480712300204617
2049 117509898111636303
2050 117958083126155272
2051 118048757490257104
2052 118483582140437157
2053 118764142811960256
2054 119013657270096843
2055 119140583960486088
2056 119179151965475784
2057 119550700005684129
2058 119789506968918696
2059 120029296545639936
2060 120204730058206248
2061 120424097542654143
2062 120571970072021433
2063 121196950984746000
2064 121863762895899752
2065 122090976768470976
2066 122319773050237497
2067 123113425385267135
2068 123392746167607000
2069 123430311642806775
2070 123589510217247312
2071 124313178849993224
2072 124372054135688625
2073 124490219682355128
2074 124992532871804689
2075 125413456614952807
2076 125476862738920875
2077 125575098394957848
2078 125798100065422057
2079 125819414131731264
2080 125852483210924736
2081 125997419905119000
2082 126327250872738279
2083 126392362150228993
2084 127117282193471808
2085 127411310033045073
2086 127516614184098496
2087 127682403436433125
2088 127725559213560776
2089 127800737943377408
2090 128292087258617912
2091 128687651702792000
2092 128698364623185000
2093 129170541496287375
2094 129286178014392000
2095 129505839500110528
2096 129567798575370099
2097 129861363680674327
2098 130248536414750208
2099 131103782222937489
2100 131346394027902144
2101 132161555279982592
2102 132506564419584593
2103 132629572192933144
2104 132874467133396625
2105 132974969086713663
2106 133009127096055912
2107 133208785609263000
2108 133321775041728000
2109 133337096986452912
2110 133497758519193250
2111 133601620709552625
2112 133693009231220712
2113 133753658998862000
2114 133758852308080272
2115 134004861834529959
2116 134319954477932181
2117 134426232239438529
2118 134477671337407125
2119 134867452877293535
2120 135095092672904000
2121 135496826701477605
2122 135533548446626304
2123 135587002863816000
2124 136157293828584000
2125 137188707502195648
2126 137256846611189760
2127 137405971588918977
2128 137459031805792125
2129 138383578202002399
2130 138558419050308579
2131 138592344575325888
2132 139033853393459680
2133 139143726225197568
2134 139148158355387272
2135 139544288561299167
2136 139579573139125119
2137 139789413565546843
2138 140702532622274727
2139 140879248640395776
2140 140889341879342056
2141 140957718243882624
2142 140974470847745864
2143 141284654722358784
2144 141413646565533888
2145 141564074918783517
2146 141614456671573704
2147 141681373471332000
2148 142122653725670793
2149 142237680503902984
2150 142417385823300120
2151 143183124936515664
2152 143881073300476584
2153 144158594788705608
2154 144440668043440776
2155 145033556911204689
2156 145130556167932608
2157 145198986590511000
2158 145250676319333312
2159 145271901546441397
2160 145422059920420032
2161 145803403994092992
2162 146086454847250944
2163 146302814292584859
2164 146545820585175375
2165 146733262780631345
2166 146833704258901784
2167 146974799537144397
2168 146978445871253304
2169 147676488564810240
2170 147705255838427625
2171 147818292849504424
2172 147997390759615845
2173 148032545383095499
2174 148892619822539264
2175 149223828141601759
2176 149349410865555264
2177 149466119586182000
2178 149671634491360072
2179 149957252484928525
2180 149965122691945071
2181 149998819383000000
2182 150023914970229144
2183 150539035658514048
2184 151022545883937000
2185 151388450089770222
2186 151420289273340633
2187 151513922663750673
2188 151781570359368768
2189 151847861679297000
2190 152215512088735296
2191 152459846885359000
2192 152721025403231096
2193 153051393085124625
2194 153216719651792888
2195 153302408140281309
2196 154189191717288000
2197 154268584627117688
2198 154715865542731584
2199 154906985523820608
2200 154957162021322752
2201 155156614575417000
2202 155228986222947000
2203 155342287692033624
2204 155541661086547008
2205 156123752737909320
2206 156401980345741312
2207 156840268546092096
2208 157161946634279496
2209 157286049962396229
2210 157568974161837875
2211 157757934945816576
2212 157800032786889064
2213 157831012923962112
2214 158658005856017304
2215 159685256558464875
2216 159885321813702225
2217 160461595673459353
2218 160527972203621568
2219 160553771514966592
2220 160862560492915008
2221 161986654933817688
2222 162502962002894051
2223 162536565088027368
2224 162725522715615832
2225 162799362641956131
2226 162918936502115904
2227 163053159448999176
2228 163456457098060224
2229 163979860399118848
2230 164037331299114000
2231 164318552864704000
2232 164828194847768088
2233 165069894912485472
2234 165326133233053000
2235 166088992862568321
2236 166306332913687512
2237 166578190429367808
2238 166764145960890368
2239 167077766616137559
2240 167555886348174408
2241 167613665834893824
2242 167811211615964553
2243 168129144224704000
2244 168319552280376168
2245 168399902621000232
2246 168645137356099593
2247 168657499884243916
2248 168701594429290869
2249 169048570468743000
2250 169298359710925536
2251 169550682173627904
2252 169978993281654921
2253 170549459068394952
2254 170900478596805048
2255 171665750841930072
2256 171890059540590592
2257 172314994704460272
2258 172581053603743512
2259 172608223806837000
2260 172788978252925125
2261 173051531793386064
2262 173257000416550232
2263 173602710666553112
2264 173746045414061883
2265 173769441359682168
2266 174351322125439641
2267 174933138400045480
2268 175343721878408993
2269 175574141798459824
2270 176127434612014041
2271 176207975134254037
2272 177275847337701112
2273 177419699388214192
2274 177583893593900283
2275 178011904905414125
2276 178029908592366411
2277 178062256966270131
2278 178151928768347625
2279 178402137805410029
2280 179318676870706464
2281 179533013438835000
2282 179559531812821608
2283 179579305969512696
2284 179836226609858000
2285 180984787953100992
2286 181375060527471384
2287 181381147059919625
2288 181496310454066491
2289 182193689544776000
2290 182653488276942375
2291 183523912235968339
2292 183651790579996375
2293 183901066979744205
2294 183957766510292992
2295 184967973145785375
2296 185074653393425943
2297 185640178187633715
2298 185984818557676992
2299 186234282532333000
2300 186367726819587528
2301 186974957019215456
2302 187211435276217105
2303 188217671115231576
2304 188426261959219648
2305 189182398830355125
2306 189317936067624000
2307 189903039568526375
2308 190175932570267728
2309 190305556421798727
2310 190635330660478704
2311 190956766292421409
2312 191087997737889096
2313 191290612356881856
2314 192905308212648005
2315 194545117334808000
2316 194876003971467000
2317 195048968848476904
2318 195315403988904192
2319 195729443071803459
2320 195782459189679488
2321 195909146096967368
2322 196009274389802328
2323 196201451165299281
2324 196507696958015625
2325 196909280260977375
2326 197400951089307000
2327 197457675384663603
2328 198193379972149107
2329 198221880777921000
2330 198305215848270648
2331 198972121109261500
2332 199222588070107784
2333 199407811067390016
2334 199673875923288039
2335 199775533351323384
2336 199906800166008000
2337 199967882755482387
2338 200203127609920344
2339 200618370125415307
2340 200905511227843311
2341 201143242710702000
2342 201923955188380971
2343 203245886018760256
2344 203868184186493064
2345 204008317534842093
2346 204479718084872263
2347 204490028925139328
2348 204643704009567816
2349 204829945624300373
2350 205590614500328057
2351 205900612801333632
2352 206089592736699000
2353 206124683805803672
2354 207195181312079987
2355 207835852178712329
2356 208452128101410375
2357 208547001910099125
2358 208633892396935824
2359 209519447900341824
2360 209807155805089960
2361 209846683635655976
2362 209883083216001273
2363 209893094765361000
2364 210414012507052263
2365 210782939243058000
2366 210846095214008625
2367 210895466666504256
2368 210950989914514824
2369 211719739411835713
2370 212020557551705331
2371 212781523163422248
2372 213032548054924227
2373 213136820516315241
2374 214331908658547043
2375 214423716310096328
2376 214531644148731000
2377 214660555826529176
2378 214823536718336000
2379 215801505210296376
2380 216326525825592000
2381 216500490006814377
2382 216667583060040000
2383 216790147448316351
2384 217801149111036387
2385 217868665129008192
2386 218000767144096125
2387 218357126719863768
2388 218761128526634811
2389 219350736322570125
2390 219905763777457875
2391 220010097154550157
2392 220231499792147109
2393 220249926493846704
2394 220334477851096128
2395 220817708816370029
2396 221211099270586152
2397 222137015548018688
2398 222472223979320152
2399 222718818156587200
2400 222936130225112941
2401 224360481952959625
2402 225522998502291000
2403 225791154722787264
2404 226349857712111616
2405 226808145225782848
2406 227131637986071000
2407 227676662525371904
2408 227889943129158336
2409 227958057774167112
2410 227995687572120153
2411 228373304620795048
2412 228592196263646208
2413 228841781862113875
2414 229385484322040592
2415 229991738551029000
2416 230345607567059712
2417 230395433648878953
2418 230810035177593144
2419 230910459747557688
2420 231691486636815471
2421 232082989197261237
2422 232652866733685944
2423 232919164512125000
2424 234424505446965288
2425 234523274853715155
2426 234670012752069215
2427 234808784872926264
2428 235249971533699976
2429 235632219862104000
2430 236274273783863432
2431 237055731226297984
2432 237065209540511625
2433 237175955068683176
2434 237644009338006873
2435 238023270649060351
2436 238749682077475352
2437 238886627101559073
2438 238996122715247625
2439 239060926476421875
2440 239377198603345047
2441 239517249676496064
2442 239552109924378039
2443 239573866192171875
2444 239707314418487832
2445 239733826364584251
2446 240362630048249280
2447 240436984458415680
2448 240491246285336319
2449 240846022855931103
2450 241167595892094144
2451 241351412038688133
2452 241812216967359402
2453 241998399480677671
2454 242255846775884032
2455 242897848146390437
2456 243728688364286671
2457 244134259651287369
2458 245472256532995912
2459 245600470206568503
2460 246807353806342875
2461 247115254510455093
2462 247301038906166232
2463 247503362867062848
2464 247951661906558673
2465 247955496759891648
2466 248675471457765625
2467 249813280989167112
2468 250030185934977000
2469 250857266797521657
2470 250937190716179968
2471 251102080207952757
2472 251185810526930125
2473 251361536678369208
2474 251580790430293688
2475 251614389197047149
2476 251842121837457489
2477 251976567784123000
2478 252423765415549000
2479 252685396450446687
2480 253145970398503000
2481 254004266546698213
2482 254135136800623104
2483 254138606624413000
2484 254438261518063896
2485 254446801456595904
2486 254522900358759123
2487 254537876764946619
2488 254649293242233344
2489 254800356735690584
2490 254882961677291968
2491 254906769309192000
2492 254909727693549864
2493 255047927446336024
2494 255295282122656776
2495 255837147510672576
2496 255940633188576000
2497 256059254464533000
2498 256250283264206875
2499 256538461770345664
2500 257198475590462952
2501 257252898813116661
2502 257569430707730141
2503 257838678966757824
2504 258049855632910887
2505 258062405563702656
2506 258341551193817000
2507 258478811637362414
2508 258480594992482191
2509 258639224526551232
2510 258853323143335193
2511 260426728217371625
2512 260464339160878879
2513 260514120138335000
2514 260677894591154033
2515 261572833356263000
2516 262258396305239152
2517 262402624683600875
2518 263142113630281704
2519 263179282407971328
2520 263787290689104000
2521 263908451854861632
2522 264567760844751000
2523 265404455303624000
2524 266842481819927104
2525 268361523634544704
2526 268593088322982241
2527 268720361782314624
2528 270348480546186168
2529 270600189953375016
2530 272054676109415472
2531 272521117860139008
2532 272571779651173632
2533 272628475383694248
2534 272743737611625000
2535 273057655548951000
2536 273473327338963262
2537 273550663063999594
2538 273706557736532193
2539 273847419701128000
2540 273873772806814063
2541 273881836236277568
2542 273905121614229504
2543 275277239811434952
2544 275569117423621992
2545 275715618905119328
2546 276363899876570688
2547 277046474152541184
2548 277320735782259624
2549 278590466060750853
2550 278961773313073032
2551 279163592685810875
2552 279271029376819727
2553 279476259980322762
2554 279525244982541831
2555 279635442201426311
2556 280042389250982379
2557 280120756335328125
2558 281346393098416464
2559 282088719412086951
2560 282461900880250000
2561 282825646258750803
2562 283361781482180856
2563 283472955721651248
2564 284178855077529048
2565 284311454664269312
2566 285522744633017472
2567 285583362730021720
2568 285837926316254585
2569 286189719774640192
2570 286662784677981768
2571 286735201799976000
2572 287167326239974005
2573 287175548189333223
2574 287304262633710875
2575 288622304464407921
2576 289452479813103096
2577 289473137224222653
2578 289689025619178549
2579 289977377820997832
2580 290177266574000197
2581 290258942640023539
2582 290718046042341561
2583 290931931101566664
2584 291909645379281384
2585 291940947137264607
2586 292004061241024288
2587 292470149794293000
2588 293009178742371000
2589 293745030751695159
2590 293864102191305009
2591 293970354718465789
2592 294083121209683608
2593 294195184140445000
2594 294662698880655511
2595 294761444547408111
2596 295874052081565832
2597 295917788852372232
2598 296190791574142248
2599 297363726808360875
2600 298690156706950197
2601 298733383794436353
2602 299322127933845471
2603 299521504820977929
2604 300811126499000000
2605 301479060145767875
2606 302949097340185088
2607 302951208073801625
2608 303009985523733768
2609 303559891735417408
2610 303709197406899375
2611 305388961223389407
2612 305960940803025963
2613 306310136927312007
2614 306383768684413875
2615 306400403161944000
2616 306684562031690752
2617 306963374721311889
2618 307351123110052056
2619 307869004961856000
2620 308160094990129317
2621 308684199167048376
2622 309145615279033617
2623 309362474116489248
2624 310017694708244341
2625 310305683264602968
2626 310462655479552576
2627 310607775587078424
2628 311475541451902317
2629 311876073647952632
2630 312250227373389312
2631 313223941055884248
2632 314086169750707809
2633 314669351336468184
2634 315180766107218375
2635 315183431775348864
2636 315618359541022503
2637 316764986626296000
2638 317200949897242392
2639 317247871028202296
2640 317436250036250709
2641 317708586731767833
2642 319405188457168424
2643 319451702261747328
2644 320196089854303208
2645 320507948162276784
2646 320698633709851579
2647 320763254990025608
2648 320797183858587072
2649 321259494590272000
2650 321748100041823000
2651 322720508223512000
2652 322980086172489408
2653 323733188112054777
2654 325078475810380929
2655 326061551031668768
2656 326287011735920664
2657 326404747678562280
2658 326953478872640431
2659 327075088447598409
2660 327153118510265112
2661 327285788142506193
2662 327300958211607233
2663 327954111812769169
2664 328465473055240248
2665 329271078145862664
2666 330479348784012008
2667 330804796905681336
2668 331121473397198848
2669 331457075273233000
2670 332078776096739273
2671 333833076016144488
2672 334446141376339551
2673 334738267338853287
2674 335161510932236625
2675 335552853905724168
2676 335591750931458931
2677 336248927467058151
2678 337945168865677464
2679 339237068478326720
2680 340266434636568375
2681 341025409597856256
2682 341884012583123136
2683 342745941462437448
2684 342861453249568344
2685 343197223085467296
2686 343324202695196184
2687 343587834987622569
2688 344019883701736125
2689 344156683836342312
2690 344586127165736904
2691 345222832180570344
2692 345372241779656000
2693 345726453901681853
2694 346766956234141625
2695 347128197830008029
2696 347229345928815441
2697 347599133680734208
2698 347965778339898264
2699 348235542562715136
2700 349152131146133952
2701 349314115137624000
2702 350116161987384000
2703 350607496779900864
2704 351291765714231608
2705 351539832804785352
2706 352083302228306727
2707 352150401880403217
2708 352557209263588056
2709 352908778820814216
2710 353523629830662592
2711 353540460837402783
2712 354763857514647672
2713 354946920231633912
2714 358207284394203848
2715 358758815633031168
2716 358835096937635136
2717 359426530792291599
2718 359783539694826039
2719 360187393446428184
2720 360726916436909568
2721 360822824345844224
2722 361454885656908875
2723 361695968109217280
2724 362099795353492859
2725 362391976422843003
2726 362891233902683304
2727 363369576022873875
2728 363673093573357568
2729 363825491088019968
2730 365195561746238433
2731 365308849537723000
2732 365332303199604195
2733 365492274260514093
2734 365992629799116096
2735 366824804622560613
2736 367476456686110009
2737 367632990343250632
2738 367848325444942125
2739 368106640290967552
2740 369063466062252416
2741 369122923396448767
2742 369632495105940456
2743 370107935920057608
2744 371518907571126504
2745 373020539983914277
2746 374640242372577792
2747 374651861386808376
2748 374926439117464507
2749 375115229608208768
2750 375588457962392304
2751 375773510642592699
2752 378305984864160171
2753 378349041327602625
2754 378813350614862744
2755 379803917491947459
2756 380501784608023232
2757 381132704431724733
2758 382168173955640625
2759 382518569923956648
2760 382657180251528000
2761 382782106840276152
2762 383225180529848832
2763 383769331616053656
2764 384097236497911872
2765 384228762815109375
2766 384386078873212416
2767 384446979976243968
2768 384447421158812648
2769 384516584158616000
2770 385871325502756912
2771 386638385672055861
2772 387831601286566731
2773 388433152111886784
2774 388863718902018549
2775 388960437217625000
2776 390267015306021000
2777 391270615774241112
2778 391673198225122352
2779 391747369087789568
2780 392353926389903296
2781 392812554388527000
2782 393117471367296832
2783 393160146238502559
2784 394488604133670375
2785 396599629078203336
2786 396629049482647254
2787 396799070263822261
2788 396810444530029248
2789 397182306483208792
2790 398316442547283624
2791 399588431076220743
2792 399895409727463104
2793 400682227421411208
2794 400838563497613752
2795 402398080999978707
2796 402707468198330568
2797 403821711058549455
2798 404236764902012679
2799 404301016144397736
2800 404478564863881501
2801 404542389495626109
2802 404937540471146536
2803 406100266402500488
2804 406997520299232408
2805 407025720174535488
2806 407691723579423976
2807 408107066814403875
2808 408223711599769000
2809 408355615583496000
2810 410753736954379000
2811 410870770154220376
2812 411170684405735592
2813 411275149041786120
2814 412948383796442312
2815 413213050518899904
2816 413696012182601057
2817 415910096012958400
2818 416861351843732497
2819 417987310990556736
2820 418090373339184000
2821 418945718265472125
2822 419543807562254375
2823 419970097959317568
2824 420253329267122715
2825 420612934672578375
2826 421016902555776651
2827 421131998900568384
2828 421322234768253000
2829 421378713917610624
2830 421418643207935373
2831 421452939517494976
2832 421920447379978176
2833 422220428263117449
2834 423712672654315311
2835 423831048600863232
2836 424186972505694216
2837 424488128382390744
2838 424964054254838833
2839 425211698681703927
2840 426182692397869736
2841 427059954602792000
2842 427466368791891000
2843 427950374476106664
2844 429027518706410988
2845 429117472556757712
2846 429194363033487681
2847 429886179707572224
2848 429966952408399805
2849 431873623085950864
2850 432110361230861768
2851 432409650833802313
2852 433285469814468096
2853 434019500330341744
2854 434658775718375000
2855 435944286247061592
2856 435981048899295744
2857 437074927004012544
2858 437228870399056008
2859 438400591616129688
2860 438446461602319352
2861 438679082876134464
2862 439459632493411861
2863 440678082845926296
2864 441466096169722104
2865 442098463149999747
2866 442350442065933063
2867 444597584736123000
2868 445160942917046272
2869 445808642326957000
2870 446202114170477392
2871 447673837835432880
2872 447970475834167104
2873 448308378078213952
2874 448666095263792770
2875 448833015574123544
2876 448931203870732856
2877 449046088369483752
2878 449554329708985592
2879 449828041194489321
2880 449923893374704896
2881 450068042914541632
2882 450074303423100648
2883 450257175704143269
2884 450367961869917000
2885 450798517778697081
2886 451130859433780344
2887 451505397555418563
2888 453557604174633576
2889 453893432209995771
2890 454703188503984875
2891 456643676498075703
2892 456732341694149976
2893 458753856574628160
2894 459765864646949224
2895 459953459431179840
2896 461406602654122671
2897 463576586936627528
2898 463927617990109000
2899 465145369212281931
2900 465818035198495616
2901 466403143313572101
2902 466422697437788728
2903 467054729736720237
2904 468813408652031625
2905 470254530582817344
2906 470323370165103000
2907 470656015371150336
2908 471200920675225048
2909 471315953207939112
2910 471475540656910664
2911 473641154447870656
2912 473937786680432256
2913 475440726613763736
2914 475498183686443099
2915 475862492195625024
2916 475870356374279104
2917 476362476909172224
2918 476419325056300864
2919 478054793218871232
2920 478446742386010944
2921 478566706211661375
2922 479110906775886840
2923 480424875194890899
2924 480644983242418176
2925 481273885855801701
2926 481701045341732643
2927 482235271964941131
2928 482309618533512201
2929 482420936206581463
2930 482530792391195968
2931 484259628052035297
2932 485424956647389096
2933 485589841723042056
2934 485947786623121368
2935 486091654058592064
2936 486688934632079816
2937 487211058025417152
2938 487270059573426129
2939 487728835675303131
2940 488524091841041256
2941 489159110606211136
2942 490998503412914679
2943 491398109545583331
2944 491833101033421875
2945 491956334755251912
2946 492254874478675224
2947 493216380434232000
2948 493288847665954641
2949 493808687942295635
2950 494043162084018001
2951 494449914859909632
2952 495956518942942603
2953 496036993050963000
2954 497048688056643128
2955 497519394764198625
2956 497585683701182349
2957 498345177885093000
2958 499097121849393984
2959 500123672163343872
2960 500243093494588864
2961 500664604518953875
2962 500749337121509376
2963 502047830838045464
2964 503235746664718760
2965 504936860289423679
2966 506077105927052296
2967 506119982140864000
2968 506639336745061000
2969 507113669797116984
2970 507400212805979094
2971 507553611298517511
2972 507626673532643448
2973 507994981170040728
2974 508128358413937625
2975 510583244200060031
2976 510846697406413368
2977 511149238895792952
2978 511151197049333568
2979 511574542296749568
2980 512088848120701521
2981 512837684796542625
2982 513521459951980032
2983 513559759335727104
2984 513656877331895752
2985 514001670216216273
2986 514230987173241464
2987 514870322893171875
2988 515417452470157419
2989 516190182606072000
2990 516333026264518008
2991 516395624124494088
2992 516490374998431232
2993 517296461446280997
2994 517646728833393250
2995 519037828895313000
2996 519091657023369339
2997 519255896342948037
2998 519775223006075400
2999 520230222032780168
3000 520310102628261547
3001 520395457686931008
3002 521107136556185088
3003 521543363357646000
3004 522329785409208231
3005 522855406560225375
3006 523249787582728128
3007 524138547043691209
3008 524800369523781000
3009 526749534961316875
3010 526875015809027375
3011 527259500842858875
3012 528072641202645504
3013 528596215778331883
3014 528839788625591625
3015 529626429435471949
3016 529633430647122312
3017 530677157437164465
3018 532333617067921851
3019 532426979236509000
3020 532455295178079000
3021 532758070879764912
3022 532914532712433144
3023 533207815275137625
3024 533460642114790215
3025 533991955869328320
3026 535590162458116731
3027 536420178101858904
3028 537385156431294619
3029 538689368947871232
3030 538723684251207875
3031 539083416389499072
3032 540365953903362496
3033 540927242919189217
3034 541788070386115098
3035 543772117973959875
3036 544196071402667712
3037 546052383071569088
3038 546525072644301504
3039 546874864990272000
3040 547194055686124392
3041 547627688027389125
3042 548373070899887625
3043 548727262128056375
3044 549387469881329625
3045 549408029145925131
3046 549994066497870911
3047 550120801339706688
3048 550995566418976896
3049 552174719315086287
3050 552308686920350208
3051 553023113942727883
3052 553724691693936399
3053 553876683022630422
3054 554147170083745056
3055 555184084549787875
3056 557217350795380032
3057 557570801876817456
3058 558782645208247187
3059 559351796067875053
3060 559454853869632000
3061 559758579934042125
3062 560856894654131712
3063 561103350399159750
3064 562137435082400625
3065 562385143441910152
3066 562766987668365909
3067 563436226644514984
3068 564171151255461477
3069 564216521860311229
3070 566282539272973824
3071 566477662366980000
3072 567626039423594424
3073 568168925484836312
3074 568240460916786567
3075 569448389763673784
3076 570434622917988465
3077 570751155248228864
3078 570970467246264904
3079 571186640747228625
3080 571330077003721000
3081 572197852452381272
3082 573862167508894992
3083 574062496485732352
3084 576081354685256000
3085 576460151587561176
3086 578666748010977171
3087 578920843108010403
3088 578976416293746744
3089 580138212100480488
3090 581145508970364429
3091 581443352157342528
3092 581952281197633353
3093 582327169125844987
3094 582820801778603375
3095 582983335395162000
3096 583119457136490456
3097 583509593509479000
3098 584874365156395496
3099 585482958353235033
3100 587440583912854161
3101 588472124730215544
3102 588617002822499469
3103 588849149903985152
3104 589948541117301464
3105 590450970794328000
3106 590803381689577875
3107 591676407702245376
3108 593583191148690496
3109 594643214726925273
3110 595504126780641000
3111 597251696133376648
3112 597349641344421888
3113 598307888650522624
3114 601421282418543489
3115 603059811591896000
3116 604980279778172480
3117 605601553675658904
3118 606872688590085561
3119 607416653831735384
3120 609239062217549673
3121 609728359449652352
3122 609887849675485528
3123 610363071761466240
3124 610622727436298304
3125 610911515094519464
3126 611405416612946088
3127 612172854174537000
3128 615653158594383000
3129 616020762732593309
3130 616225413716581816
3131 617620446001503000
3132 618112808101795617
3133 618670978840187000
3134 619033575226913000
3135 619328770795279125
3136 619513722323750583
3137 620806580799921936
3138 621452693897957376
3139 621552679041881223
3140 621780580193905216
3141 622508393762884503
3142 626272098893338625
3143 628450046579654208
3144 628540703546623875
3145 631095478054489000
3146 632019475492319061
3147 632570808667616000
3148 634422100445213184
3149 635048064479950875
3150 635345997670138816
3151 635567897494971432
3152 637421022377182953
3153 638252547974216000
3154 640447260733917000
3155 641141900766549000
3156 641331104428517776
3157 642473606534792949
3158 643415443891664535
3159 644043185407082097
3160 646443762161795136
3161 647242003503531072
3162 647262333653278824
3163 647801572258905848
3164 648158687280206648
3165 649853879965833816
3166 649863702551296233
3167 650137031676948501
3168 650542099267648000
3169 651431347245432000
3170 652125809200012875
3171 652136034184927117
3172 652386614256111735
3173 652618677349542267
3174 652770355295331000
3175 653230381448480472
3176 653601063968307000
3177 654687954053339759
3178 654800170292993088
3179 657242932868782624
3180 658925878749098688
3181 662464737910275391
3182 663582098437228152
3183 664777171402116192
3184 664831069783322624
3185 665176614618631752
3186 667217561431204728
3187 669572605090101960
3188 669637681692315336
3189 670487567138764739
3190 671501708134815168
3191 672010346478756159
3192 672447215372339008
3193 675280533150752256
3194 675465910727468777
3195 676014431681843163
3196 676546079439348909
3197 676820353905528768
3198 679062763719377856
3199 679796616119374117
3200 682266688616096064
3201 682537659929722168
3202 683487398666144952
3203 683991716384994101
3204 684493408373320000
3205 684608132399593311
3206 685815979647477042
3207 687853256123806136
3208 688055121629414091
3209 688986989299090944
3210 689751386018415000
3211 690031546821329839
3212 690572138925017375
3213 691022591147294784
3214 691103171120410503
3215 693406227761000000
3216 694238690262488625
3217 695499781149227152
3218 695558650145153256
3219 696689149510545408
3220 697191819262029000
3221 697366296293970429
3222 697514856076446408
3223 699087676373167625
3224 699466539279075048
3225 701156200221595125
3226 701634547747753984
3227 702924676072166457
3228 706644755069686433
3229 707157588897724328
3230 708241584047168808
3231 710257092178376925
3232 711084209648631065
3233 714027180349097307
3234 715265142619233024
3235 717046072566607693
3236 717804925737324544
3237 718316119014997167
3238 720354723811894899
3239 721156280413240000
3240 722501782288714701
3241 723124556923671000
3242 723893423288444929
3243 724574310886232352
3244 725098263210436941
3245 725494356901496000
3246 726149731470431912
3247 729001943570637009
3248 729563336619072219
3249 730543779525396375
3250 731321209263156183
3251 732796993064362141
3252 733001788724751000
3253 733850176163131512
3254 734270150286837801
3255 735326454215717000
3256 735870268432631465
3257 737116203246696000
3258 737273015190168912
3259 738049781918154771
3260 739537030669971051
3261 739731667593726863
3262 741510653109187689
3263 742110033035846232
3264 742397977907714583
3265 743546333459153763
3266 745109138030359375
3267 746104141060322625
3268 749519696839280913
3269 751046824876572224
3270 751416027394103253
3271 751481436053860659
3272 752495955824733696
3273 753112309176392256
3274 753269951419007841
3275 753425255961391104
3276 754199391986547416
3277 756288565095938112
3278 757239923174995449
3279 757627069647865437
3280 758476597228223419
3281 758621182971512952
3282 758800785197890955
3283 760193898373776321
3284 763865535515519043
3285 763953014148494625
3286 765235461332822760
3287 766167577773474240
3288 767158438920211000
3289 767549384080290819
3290 768070812899301912
3291 769045376998273536
3292 770203298059086528
3293 776747220153710715
3294 777103543884315375
3295 780846795310800456
3296 782458520752313496
3297 784423143615384000
3298 787050318710965248
3299 787118941021538888
3300 788188330256690664
3301 788643147125223936
3302 788934029519727000
3303 789533420344998875
3304 790367170017614336
3305 791169397259238144
3306 791205919429653000
3307 791301451277178296
3308 791371089792213112
3309 791674012802436309
3310 791964362601886392
3311 796338933960332637
3312 796786217279106327
3313 797410505284808896
3314 797444962374308976
3315 797723617295763529
3316 798326999583257088
3317 799169661263433672
3318 801220032478973952
3319 801224084074296519
3320 801383641938569664
3321 802371311519134455
3322 803250743048628875
3323 803983070686985819
3324 805353335894016000
3325 805936066438127625
3326 806284879096136167
3327 808265376064364608
3328 808327598857248645
3329 809268764483356749
3330 810216860465376000
3331 811212649611423488
3332 811705221313878528
3333 813776015920806792
3334 813911822970559488
3335 814785174024325875
3336 816457473278647083
3337 817954943880256000
3338 820076778685958248
3339 820939555449988039
3340 821041483506513633
3341 822689379126798183
3342 822783009550266856
3343 823582061067939875
3344 824697773193313656
3345 825428408479521336
3346 826031287889381448
3347 830197907279559819
3348 830424285588281293
3349 831490330870788687
3350 832787774030937088
3351 833342641412709519
3352 834620744739757248
3353 835324131450636945
3354 836112987228618216
3355 836454719202541208
3356 836664631741449000
3357 838721043521103808
3358 839396164226383647
3359 839406168509359087
3360 842392290275479125
3361 842815671120626112
3362 844764892727242851
3363 845133589063364328
3364 845279080705396125
3365 845996837376483163
3366 846193873997346112
3367 848897053001885888
3368 850023628401887576
3369 851769217996822125
3370 854449393975736832
3371 855183361532513923
3372 855418766431110336
3373 855817714660852125
3374 855914901433664904
3375 856084693187650095
3376 856523538758133155
3377 856820762657653248
3378 859149028563904000
3379 859626035289007623
3380 860166924608927511
3381 860305937819747328
3382 860989784258979648
3383 861270468853033512
3384 862649351382904848
3385 862873012688306256
3386 865870400558800000
3387 866823136554663288
3388 867371249194195473
3389 869040080760943000
3390 869610055992384168
3391 872674952383140625
3392 872891137538716933
3393 874139718715326280
3394 876913539956867952
3395 877666055457161152
3396 878983173649546875
3397 879533808333498584
3398 881008116364643904
3399 881429218842751488
3400 882401135742885248
3401 883049213075013432
3402 885630929515941609
3403 885812527324041408
3404 886422002609233216
3405 887270946538664961
3406 888029419965291000
3407 888251943865721617
3408 890127701181226872
3409 892535803835968376
3410 892595724472446813
3411 893751594759146816
3412 894286313747485568
3413 894908888352619875
3414 895588607132481024
3415 895710313924172712
3416 896851771311553947
3417 897367234499771904
3418 898878991961914353
3419 901304649234852057
3420 902921301858616768
3421 903276880332091272
3422 904054803286110840
3423 905947375086684000
3424 906549953726073384
3425 907312829770095931
3426 909617472118873637
3427 909889950364748136
3428 911158858134552384
3429 913357749523924952
3430 913677301064514987
3431 913853521936282447
3432 914179601042305416
3433 915528532546719000
3434 916281530568595107
3435 916308936205122304
3436 916517288057787864
3437 916944175229969763
3438 920757475914386383
3439 921187554865179875
3440 921911397008382144
3441 922290704364986047
3442 923825779246444347
3443 925277507842358125
3444 926219699794279709
3445 927406154188387503
3446 929377111084219035
3447 930267642754617111
3448 930857436656050176
3449 931677526430777581
3450 931833673792142625
3451 932906043533750832
3452 933359228771520375
3453 935617678577218000
3454 936417305796743232
3455 936626223247061256
3456 941074798696968384
3457 941487316937247295
3458 943188527957314723
3459 944182226648298456
3460 944273004791088392
3461 945141311133588744
3462 946200739728161736
3463 947001864391370424
3464 947183168047236750
3465 947204443725636096
3466 949865006149363584
3467 950218310385957032
3468 951271058384821512
3469 951731439493294089
3470 953694127551366656
3471 954726657414827661
3472 954857620614721824
3473 955295679748168584
3474 955543475637387000
3475 957783610518823305
3476 958870147974711336
3477 959779857674909817
3478 960018115528134208
3479 960605025127111000
3480 960688598076323389
3481 962477205547992813
3482 962825140693936000
3483 963299119105350125
3484 966502706697801000
3485 966892467546304488
3486 968129862840626752
3487 968616168606554797
3488 969497837796770919
3489 970037042037795487
3490 971434271104890327
3491 974574200230762257
3492 976902119369222949
3493 977211082627318539
3494 977279311810671408
3495 978014521494017432
3496 978089766631672968
3497 979002652729563072
3498 980927601062963463
3499 981130232277181656
3500 981932268977474507
3501 982762210693519867
3502 985916367497332089
3503 986948834923531584
3504 988073912407185000
3505 988369384038551424
3506 988777566788673879
3507 990931242355047000
3508 992212248943577025
3509 993230493652680192
3510 993270681794992328
3511 993767992258671000
3512 994324948791483456
3513 995940828932560875
3514 997341169153303143
3515 999640210550596433
3516 1000010556997204760
3517 1000052362094274216
3518 1001696569768637288
3519 1002034748156665392
3520 1003977441953366552
3521 1004770669751870931
3522 1008714275451803375
3523 1010008794163962411
3524 1010693007613036125
3525 1011019327602147136
3526 1013179616817020352
3527 1014292849163638445
3528 1017649253036065923
3529 1018166975222018544
3530 1018230527950272000
3531 1019213669200896000
3532 1020779612071639875
3533 1021221871000696512
3534 1022879534070582909
3535 1022987622257625024
3536 1023228805269192704
3537 1023507562192478272
3538 1024169937401856609
3539 1024704886635806616
3540 1025455007527173440
3541 1027207166734567000
3542 1029644498177121528
3543 1030790726895849192
3544 1034937840818408625
3545 1036484586727352811
3546 1036524608201057976
3547 1036808327384149320
3548 1037771910049603608
3549 1038926005722171875
3550 1039096217336387392
3551 1039194402495925312
3552 1039228531503726375
3553 1046565926276802048
3554 1046692268989613064
3555 1048339548273258423
3556 1049618128403451061
3557 1049631735950973000
3558 1054034312248427328
3559 1060860946570998272
3560 1061707981978408401
3561 1062054231283706472
3562 1062275084179878861
3563 1062452271473302437
3564 1065050397235588608
3565 1065329754816389589
3566 1065808179826371072
3567 1067593984984492875
3568 1067824903783549464
3569 1068131529856557504
3570 1069189898480004392
3571 1071372800362557888
3572 1071934865607464703
3573 1072396605603534848
3574 1072542429689913000
3575 1073814317510099776
3576 1074340829158993656
3577 1075119085884228840
3578 1075711993933702041
3579 1076316929055691687
3580 1076714407634218353
3581 1077555711685764528
3582 1077582362417405208
3583 1077727057682655744
3584 1078302923915857920
3585 1079756950873007736
3586 1080423570287355392
3587 1082441169910858240
3588 1082792977426570312
3589 1082978557769390625
3590 1083005071934326632
3591 1087421578116776000
3592 1087707780598858965
3593 1089302927590967336
3594 1089613565272939707
3595 1089826260762867192
3596 1089930370264344000
3597 1090708697825566813
3598 1094668300204990875
3599 1094959836552887613
3600 1095351179279698432
3601 1095404864122755648
3602 1095769940891557743
3603 1096014849584950503
3604 1097034960176792000
3605 1097280845912808648
3606 1097290774564855416
3607 1097720573698672560
3608 1097741483750181608
3609 1101409412330852352
3610 1107290037697491375
3611 1107315048520141461
3612 1107996152284090368
3613 1108641434017540689
3614 1110258840276000513
3615 1111810970105134299
3616 1111985019607466179
3617 1114121516727535983
3618 1114733614214578176
3619 1115179469388204129
3620 1115576791382968768
3621 1117396452156204213
3622 1118945879868375000
3623 1119129620689169271
3624 1120926150669092040
3625 1121076850411468125
3626 1125635596292366523
3627 1126361418637476168
3628 1126380985037085141
3629 1126900144957519296
3630 1128007428136108191
3631 1128229415986417416
3632 1129873620546125000
3633 1132401508835130072
3634 1134798040909509606
3635 1135722572016580288
3636 1136673914973257080
3637 1137199594122632313
3638 1140778040497507629
3639 1142789518168835021
3640 1142966466764315200
3641 1143615599905222808
3642 1145567397927910104
3643 1147875179258382939
3644 1148710631082002352
3645 1152497432654533728
3646 1152978875026020000
3647 1153386789710010408
3648 1153657786768695936
3649 1153738666308375000
3650 1160972315093626776
3651 1161162352197942129
3652 1161814669475354739
3653 1162782354106509192
3654 1163836454955578047
3655 1164151216732255479
3656 1166592556080224000
3657 1168762067115729912
3658 1171486109855389608
3659 1171721107469584000
3660 1172789258587023168
3661 1176611943969204687
3662 1179423330221623032
3663 1182662664235561152
3664 1182974980095406297
3665 1183169516886690697
3666 1184006467067481792
3667 1184211376257251384
3668 1187977021652073679
3669 1189180159238799000
3670 1189247883848970157
3671 1189532261465794701
3672 1194193146120079833
3673 1195524028988850951
3674 1201183250752253321
3675 1202850855265441984
3676 1203150796568727552
3677 1203596415970276536
3678 1205230357224019000
3679 1208354422741356709
3680 1208402264197772371
3681 1208588264655081336
3682 1210904266493311488
3683 1213472223631373517
3684 1213938777913974567
3685 1214224450934747427
3686 1217726162153639424
3687 1218035266541370648
3688 1219270097654851905
3689 1221397587782281728
3690 1221545642440862375
3691 1221679331668006848
3692 1222442800009194589
3693 1223948564359580241
3694 1225485446115695401
3695 1226411512765816104
3696 1227994146916603299
3697 1229078374080433507
3698 1229201934476303431
3699 1230996035696233625
3700 1231121844010082304
3701 1231206247251169280
3702 1234798402618648296
3703 1235532404245824000
3704 1236233356159980997
3705 1237117959295384896
3706 1238293137598120000
3707 1239105664932057000
3708 1240094995252789256
3709 1241043878129544125
3710 1244284834380950817
3711 1245960838345958000
3712 1249357647892431987
3713 1249859636463218976
3714 1252840141581151032
3715 1253273533321612264
3716 1254582300799555784
3717 1265880911158116288
3718 1267408562279409368
3719 1268574725156251968
3720 1272353597588619000
3721 1272525646315795200
3722 1272910742948700973
3723 1276357215286153728
3724 1279007829848699496
3725 1286964606931833375
3726 1287151395845156352
3727 1287303795686201384
3728 1288320010982655112
3729 1289417845213860544
3730 1289970173635267033
3731 1290135658800988125
3732 1290516310723129399
3733 1290699840162198375
3734 1290886915742596809
3735 1291345108992640000
3736 1291409045780623848
3737 1292097641500828125
3738 1297969321517607167
3739 1298726178189909434
3740 1299420464086103625
3741 1303058804651191224
3742 1303784812811087091
3743 1303855556964688000
3744 1305649803495355416
3745 1305843509158813072
3746 1307982730603278392
3747 1308701702555870896
3748 1313602953186888000
3749 1314908628325326125
3750 1316459060359686656
3751 1320975520249028904
3752 1322020418036171607
3753 1324492315577717797
3754 1325084788677522600
3755 1326135484859994424
3756 1326802332559977000
3757 1329114587129475328
3758 1329945823168778816
3759 1332384579458840808
3760 1333114045932403000
3761 1333499533302056328
3762 1333775251874520000
3763 1334295031800094875
3764 1335739993646877000
3765 1335880264664389464
3766 1336118723907258304
3767 1341616055600253888
3768 1344218513641297875
3769 1346183460238675968
3770 1346330049982607053
3771 1351139122369687625
3772 1352676021099984000
3773 1352809139155838000
3774 1352829674784468888
3775 1353692750631846625
3776 1354232118332630257
3777 1356532610855184000
3778 1356999402916441557
3779 1357644271822999433
3780 1359106303983771096
3781 1360005137902593000
3782 1361130816559042529
3783 1361137837453528680
3784 1362985097761332864
3785 1363790605198948416
3786 1364110564977133848
3787 1366972767502012377
3788 1367123858526319803
3789 1367603472627027792
3790 1367857460501205128
3791 1368767282840047125
3792 1369926500839113373
3793 1370776569117893217
3794 1371512082674029625
3795 1372292215150349376
3796 1374126627329911000
3797 1374894112998691369
3798 1375814168654553000
3799 1376495481730733000
3800 1377749448051529896
3801 1378983747822418647
3802 1379478570964391079
3803 1381478347886192712
3804 1381913364994462881
3805 1382859722997049024
3806 1383029578998520488
3807 1385376102066116251
3808 1385780972879860011
3809 1386201065172851375
3810 1387099988245760887
3811 1387255785345178840
3812 1390346689486710375
3813 1390682971321120512
3814 1392809298779080000
3815 1394594045501287176
3816 1395108730050563528
3817 1395639296193801672
3818 1396216451548975329
3819 1396442797186784256
3820 1398402320723737875
3821 1399328153853112448
3822 1402229192218802857
3823 1405713130970778000
3824 1406250454951047979
3825 1410275307013226416
3826 1413317780184363625
3827 1416145466272954625
3828 1419719488829108649
3829 1420444058083799625
3830 1421081528767008192
3831 1421362208064734208
3832 1424379065578979328
3833 1426297478839760952
3834 1426926276104753375
3835 1428517872752374593
3836 1432331810800493967
3837 1434790372254068375
3838 1436521731846497289
3839 1436983392010368664
3840 1437908994802697536
3841 1438623735174302859
3842 1441673983753225920
3843 1443031584086022831
3844 1445216132841842088
3845 1445552853222546432
3846 1446214170074601681
3847 1447869893938105176
3848 1448621858817616392
3849 1450845472050217152
3850 1451177678111103936
3851 1451490681136867371
3852 1454567365809882513
3853 1454741322335775747
3854 1455657363461574000
3855 1456858395192671289
3856 1457022308349365875
3857 1458170641946288088
3858 1459032653954207232
3859 1459754246531957012
3860 1460505960666529875
3861 1460534615741650995
3862 1460912600538349056
3863 1461790434924205568
3864 1462483727261240229
3865 1463402028323014416
3866 1464241020952162824
3867 1465340029476687000
3868 1466700322403348136
3869 1466828255676123648
3870 1467570270960185112
3871 1467709235943462720
3872 1468554959824407000
3873 1470361499981756928
3874 1471954812655506543
3875 1473919900526630375
3876 1474290704582650864
3877 1474666489737566125
3878 1474673279009916888
3879 1477006454979415360
3880 1477841348961258632
3881 1478317322236744899
3882 1480007856306259000
3883 1482823981327058552
3884 1485364904730482048
3885 1486469896571552256
3886 1487376467022811456
3887 1489321647671072040
3888 1490650299934753113
3889 1491912669034265625
3890 1492058236727359125
3891 1492187040352466568
3892 1493334316861894017
3893 1498213441465614152
3894 1501198939285817408
3895 1506459883900007547
3896 1510630627361532040
3897 1513258855613879472
3898 1513339071482294784
3899 1516852933484408000
3900 1516983391624120875
3901 1519159334068369000
3902 1522348223168523933
3903 1523246771126209129
3904 1523392016868057600
3905 1525252871720044584
3906 1525999241879735616
3907 1526717064163060224
3908 1527508533798636480
3909 1528106925400453125
3910 1528971483894943744
3911 1529390861866162269
3912 1529434355371284024
3913 1531207739642916699
3914 1533010370449506984
3915 1533767866919333136
3916 1534712053401048249
3917 1535816987474049000
3918 1537212075212267272
3919 1538004581744201928
3920 1538555237356147920
3921 1539231936271733431
3922 1539358600078117000
3923 1543684064995457000
3924 1547004230474131611
3925 1549829125882749537
3926 1551745600769637656
3927 1551904706748123728
3928 1555762118680531944
3929 1556267928212088000
3930 1557385896987982971
3931 1557588112609149019
3932 1561676963274687168
3933 1562909657590202643
3934 1563885348963956928
3935 1564847135106266375
3936 1564948415141499024
3937 1567010891232312552
3938 1573159911058364391
3939 1573253302340640375
3940 1574612670743028072
3941 1581488158653634968
3942 1581611164122415104
3943 1582318745443957248
3944 1582918101302092191
3945 1583567734788164160
3946 1584832356218422584
3947 1585233331383403000
3948 1586264782569647544
3949 1587407241612647448
3950 1588117126410301760
3951 1590587339729969152
3952 1590627544332496488
3953 1593527517357867000
3954 1593828532929028032
3955 1596724528893501176
3956 1597016745481976000
3957 1598151323127937536
3958 1600247065200061824
3959 1603339810631015912
3960 1605386492047508625
3961 1607058930164267008
3962 1607739220866268728
3963 1608408544935786048
3964 1608467465832326281
3965 1612366005362112000
3966 1613000088739376181
3967 1613132904888516375
3968 1616300632019366064
3969 1616593148987799528
3970 1619012923418926152
3971 1622094064120052712
3972 1625121862484352875
3973 1627234058359223496
3974 1627437521096347968
3975 1633271317232413131
3976 1634017664977583795
3977 1634268343837778432
3978 1635361366909725000
3979 1636078017018256749
3980 1636369961006592000
3981 1638071095641720831
3982 1639134017653825728
3983 1640759058248454125
3984 1644813340871978403
3985 1646085596490187992
3986 1647313291279656000
3987 1647641075834976768
3988 1648867292616033000
3989 1650888287437697000
3990 1653381734100957504
3991 1655500235857894459
3992 1656399989902177737
3993 1658779286666228083
3994 1660261318367055768
3995 1660955258057823000
3996 1661430194767370944
3997 1662317191454913000
3998 1666173598785188857
3999 1667647532984887909
4000 1668398912100602227
4001 1670423510665728000
4002 1671853331626178337
4003 1671876168945096205
4004 1675980345844159992
4005 1677906020866361832
4006 1679309619029340480
4007 1679499828090099288
4008 1682008462232855757
4009 1686370203937536264
4010 1686428378129908224
4011 1690505732487663000
4012 1690665153934245272
4013 1691673818637632193
4014 1694455247578779243
4015 1695608261946313119
4016 1699137235505584728
4017 1700665613591503923
4018 1701368736328863000
4019 1702753244676737883
4020 1705588641745869013
4021 1711261551416391000
4022 1713445356787347365
4023 1714180170802248000
4024 1717966589188941000
4025 1718206165670111208
4026 1718832371107767552
4027 1720323518040212813
4028 1720864698444126144
4029 1722022850715101704
4030 1722350777336815752
4031 1722594843243015625
4032 1723638751877952000
4033 1725316608052509157
4034 1725647195300700672
4035 1725827290506256392
4036 1726245502988275584
4037 1730577672859626773
4038 1732243981909448000
4039 1732490062102684521
4040 1732492990105173504
4041 1737292298549939677
4042 1739540088049003821
4043 1742655388036051125
4044 1743177124787462000
4045 1747339399808120664
4046 1751857684887675573
4047 1752475853471261184
4048 1756344558523557184
4049 1763224776249768000
4050 1767656144728471816
4051 1770162203358047744
4052 1771526991895990784
4053 1775370470347873728
4054 1775483860234822227
4055 1780521465453324048
4056 1784614695409375011
4057 1787025334289203008
4058 1787159341336950217
4059 1787563681695530739
4060 1788336372834444888
4061 1788392640778425017
4062 1790107230780888201
4063 1792862790062607207
4064 1793934659793536000
4065 1796691715431067000
4066 1800739157897016792
4067 1801049058342701083
4068 1801768925684302848
4069 1802147696298306747
4070 1802625483406738536
4071 1807649236314950336
4072 1812138915717911872
4073 1814194729520338536
4074 1816495527156350976
4075 1816747408410867504
4076 1818338948995933000
4077 1819877399827444629
4078 1824025392708972544
4079 1824575299445839976
4080 1825690693733144000
4081 1828066625678972952
4082 1829416919328881792
4083 1831419991995369984
4084 1832886441981269829
4085 1833032840656515589
4086 1833618317525025967
4087 1835610678460391616
4088 1837338200655048000
4089 1839082254419244744
4090 1839151194021095192
4091 1840549051720736000
4092 1841464898971245576
4093 1841636449756376000
4094 1842002803845784125
4095 1854310714830683928
4096 1859502100937952016
4097 1861832045915050293
4098 1862227105710322176
4099 1863781050602022552
4100 1870389364807217592
4101 1871099628741877625
4102 1871159953543820856
4103 1871452112209624000
4104 1872417702142879983
4105 1873820021138377767
4106 1875426327591145875
4107 1879643057515517385
4108 1882006114538237688
4109 1883823770369311407
4110 1884939145237783089
4111 1886382808847822250
4112 1887058712282319667
4113 1887747557969866411
4114 1889774212165632000
4115 1891435929603949512
4116 1894968997024032081
4117 1896672795784735248
4118 1899599091808573008
4119 1903503015150912000
4120 1904224694158558863
4121 1905161887998211752
4122 1907707425332625000
4123 1908230070222567000
4124 1912811462257897656
4125 1913624845083431424
4126 1923011340946008768
4127 1925388306527131719
4128 1925653654971399528
4129 1926659567261139984
4130 1926930116438807480
4131 1933023179410330176
4132 1934602203363405875
4133 1935231683803968375
4134 1936095906070333224
4135 1941283652023340352
4136 1941840172313169912
4137 1942062839401970376
4138 1952167189842854621
4139 1952828927858858517
4140 1955510587490757696
4141 1955688693181449408
4142 1959136112359409984
4143 1959844402061274456
4144 1966828256279595072
4145 1968690895756984763
4146 1973855898685125000
4147 1976855998828623640
4148 1979499078966965157
4149 1991152565359848000
4150 1996279378087960000
4151 1996307462474829224
4152 1996909757767736000
4153 1997090631765337472
4154 1998582615632840328
4155 1999250324517493467
4156 2004161604444664119
4157 2004612131017687653
4158 2006416600149823372
4159 2007253446178776768
4160 2010949015027665384
4161 2011475910392169039
4162 2013145787227199625
4163 2017202252244352875
4164 2017444061040152472
4165 2019006121802560137
4166 2022070419262450368
4167 2022903066978498861
4168 2024346692823406623
4169 2026021517056002375
4170 2026918545446431000
4171 2029783665344641479
4172 2036599267146550561
4173 2038388919755888007
4174 2047139405630072000
4175 2047203430746440239
4176 2049388933518717336
4177 2049952034039370552
4178 2050074519462954936
4179 2052291572399439000
4180 2053643609133778779
4181 2057476830965082072
4182 2060974107456832512
4183 2062316610635659875
4184 2063724926589764928
4185 2065039801156258381
4186 2067687003300939000
4187 2079023213489551784
4188 2079860673700200384
4189 2079876690262282807
4190 2081736494415474741
4191 2087965360708250625
4192 2088152020803197440
4193 2088492508610852552
4194 2090580108573346299
4195 2094050936884032000
4196 2096568879673890888
4197 2096871966896138432
4198 2097426037011256133
4199 2098484032646456000
4200 2100184874009816769
4201 2100763533676468661
4202 2101988509019138285
4203 2105477991939538944
4204 2107175448746354112
4205 2108003465727334208
4206 2109740130046241875
4207 2111417225442137151
4208 2112421648716918217
4209 2113037682843917349
4210 2114157268243135080
4211 2117361176452431000
4212 2120919122166638976
4213 2121519506100797952
4214 2131385854483517625
4215 2135248759932153768
4216 2137066675706597544
4217 2138394673447050375
4218 2140148200887944676
4219 2142651053978982001
4220 2143166360927612328
4221 2143451607667051500
4222 2146106442147243875
4223 2147579990572316391
4224 2150924323484005056
4225 2152527184869653683
4226 2154755077476010191
4227 2157840490911048216
4228 2160588331615549752
4229 2162075699880134983
4230 2163735825267880808
4231 2166676800322942089
4232 2168701155837010125
4233 2171423108198793069
4234 2172321677281201992
4235 2176658823852454032
4236 2177550493566219583
4237 2181213689795492625
4238 2183751926743915008
4239 2187546350778152000
4240 2187792440273969928
4241 2188530877267798875
4242 2191655116376846848
4243 2193445133609104529
4244 2198625507925728875
4245 2199511613430324648
4246 2199543453839625768
4247 2212595546016397824
4248 2213283047013947125
4249 2218079930315669784
4250 2218934348042408451
4251 2219567366074089304
4252 2219594967883091799
4253 2222788320234027000
4254 2230321659306048000
4255 2232467149454215128
4256 2238188099794362261
4257 2241613000341136233
4258 2246136098405939712
4259 2247224534872222464
4260 2248267742459490752
4261 2250061166584320973
4262 2250923987223894528
4263 2255849874744444125
4264 2256356934913536000
4265 2256514532633265625
4266 2256888585129160437
4267 2256921472290519125
4268 2257113076288536375
4269 2265161477593833000
4270 2267359687966987432
4271 2270301437338746903
4272 2270383516225141128
4273 2272856254541995375
4274 2275128059756979609
4275 2276391629264283288
4276 2277074249729655957
4277 2283308605348796359
4278 2283796616105294901
4279 2284142918888525184
4280 2289981551470925039
4281 2291377928956506936
4282 2291690705651650008
4283 2298036355931953000
4284 2300170829302961433
4285 2300706125150874840
4286 2304476079635273544
4287 2304519360291745344
4288 2307394881705265443
4289 2309459945430450176
4290 2309635932954583877
4291 2314094585176506321
4292 2315061706481433000
4293 2324575298158843464
4294 2325641668596221248
4295 2329674216168311432
4296 2330208771790752125
4297 2332765762458656616
4298 2334117108736766619
4299 2335256061991138377
4300 2340353318682231944
4301 2341511971766798311
4302 2341986026502453184
4303 2343155263105291488
4304 2344128676563957192
4305 2344245445362413376
4306 2344618534286292875
4307 2345113669612852593
4308 2345440288655338875
4309 2347882361799771671
4310 2348021452511806561
4311 2348127900839317464
4312 2351205423836099432
4313 2351390202827978247
4314 2352902026338122931
4315 2361997718829723312
4316 2363881444547328000
4317 2365885794793975552
4318 2365928888482951064
4319 2367232759912493655
4320 2370455360867022875
4321 2371244866664703848
4322 2371505376703614697
4323 2375888943900015873
4324 2381245701054129000
4325 2384745950064586752
4326 2387369552910208776
4327 2389167716144294232
4328 2392561307038482216
4329 2396284689997016000
4330 2400397418382431832
4331 2401026421421838392
4332 2401148151812899125
4333 2408033597931629451
4334 2408709863264044032
4335 2413586388422561625
4336 2415178499653903347
4337 2417996154280004928
4338 2418168523347296298
4339 2423675423734405848
4340 2426571407574439424
4341 2426573000381233032
4342 2428990539500674296
4343 2432458138561658991
4344 2434478196504005379
4345 2435422045938009093
4346 2435514236747327736
4347 2436999577264713951
4348 2444107965787418203
4349 2446877878493465781
4350 2447172197349765769
4351 2447888429954347848
4352 2449178378453395008
4353 2451164129075566476
4354 2452165428976629912
4355 2452690388207765888
4356 2459723651118946394
4357 2462804995778905960
4358 2463725008453239343
4359 2466337568363016192
4360 2471497204656223296
4361 2471971738511788136
4362 2472477875889177429
4363 2474797047345960344
4364 2475209979536211008
4365 2477508280591417344
4366 2480771291574453696
4367 2483891133502681656
4368 2486880168932100429
4369 2487238572028357000
4370 2489006341394832896
4371 2489939918226423000
4372 2496630699603946269
4373 2497022829733947723
4374 2497292106039784872
4375 2498918088886958592
4376 2501554637478851136
4377 2502124293457971000
4378 2502236996818505856
4379 2503001930391144000
4380 2503225304768834009
4381 2506523481112285089
4382 2507977697318949583
4383 2509453663324887357
4384 2510812344893920704
4385 2512082375965351000
4386 2516226521234269662
4387 2516586971194834785
4388 2517861975375329856
4389 2518478034417077768
4390 2521030054204488456
4391 2525151980578152744
4392 2529569669534592139
4393 2531126275771682043
4394 2542367766720600000
4395 2546935670201568399
4396 2549564439706438336
4397 2549835837472478912
4398 2549946641758175296
4399 2551022094114427381
4400 2551887697488391899
4401 2556309846271969125
4402 2557639129018125824
4403 2565691082111376576
4404 2566803250509304023
4405 2570339045267762067
4406 2572886562424961536
4407 2574618756866381043
4408 2574815933852253000
4409 2575082900764647000
4410 2582322155322989625
4411 2584968858440647497
4412 2587625042179520232
4413 2589605572661032536
4414 2590528271075228952
4415 2591282650750310888
4416 2591525269967291352
4417 2592238993535143953
4418 2596557811754399688
4419 2604023755175232000
4420 2604181271678296128
4421 2604616287280084125
4422 2605723265232672741
4423 2606241199824584504
4424 2607094728571027968
4425 2607702878635415288
4426 2608068197954250304
4427 2609537303682473437
4428 2617637578262469000
4429 2618703281374846848
4430 2621207548655956953
4431 2624829189923401552
4432 2634766999860493647
4433 2635361800004291904
4434 2638947107970798625
4435 2646558412344153944
4436 2650538088825365529
4437 2651254994258479063
4438 2652739518404053000
4439 2653641154088740125
4440 2654035130389031424
4441 2655505484882432000
4442 2656049885715831787
4443 2656162250470377656
4444 2657059383342251377
4445 2657252109861457381
4446 2659170629883529125
4447 2659696374854733192
4448 2661076087272534015
4449 2667010693484809000
4450 2668816115229648384
4451 2670319978075078875
4452 2673019930771008000
4453 2673410287683581901
4454 2679523397547377472
4455 2681412896651882176
4456 2682922922566030872
4457 2688374614862880125
4458 2688496511707050219
4459 2690260540940019509
4460 2695641624200889000
4461 2695856197545470232
4462 2698834823074537875
4463 2700941363798849451
4464 2703094234685057304
4465 2704823970429707000
4466 2706909949789442432
4467 2707936744679849403
4468 2710122201517997448
4469 2719218642283403784
4470 2721682220944552875
4471 2724168696919488000
4472 2725659358901333056
4473 2725753825970732375
4474 2727088054303041891
4475 2727389700454831893
4476 2729935452084363432
4477 2731106355914276613
4478 2731331389867562888
4479 2735012201056336656
4480 2737648519177030641
4481 2738183946311375000
4482 2738374669706044096
4483 2739551187630527361
4484 2740869063312085251
4485 2743035484509140968
4486 2743687333494426312
4487 2746475106333783552
4488 2749487949125596224
4489 2750792976034418133
4490 2753575472930863672
4491 2753868678548973056
4492 2757364007345962560
4493 2757568056144741541
4494 2762363986388887608
4495 2763831109244049000
4496 2773325240582113000
4497 2776098062626434000
4498 2784623840601325632
4499 2785403865865836943
4500 2786149647233173683
4501 2791189437990616000
4502 2793706091975102976
4503 2795116031923801509
4504 2798434769531867928
4505 2799775059054202593
4506 2803461747735367881
4507 2805256674433880576
4508 2814689875817203839
4509 2816736686716665375
4510 2823172192257320232
4511 2823260485095138816
4512 2824587203150996864
4513 2827971260263069011
4514 2828869203059258697
4515 2829552086561484375
4516 2833290699478081479
4517 2833682562598080375
4518 2834576168582704832
4519 2840546136561623000
4520 2841826545359183375
4521 2842437907225098000
4522 2847037961574552024
4523 2848915051504704000
4524 2849673152254311000
4525 2850071349230600192
4526 2854240469829088704
4527 2861152465379395824
4528 2863287502806511053
4529 2863664461053101888
4530 2866891834911843648
4531 2870358803806148928
4532 2872439812014889536
4533 2872631020998467456
4534 2874661675738134912
4535 2874998278903573368
4536 2875692900570289128
4537 2877963714416680344
4538 2880415622328922125
4539 2881289175599795688
4540 2890187866620584712
4541 2899199974132418131
4542 2902947856401924504
4543 2904815059727293440
4544 2909850983699071347
4545 2910279159443704022
4546 2911133310312327464
4547 2913180591700357713
4548 2913864760690386048
4549 2920021690954325048
4550 2922741218502234584
4551 2926967632349656896
4552 2931960252673256896
4553 2933273656361986119
4554 2935791330025252608
4555 2937139353913024000
4556 2937932049033072000
4557 2940055307065331000
4558 2944372059371905344
4559 2945409964404917247
4560 2945602048123072000
4561 2949672983321885184
4562 2953841138341209081
4563 2954532858094681416
4564 2956986207407759247
4565 2957892886691025192
4566 2961473843975684625
4567 2961893248287309000
4568 2966654885511147831
4569 2971742878091867392
4570 2976565234187319957
4571 2979746578542936664
4572 2981458454288252211
4573 2982669369415450624
4574 2989980222390193977
4575 2991865808455444160
4576 3001202061754321656
4577 3001211245176757011
4578 3002688943222235904
4579 3004024151666317598
4580 3004945401025076544
4581 3011007872020502016
4582 3012211996911884683
4583 3014749932812936920
4584 3017135630705806701
4585 3018124522347207875
4586 3023683211726734375
4587 3027272277024265536
4588 3029791684783243464
4589 3035304313809590277
4590 3036247371078197696
4591 3037196534278136139
4592 3041176493422228672
4593 3044640630318234129
4594 3049177317524485875
4595 3049337280745973672
4596 3050909693476916544
4597 3052547766286404399
4598 3053235305340388952
4599 3053529134831448000
4600 3054288482637731397
4601 3056727657625551000
4602 3060004098422434625
4603 3065355737911545624
4604 3067073459930124288
4605 3075233717692810899
4606 3075707118958224777
4607 3076993984909119912
4608 3077050528022593941
4609 3077338985681787008
4610 3078999087991621704
4611 3079521363975147000
4612 3081609163207364608
4613 3083503476703425048
4614 3085562368763784000
4615 3088947475049989644
4616 3092598833833513125
4617 3092631652075623875
4618 3092669635247233587
4619 3094022798178667992
4620 3096438772939111873
4621 3103205245677117000
4622 3106262866008209544
4623 3107679825058493832
4624 3114554210576947593
4625 3114682831701224000
4626 3115621402074207208
4627 3116577653699494131
4628 3118421476775583433
4629 3124069143518732409
4630 3125953747275097284
4631 3126718037329379136
4632 3127369341429528552
4633 3128897806347067083
4634 3129811895969585064
4635 3131230380939871119
4636 3134669272192158272
4637 3142912734052485632
4638 3151584305660970179
4639 3153399095639932776
4640 3155011665279335407
4641 3156526972943721000
4642 3158041156894874871
4643 3159290246649159168
4644 3166304468840571240
4645 3166798909997249443
4646 3172686892494334488
4647 3173795715551243328
4648 3177106870944897000
4649 3180945877631344017
4650 3183908077918241856
4651 3187008806470654464
4652 3187496734851014712
4653 3192352556849760248
4654 3198419863932706875
4655 3200248008648817000
4656 3200278110465814560
4657 3203819916855053851
4658 3207830976229312440
4659 3208951892110808025
4660 3209091300319289112
4661 3218672683822973832
4662 3224099921570673453
4663 3226713321909652848
4664 3228776657947477000
4665 3229258251420234117
4666 3230117309848280103
4667 3231268574240389312
4668 3231351289768200625
4669 3232217986279091173
4670 3233975124659459544
4671 3234290311679006664
4672 3238139537852547816
4673 3246025698987054984
4674 3247262920025230392
4675 3250829158180436952
4676 3257186415184697688
4677 3259746293054934592
4678 3260059381237554289
4679 3262374368951638941
4680 3269452371663507029
4681 3270586789972032921
4682 3271778178713831024
4683 3272952412391034464
4684 3273670494662841000
4685 3276715784277220047
4686 3277279697425565832
4687 3278094947708301000
4688 3286082358373768128
4689 3286631518806753000
4690 3287358883666797849
4691 3288308346682632000
4692 3288925739030644125
4693 3290266567995818112
4694 3292955039706967297
4695 3296001068838309888
4696 3298312414719268317
4697 3298336179000994593
4698 3302095841483894784
4699 3304926153366548184
4700 3306312461499957000
4701 3312148397801637375
4702 3316124364340665267
4703 3316168561764882096
4704 3317164957323978579
4705 3320005798314521407
4706 3323450878620792192
4707 3339966651819826392
4708 3341503772204495625
4709 3347719347284648856
4710 3359800802135232000
4711 3365834125649288328
4712 3367427672814435748
4713 3373039349103614463
4714 3376234549080029448
4715 3377203583144581736
4716 3379776725395636839
4717 3383115033969125000
4718 3393355955961254400
4719 3395355118043836248
4720 3395815243171921323
4721 3396310861007425536
4722 3397668580214994141
4723 3399528355640959437
4724 3400965858753075375
4725 3404436611943983616
4726 3405546043295286520
4727 3408756059916678744
4728 3411002070574853544
4729 3412296375290485137
4730 3415228708028125896
4731 3416273566732863144
4732 3419932719822715369
4733 3421714107900548304
4734 3423588940981062000
4735 3435112227876064281
4736 3436622025834209625
4737 3442458926686560625
4738 3445118382514536000
4739 3445555601058239097
4740 3445612851621251584
4741 3445985794485880737
4742 3446109921215091312
4743 3450067338448911375
4744 3456971744531830272
4745 3457810957150652375
4746 3459170650016650968
4747 3460570520908469696
4748 3462032972949365288
4749 3463572685082328000
4750 3465058382922975183
4751 3465090022719536792
4752 3465690158275869888
4753 3467016487346423256
4754 3467662048440390528
4755 3469683552386706711
4756 3472062897825266472
4757 3472694060661208656
4758 3477487651490061125
4759 3478885345117000000
4760 3479746662548093763
4761 3487386112884384984
4762 3491148210400614888
4763 3493479896454715713
4764 3498215927760421784
4765 3500629339301041185
4766 3503028332768058360
4767 3504534703433253000
4768 3505252147871851368
4769 3506079579105948696
4770 3510880810735170392
4771 3516219572270769000
4772 3516288228050742872
4773 3521586773088356427
4774 3530768741575711155
4775 3532332304485206677
4776 3533777822763422136
4777 3536132124633335019
4778 3542513540138546500
4779 3543877269152857000
4780 3545573652046125000
4781 3550748426984454696
4782 3551272369204223781
4783 3553512698577933000
4784 3564983098999563228
4785 3568581754853583195
4786 3569724251585686376
4787 3571049199360006000
4788 3572690048581091256
4789 3574105690370342400
4790 3576845169033939432
4791 3577350997816252111
4792 3578628924613938312
4793 3583165068121734459
4794 3588674087808252072
4795 3589585908512595264
4796 3589829906421776472
4797 3592322381040532776
4798 3596944724732055375
4799 3599796890605986441
4800 3605047818814946952
4801 3608157152970420687
4802 3608757218072627712
4803 3619970657852841000
4804 3620368869531498000
4805 3621578407284622239
4806 3622645637470204416
4807 3622693268395708416
4808 3624004065303176256
4809 3630679897570113024
4810 3636181399373798912
4811 3639964503646505736
4812 3649527435048460875
4813 3654187502556683736
4814 3655934139901069000
4815 3661246784327257125
4816 3671176714802186408
4817 3674303534959512056
4818 3675526760440124928
4819 3680266118526328077
4820 3683749156492125357
4821 3686141902387647339
4822 3686822502534303552
4823 3687090529731807744
4824 3688858784094814792
4825 3689081033595984936
4826 3690846186392699343
4827 3691408129848944973
4828 3694457804374241541
4829 3698100153869966208
4830 3709116660824415603
4831 3709622977220293497
4832 3710541687472459125
4833 3715769870053699887
4834 3718076832538542504
4835 3727445363415636408
4836 3736315769512066461
4837 3741588175327534224
4838 3746035521611826625
4839 3748622209945601625
4840 3752413394896129600
4841 3752509249199275929
4842 3753212384943589113
4843 3754957061262409912
4844 3755317722287853176
4845 3758767591290822656
4846 3765145676339606517
4847 3765592772973719415
4848 3766407935299140096
4849 3769336130067778816
4850 3769949100005031125
4851 3775371935811518861
4852 3779302936626946512
4853 3781042891092183808
4854 3785551678605298625
4855 3789299271281706000
4856 3789650458788778584
4857 3792275098408340936
4858 3797751421321643331
4859 3800160976845844611
4860 3802000928225155803
4861 3805597953595358648
4862 3807532157269519224
4863 3808468421785755000
4864 3819246164081822656
4865 3823482361234894848
4866 3825090986940733419
4867 3828165019565075189
4868 3828555368606864448
4869 3829266227366615672
4870 3844645188041077875
4871 3852199620294841963
4872 3861829306103424201
4873 3861854224997913144
4874 3870681215923594072
4875 3872689184450282112
4876 3875776605068295375
4877 3880005890137957125
4878 3885461633522103875
4879 3890957581471528512
4880 3894291751883495473
4881 3901985261616695535
4882 3904205876183375000
4883 3907746486905625000
4884 3909593278946659824
4885 3921737289303296008
4886 3921945680607434389
4887 3925343088974664000
4888 3927656109342312648
4889 3931483616857034875
4890 3932664567183872000
4891 3933434079745595299
4892 3943862665294130397
4893 3947565539039164497
4894 3948984016101214272
4895 3949071552841051000
4896 3952495470116223387
4897 3960508457195673201
4898 3960941747906654784
4899 3962742851794836375
4900 3968226143717681664
4901 3978895206909896000
4902 3979753757608771584
4903 3992245862934865536
4904 4004139479825243304
4905 4005233601558626304
4906 4005888318906651144
4907 4007766840686882000
4908 4009972381304381576
4909 4014522504702542709
4910 4022018465365542698
4911 4022943416054284904
4912 4025070384316863336
4913 4027541570431764875
4914 4028018856598814625
4915 4031366842137265029
4916 4034861628269563000
4917 4035422661265666944
4918 4045633041392488448
4919 4046694563166183936
4920 4051427968664979903
4921 4060122917958564912
4922 4063219403005224000
4923 4063660231084338248
4924 4063772616828619968
4925 4064841155625744312
4926 4065588659688908625
4927 4065634172566171016
4928 4070670442107360399
4929 4072385896263783000
4930 4072561918875645048
4931 4083257582268516288
4932 4087404244233869832
4933 4087631265933646808
4934 4106452419019895616
4935 4115937216407667651
4936 4117438306225939968
4937 4118492540500451568
4938 4121739701472707496
4939 4129219240953942375
4940 4139219597028838497
4941 4145369021819678016
4942 4149528306354838008
4943 4151130059533229136
4944 4155563178978511608
4945 4155975539636352003
4946 4158498110355185688
4947 4158771664572424737
4948 4162984929955948824
4949 4165926132282792696
4950 4166889685942805640
4951 4169205384413963859
4952 4170039809665386384
4953 4178120626186200512
4954 4180518396850707919
4955 4185317221560381816
4956 4188797509029547960
4957 4199164367354565345
4958 4216759978849747875
4959 4231525056724136808
4960 4235302036453320287
4961 4235901911947944000
4962 4237044170316152832
4963 4245893384708800531
4964 4248175741648138125
4965 4250147887538744184
4966 4251604220853616081
4967 4252283907245931375
4968 4252929605872808896
4969 4253425775315393131
4970 4256090314183465875
4971 4257234713570582016
4972 4257332697405765861
4973 4260707717823115741
4974 4261707455945989040
4975 4263235813208672027
4976 4265660916889194312
4977 4266549892465303625
4978 4270388934373079301
4979 4271944154008726377
4980 4280058286400490048
4981 4281873821181190647
4982 4284108761903870536
4983 4286237101808255048
4984 4286248552565678664
4985 4290122242532907144
4986 4290970709679220125
4987 4292047937954369313
4988 4300035564611156608
4989 4308677578806748875
4990 4312899847838098944
4991 4314286836636849072
4992 4314666921003286848
4993 4315727588320774269
4994 4320637266503740357
4995 4326810256935070723
4996 4336305337614235167
4997 4346319753800263512
4998 4346861163309639000
4999 4353284761658958573
5000 4370572541640931479
5001 4373263441750525777
5002 4385743375430178944
5003 4387730471947368000
5004 4396577048059262976
5005 4398033963063911625
5006 4398577472732625000
5007 4399281242070626808
5008 4400178092794359603
5009 4400652877448288552
5010 4401666810827736632
5011 4402094406211312083
5012 4408097807026217304
5013 4414305531144463416
5014 4417103557169012736
5015 4418971954255906768
5016 4419365891996727000
5017 4422246937667851383
5018 4425822621561195792
5019 4426632851665036411
5020 4430543001341295384
5021 4437920242486584000
5022 4438310414003548875
5023 4440595639310072019
5024 4443753860034423480
5025 4445723748741230592
5026 4447115471659986944
5027 4447153495363309625
5028 4454529747311176776
5029 4457961972839118016
5030 4466826269610207048
5031 4467366581649248277
5032 4467516164793010784
5033 4470277139234538632
5034 4470769731432966624
5035 4471626979744714944
5036 4472673857392923000
5037 4476808749119982912
5038 4479455458072579383
5039 4481278209106270208
5040 4482114074985713383
5041 4482149767727463000
5042 4487423954082773977
5043 4488484404464873280
5044 4493110714728328000
5045 4494912042465598383
5046 4510074170809319112
5047 4516521253904059309
5048 4516691874705747000
5049 4517068593865778496
5050 4517757622558408536
5051 4528266203875302791
5052 4528497371194059328
5053 4531235687026776000
5054 4536343666464309000
5055 4539374367066176904
5056 4540587846010542144
5057 4543336279904719752
5058 4544795107048833000
5059 4550328295274467944
5060 4550616673839125000
5061 4560049717536245240
5062 4563533606292089000
5063 4564926216298336616
5064 4577911108956463096
5065 4578629186226474981
5066 4587076228078465128
5067 4591622664802654416
5068 4592334907505709000
5069 4593491324917276392
5070 4605230846170639503
5071 4611743537411938051
5072 4614183116616632832
5073 4621022130736157328
5074 4627348031779977231
5075 4648283806336346304
5076 4649347403921028608
5077 4651382869025374125
5078 4663714185381423627
5079 4663898411388712496
5080 4673214479727638208
5081 4676293310866632000
5082 4678678564476836381
5083 4681170858559923000
5084 4684805118323064000
5085 4687299615091772952
5086 4687968906214021008
5087 4692803472075190680
5088 4696627242330509157
5089 4699489465604107629
5090 4713971505839322272
5091 4727430667960720993
5092 4731874598171343168
5093 4737415385117423008
5094 4738263629236039000
5095 4739115437430826816
5096 4742884834735616000
5097 4743382028726648223
5098 4745228133883588416
5099 4752619974108167616
5100 4755540096985407021
5101 4761305701168379328
5102 4765319283478860288
5103 4773969467338773672
5104 4775200145488568250
5105 4778193882587185368
5106 4779795079833764328
5107 4789411010554597245
5108 4794401718392025528
5109 4797548436344493375
5110 4809585403330239168
5111 4811587479782981352
5112 4814835986444029000
5113 4815187363753059384
5114 4825309023173583000
5115 4828920781800423672
5116 4830109463682567181
5117 4834473892702973064
5118 4838839010032639176
5119 4849954460200110528
5120 4850804458028910024
5121 4853247495255018496
5122 4853822042367337032
5123 4867524535649048000
5124 4870043419012303779
5125 4872403768361541048
5126 4873698815790435624
5127 4874085971966366136
5128 4876170169764106152
5129 4880950333925192000
5130 4887969210461995875
5131 4894439372758236672
5132 4894992962370181125
5133 4896836730948924125
5134 4907597758463335689
5135 4907662922927805768
5136 4910037765035247000
5137 4910982277138632000
5138 4911052689433449000
5139 4912010282972132928
5140 4912013920469383000
5141 4913690049180490240
5142 4914026121545369192
5143 4930634715895178696
5144 4944886868894716224
5145 4947391476108940131
5146 4947724097955006641
5147 4953352430464546248
5148 4956369095913138631
5149 4966375889699654976
5150 4967706001348188000
5151 4969083786106441176
5152 4969965308262342661
5153 4971243799050148711
5154 4973833381955646717
5155 4974274676567506401
5156 4999050860343635368
5157 4999327600802049216
5158 5001526603462673375
5159 5002259826853016000
5160 5003333442564917824
5161 5017854243030621265
5162 5017895611329601000
5163 5018361149307289869
5164 5019031494497284992
5165 5020648699220384256
5166 5026124981098121752
5167 5029618955411857625
5168 5032996665206078016
5169 5034850200836127000
5170 5042519501255000352
5171 5045928422907095360
5172 5056202219033452032
5173 5059605081494362392
5174 5076998720352526968
5175 5092012623062795976
5176 5099125428677009359
5177 5105659356005992875
5178 5111633724320548656
5179 5115869797831980229
5180 5117881551219066483
5181 5125244248767109824
5182 5134761571247356923
5183 5136546162365968896
5184 5137212384786420757
5185 5145119256013998408
5186 5145658800436918953
5187 5145799066154602821
5188 5148382518363232701
5189 5151896059087834875
5190 5153494294809023625
5191 5159192188720843000
5192 5161279313548979712
5193 5167852409642356161
5194 5169820531189105792
5195 5173081912846147293
5196 5182653607194133224
5197 5190505434977871015
5198 5192041628772734625
5199 5195678193733379625
5200 5203994341822362541
5201 5208497787877248375
5202 5209174006791698944
5203 5209609939702668864
5204 5215680478010659328
5205 5218164320785686088
5206 5220081763832535453
5207 5221330783786990152
5208 5221580460632932032
5209 5222312912053501992
5210 5222446094765904552
5211 5235385663875859128
5212 5235713747998330536
5213 5237542465390144000
5214 5238404156328642117
5215 5240113713044807597
5216 5250666183908277951
5217 5255904639434624000
5218 5256121534594355133
5219 5256744392704896000
5220 5268358982095477056
5221 5270300598909815000
5222 5278768784402999193
5223 5285973488293500067
5224 5287627575722045736
5225 5291604958801120505
5226 5292149378887034216
5227 5296665175811919000
5228 5305250644242848000
5229 5314906033429047237
5230 5318528655570141375
5231 5328003461886940744
5232 5332555582237488241
5233 5338684445872297464
5234 5345825283657281250
5235 5351352638975289037
5236 5352887906949133304
5237 5354041200929087625
5238 5362698510207610929
5239 5369449644964404125
5240 5375519023236964875
5241 5375844434333180024
5242 5382177000646818456
5243 5386545899260827112
5244 5394130072952829208
5245 5396539885988948424
5246 5399229716307417816
5247 5410488294606874752
5248 5413363206323904000
5249 5415964225149219021
5250 5419625328910118592
5251 5423367529719865089
5252 5431781914416585728
5253 5431847520892187115
5254 5432495403326464872
5255 5437024493921845272
5256 5438046315955651587
5257 5443139060112224016
5258 5446818421957310264
5259 5453088292173162312
5260 5456668509756852696
5261 5458212149827810555
5262 5458879834174167184
5263 5464469635633126125
5264 5465983324780887552
5265 5467105440820164024
5266 5469380460338406976
5267 5473890798296909625
5268 5482920331847730681
5269 5487641537512795479
5270 5494370051930882031
5271 5497563393253509851
5272 5497628803108794072
5273 5511421577198242368
5274 5515984403015299533
5275 5521153097044046133
5276 5521815455348401209
5277 5525912856257202591
5278 5527263444828258672
5279 5542426387232371000
5280 5550687301715147592
5281 5555383612129029952
5282 5556162832006835601
5283 5569336372830868017
5284 5569554710472450607
5285 5583468983039810109
5286 5583690623528677296
5287 5594456306950777000
5288 5612471204104549512
5289 5613449144031997632
5290 5622928885359152640
5291 5630834324610226368
5292 5634839585426799384
5293 5635409475853430784
5294 5648957427349153736
5295 5652238137818755392
5296 5652335430823850496
5297 5660139715433533512
5298 5668092717777930375
5299 5672808932024835720
5300 5674812370330542264
5301 5675623788336866000
5302 5675703148096994376
5303 5677551154377210024
5304 5680734932231653112
5305 5685136908445848616
5306 5685273971153473437
5307 5691609880989943976
5308 5693848933935042000
5309 5702645907401168817
5310 5703716472600076749
5311 5704363197611442000
5312 5708170500419173598
5313 5720969988375590312
5314 5721581881698254208
5315 5732223925753339560
5316 5733564461603494929
5317 5736350009037402027
5318 5744755037122771887
5319 5746015278993717000
5320 5748827536619117685
5321 5754327826664217528
5322 5755812993921641112
5323 5761863272156481000
5324 5764161301282933696
5325 5770925763495181064
5326 5774218742128486104
5327 5777845849255879035
5328 5792481198658682073
5329 5796014017131813627
5330 5798088628532455437
5331 5811989845051921041
5332 5814024011001951192
5333 5815003407922433088
5334 5817455720509235264
5335 5817670881022937664
5336 5826826618652448584
5337 5831042893012366848
5338 5840124156331590573
5339 5851575123973009704
5340 5853602424251932497
5341 5855163439653194688
5342 5857357955873062184
5343 5878019079738233083
5344 5880354505234312103
5345 5880564908093211336
5346 5912830393039785735
5347 5919241576319524089
5348 5920268876228889000
5349 5921853774720716007
5350 5922529543191807000
5351 5934710015743973912
5352 5948498071740174561
5353 5956804198557562096
5354 5960327427392373000
5355 5961910500240700096
5356 5968237281121121832
5357 5972814210254729383
5358 5973731308303446016
5359 5975022175530414552
5360 5976995793671978712
5361 5983939182049003000
5362 5988571840092598848
5363 5988791642139432000
5364 5999590541626101513
5365 6000500923129014155
5366 6000903880051567032
5367 6005520752106930472
5368 6008166666872141625
5369 6009635153228661171
5370 6012493996565502784
5371 6015684133599021000
5372 6019835149927076023
5373 6022759476421242072
5374 6031573767291098637
5375 6033432777926204224
5376 6034103325322640568
5377 6034468157486268416
5378 6036079784074473250
5379 6036847841533526208
5380 6043472911356084568
5381 6047706799409786875
5382 6053789261741817141
5383 6059119281243050295
5384 6072484926998127384
5385 6073740586413425088
5386 6077546511173474211
5387 6077992122185373000
5388 6095482038977772168
5389 6103754509185608373
5390 6107845587551140041
5391 6114065030160219405
5392 6116124090944710899
5393 6131351825169080328
5394 6131704179072551625
5395 6138325746141466176
5396 6146992765927927368
5397 6160432529517378112
5398 6167450965101852699
5399 6169454596625755500
5400 6169575697949323387
5401 6172830322263671976
5402 6174858308443593048
5403 6178081506825424896
5404 6180871308020663625
5405 6182776105460057285
5406 6186630154969991168
5407 6197919288596852544
5408 6198946082028935235
5409 6200790566092887375
5410 6201572186566751059
5411 6202178308329671304
5412 6205875897338568737
5413 6217158734990462376
5414 6219321396242278968
5415 6221423165777566136
5416 6223245272924988672
5417 6223353576918214464
5418 6225824865752419473
5419 6226112552045800960
5420 6232923407877124968
5421 6236820012454477992
5422 6237921344234481909
5423 6238839775194432000
5424 6242853747387525632
5425 6251071433387062464
5426 6254553945519345375
5427 6257942137825029288
5428 6267106711607932125
5429 6268338340647727104
5430 6273359300960664913
5431 6273732238155188352
5432 6274351963981162341
5433 6275961027640577728
5434 6289778498545785096
5435 6290338219889673339
5436 6314278424221173952
5437 6323397079738687767
5438 6323631244859047609
5439 6325388460740486592
5440 6334753639111529625
5441 6334754629452853968
5442 6352386469737279875
5443 6354402412391757432
5444 6359139193448218625
5445 6370584839065714176
5446 6372148804110099829
5447 6377822506813330944
5448 6386488066400119496
5449 6391733268621663720
5450 6398107731489183047
5451 6401411191698265323
5452 6402020051383100928
5453 6406853464389231000
5454 6412199936736735232
5455 6421870151223625000
5456 6427493176885031979
5457 6427794103340160168
5458 6430768326541879047
5459 6439093363078470549
5460 6442087507285679424
5461 6443597562757047693
5462 6447317540309970408
5463 6450501580689786984
5464 6451106647196126223
5465 6453188932180543000
5466 6461219501519877549
5467 6464649359700995688
5468 6465302168020302789
5469 6466367415474936333
5470 6475736949288443200
5471 6476413305786322717
5472 6484041714100032621
5473 6484111217520951079
5474 6484744807206750000
5475 6492379273975644875
5476 6492846868720567173
5477 6493739616024575544
5478 6498381971589318720
5479 6500764374732621000
5480 6503920120394837504
5481 6507716192819576000
5482 6516918916933194432
5483 6518865927536753301
5484 6520640167028417976
5485 6524535572786173033
5486 6530306962163921811
5487 6536433791057450176
5488 6546206785179002032
5489 6547115269726834257
5490 6549500979063380520
5491 6551865558773782569
5492 6561895967479246303
5493 6563931266881762291
5494 6565077257991086016
5495 6568691401580640192
5496 6572565450169992000
5497 6576936679598695046
5498 6578771452593897375
5499 6589873985021578944
5500 6592399922882024307
5501 6593129004877819488
5502 6601692673114504000
5503 6608118938763888000
5504 6611422867150066875
5505 6614050598508018717
5506 6614718008609297125
5507 6621620842220328000
5508 6623826916839140736
5509 6624720813333534912
5510 6627768534268138656
5511 6643064919695045625
5512 6649324864949529000
5513 6651011424238622289
5514 6651613875822266169
5515 6651995167703529000
5516 6667813517647883328
5517 6672537934702427151
5518 6675933837741884352
5519 6679085828115101184
5520 6687874909987192376
5521 6689285893727073000
5522 6691722830471192598
5523 6696564759930308328
5524 6697767529647787320
5525 6698806043264632143
5526 6703305783434233344
5527 6734877902708289334
5528 6742391523482645576
5529 6743905375869282816
5530 6753100484490916248
5531 6754780805343552000
5532 6759380655057172968
5533 6770649230724697857
5534 6777036131557097826
5535 6780764146549176000
5536 6782132797726865553
5537 6785809815410644473
5538 6803432382252723399
5539 6810768294321845952
5540 6812506558638953523
5541 6822156701487562344
5542 6822833758588881432
5543 6826887920665141875
5544 6832704321144615375
5545 6833347445454651485
5546 6833997083457990593
5547 6843541058614083096
5548 6854404269842182144
5549 6859190800726325523
5550 6869294950500370089
5551 6872122668603673000
5552 6875066780445590272
5553 6878209133663595000
5554 6886177596472006287
5555 6887496925744651125
5556 6898814545045947741
5557 6904798645129878528
5558 6906527931175512939
5559 6914913727646873312
5560 6927335341114367907
5561 6930387756424541197
5562 6945217112836136745
5563 6946902223487614297
5564 6946979713988697000
5565 6947245446097836096
5566 6955834156009526781
5567 6960377103736905576
5568 6960990501669788857
5569 6965655136028576631
5570 6971063284256113000
5571 6971436932829733000
5572 6977050180987754413
5573 6992415876100473000
5574 7006137367485624723
5575 7007971095231455232
5576 7008930472032125000
5577 7012274972865396264
5578 7014856861756347669
5579 7034512168637418816
5580 7039951875760041000
5581 7057729867582296000
5582 7061024961440201304
5583 7062410806924106088
5584 7065579063554841375
5585 7065900733581144000
5586 7066631176074169875
5587 7071111390345126488
5588 7072681888585653552
5589 7075039758892775488
5590 7079407066102722624
5591 7079710031200070901
5592 7081137192913111503
5593 7094263054236124221
5594 7097500064414313125
5595 7104349849936686984
5596 7107518095867279125
5597 7108511793949180125
5598 7119290142438634125
5599 7134333780028148568
5600 7135120366108371000
5601 7144249082604000283
5602 7145934265380770496
5603 7150650882949489832
5604 7151010074944228584
5605 7156789283155616559
5606 7159354644714664483
5607 7161796070077953752
5608 7170446791904760000
5609 7191312412849246864
5610 7194771531611819064
5611 7199481673682722125
5612 7203653154150203088
5613 7208297026676515224
5614 7208622893268419896
5615 7216644459272037147
5616 7225450880363443000
5617 7227287721628490637
5618 7236937885030150752
5619 7244148372571656000
5620 7252547837987239424
5621 7256269737399384000
5622 7269527302189831224
5623 7274770312287034368
5624 7277990618269609875
5625 7286323096522008000
5626 7287599992486184280
5627 7289155928830509279
5628 7289806629128058000
5629 7289841932135932995
5630 7295970144662728704
5631 7306241738683177297
5632 7309733284878098984
5633 7318785562076202048
5634 7329057710035887000
5635 7333653491374076776
5636 7350912265860672264
5637 7351630261092114543
5638 7362059968410375384
5639 7366013185116096000
5640 7374593278217254167
5641 7377489439801218647
5642 7380052432718770441
5643 7381226616780278080
5644 7400831545535526072
5645 7401743462916518625
5646 7403778121673658968
5647 7407713490822682875
5648 7410541789229053573
5649 7422512783729871672
5650 7427148361339642201
5651 7427835935281216000
5652 7434138008466570375
5653 7440735142584016091
5654 7443422415558595557
5655 7457028549339266352
5656 7457788135114113088
5657 7464141098490935187
5658 7471464310377190179
5659 7481717193508189632
5660 7485301285336116333
5661 7488438643205531648
5662 7488547501478511104
5663 7497429118642504125
5664 7502502237899183424
5665 7502807747641024000
5666 7502887869652263816
5667 7513973946434419704
5668 7524811821567028625
5669 7533827444614653000
5670 7536008973048114312
5671 7545209818386177152
5672 7547017538509198848
5673 7555081771159552000
5674 7555586589056803752
5675 7564873889240970344
5676 7572131833675133125
5677 7575837067131522345
5678 7578511424910143991
5679 7593384093006915000
5680 7597559283319349344
5681 7601171800766686632
5682 7603453315140507972
5683 7619137356309759000
5684 7629380858878990848
5685 7632714343072932288
5686 7633274876999802368
5687 7634005398547152625
5688 7636786129165842432
5689 7638604509182478741
5690 7641513808412760451
5691 7649034955596216000
5692 7665955208856984375
5693 7669204460529296832
5694 7669994455676995624
5695 7684891915162127211
5696 7690675791168586944
5697 7698206652446012976
5698 7705251221622427648
5699 7712134008444581625
5700 7721335944427746816
5701 7726418608367237688
5702 7754207807440829952
5703 7755650909116485544
5704 7764883172384202585
5705 7773681868046800875
5706 7780929904962871488
5707 7781758091369864000
5708 7782898167956528064
5709 7790462089986288375
5710 7806876142996840329
5711 7816472772066621000
5712 7817273152482304000
5713 7817766550501771584
5714 7819616745950464000
5715 7821136263847915008
5716 7822169112719156013
5717 7829537597207705736
5718 7832486493856103625
5719 7835947925535238509
5720 7840040415080430375
5721 7841082427089093000
5722 7855320185817430625
5723 7864029923011394769
5724 7869335778819260928
5725 7873242387884160768
5726 7880682964737783375
5727 7885071823601242368
5728 7887413939469467949
5729 7891578063440434125
5730 7892294619784086720
5731 7898795099658100736
5732 7910772126483807000
5733 7922728116276597351
5734 7924262517505998657
5735 7924984077965132997
5736 7926078873587539392
5737 7928282452408508736
5738 7933962619324147896
5739 7942850607965718536
5740 7955725739810652648
5741 7973924237902671741
5742 7982972020908868347
5743 7995617258454781263
5744 7998755420145672000
5745 8002838326389543000
5746 8003484438908049000
5747 8003620483271928576
5748 8041885610103891000
5749 8045876547995518008
5750 8050088314007831000
5751 8067293899514504928
5752 8067361870232244216
5753 8081287004032319987
5754 8086326297201451000
5755 8091710761261510656
5756 8107742871883012904
5757 8117330735329950771
5758 8119777795913610099
5759 8121110499989164288
5760 8121346395328636379
5761 8121764754308186856
5762 8124694758610364809
5763 8130855412041513984
5764 8131179026358297000
5765 8149802258338427421
5766 8158145804938085859
5767 8172854147905494957
5768 8188095458697336000
5769 8189904468096133903
5770 8194509958478445000
5771 8201615543267694912
5772 8214377864523432875
5773 8218634841502215039
5774 8233365075202358784
5775 8260269961316422231
5776 8261456748854335875
5777 8267677893973435203
5778 8275149307542446784
5779 8290772638319586051
5780 8318144396029104000
5781 8322468221154312000
5782 8330414025657979584
5783 8331285163827874248
5784 8331387606301189625
5785 8336238340090050936
5786 8345990874285598625
5787 8346667391866531000
5788 8350067663670689957
5789 8355065189477340061
5790 8365350068891000640
5791 8368772883308208000
5792 8378566046512835355
5793 8388352233971918936
5794 8399796671313696168
5795 8405305407206914752
5796 8406179620411442688
5797 8409603731726148777
5798 8423124356242269576
5799 8427179512649305863
5800 8449218543540594456
5801 8455343487058069875
5802 8457027675676398000
5803 8461572766344948231
5804 8465661436660171191
5805 8472739283827273728
5806 8478088998653486989
5807 8481698764883398656
5808 8486030519437851072
5809 8490803318183224584
5810 8492473200126810888
5811 8506422607269223000
5812 8506782941326488000
5813 8509875102133686008
5814 8515753167275093376
5815 8521460232837347224
5816 8532574692217502472
5817 8542610967020510016
5818 8545550223677645997
5819 8547107928228959544
5820 8552593575772871625
5821 8555360387769000000
5822 8555453425573879104
5823 8570569900438435617
5824 8577099048276924984
5825 8577535045940764631
5826 8578576044673551917
5827 8586323610107134311
5828 8596614044373692337
5829 8599471794843533387
5830 8606144844920179648
5831 8609725423031869656
5832 8624361973609374993
5833 8625284007803813376
5834 8625618359001841113
5835 8626902237658283579
5836 8630935416418652883
5837 8640381105161533000
5838 8650327568733988352
5839 8652666398497988328
5840 8678564925853879000
5841 8679549597332463369
5842 8706138633393087367
5843 8716419434437212771
5844 8732470427063806472
5845 8734113707689305000
5846 8735416791901136064
5847 8740699916296768056
5848 8744722594339870719
5849 8751377484221589000
5850 8751794388849411471
5851 8757261531496040472
5852 8766835575365448000
5853 8770693657795715737
5854 8773844669476187336
5855 8775293876273593179
5856 8783207042366719872
5857 8786459889106682176
5858 8788725753351247249
5859 8798550039406383256
5860 8802230168095594776
5861 8815547465957446515
5862 8827108241318696448
5863 8851650110333591561
5864 8866351573135875000
5865 8868918432569232583
5866 8885336142235190885
5867 8890334765670515625
5868 8895707520207535125
5869 8895931826274766000
5870 8917520811891272000
5871 8919934612961389416
5872 8921793214626303375
5873 8921868341970067848
5874 8942269955011761088
5875 8955004255721125875
5876 8961786078004057536
5877 8965307533521339000
5878 8970377393686880817
5879 8974776917263248000
5880 8979417593542703125
5881 8989300903345104888
5882 8994523392901249875
5883 9005369057935653888
5884 9011899075384296000
5885 9016469902675648413
5886 9027262887822361000
5887 9034421210949848896
5888 9040747187580518349
5889 9044732626357264928
5890 9047697702137950401
5891 9057138835212080704
5892 9059555351791236591
5893 9063115966147815936
5894 9065199705338890421
5895 9073065003427307701
5896 9074756631754450728
5897 9076493115378234728
5898 9084776980788945072
5899 9086886697404541753
5900 9087971129509243699
5901 9100166597228548296
5902 9101238211299973167
5903 9101819710530153243
5904 9102247187446287504
5905 9111672553976713000
5906 9112258990699223625
5907 9130637352742864768
5908 9132142890137454369
5909 9135286703506257875
5910 9137290147220127744
5911 9141867527310967176
5912 9146074361378868648
5913 9152057791453019625
5914 9158181060142480401
5915 9159997787784620992
5916 9165634543443339864
5917 9175230695330866432
5918 9192275477393148504
5919 9192390435249374808
5920 9196371660733989039
5921 9210667417323981336
5922 9211435287678195048
5923 9212144810739409728
5924 9224605384009675912
5925 9227757926825377875
5926 9231788503185265017
5927 9233396864418747384
5928 9244563586267621248
5929 9251511232510099000
5930 9257326943949513000
5931 9258003619447256576
5932 9259723126240804000
5933 9270016526354825241
5934 9277423036616637000
5935 9280611717674479875
5936 9285133548173683681
5937 9286567883433143541
5938 9299771068551800256
5939 9304836950911287240
5940 9311346325798048701
5941 9316244780727562008
5942 9317186541901595448
5943 9320721642500179977
5944 9323432654739505848
5945 9337491981596862720
5946 9343546255645970823
5947 9351925343875618875
5948 9382287026658539637
5949 9383854737997912536
5950 9384661675242485541
5951 9387600275409518799
5952 9396821474518591477
5953 9398672064875711592
5954 9411748132451079168
5955 9415637310267849024
5956 9418113844947085824
5957 9423507448518033169
5958 9424070437300960168
5959 9435251386708383977
5960 9445565452701938553
5961 9458496797594855192
5962 9459795105892074944
5963 9471374232914431936
5964 9500505961863111832
5965 9508891543675433000
5966 9519624367474895109
5967 9523113495209587000
5968 9525483325795064264
5969 9537310296867314143
5970 9537607769875319232
5971 9543945361267182320
5972 9553885994600235288
5973 9556205744693647143
5974 9558699677242239923
5975 9567462896032032000
5976 9576502759703152000
5977 9599479459599685383
5978 9609440582065779000
5979 9613607412193372224
5980 9615493752522398208
5981 9621529203663992979
5982 9636217795525344471
5983 9670845266629401393
5984 9682260025363594543
5985 9698720545480591872
5986 9703478924171798913
5987 9709642889632097685
5988 9716845652235847125
5989 9743206584760519689
5990 9744124538451329000
5991 9762006622378283000
5992 9767139312744345896
5993 9768252981560074057
5994 9773050875062064128
5995 9779129189330319000
5996 9780261553665425088
5997 9792698127742764864
5998 9795597935125911272
5999 9798284808345124000
6000 9801457058289894417
6001 9811351848770300907
6002 9811545533479124792
6003 9813690632052190611
6004 9816614196194082816
6005 9823716404512060041
6006 9837338956954527375
6007 9840241264131971784
6008 9843991911607581000
6009 9861351399561060000
6010 9869810610918428352
6011 9873905390521514433
6012 9875862239935007736
6013 9878591860002355672
6014 9894892343350952448
6015 9896033571577587189
6016 9897212036653704000
6017 9900904559882563584
6018 9902044169004002301
6019 9917288659513741760
6020 9932735334555005427
6021 9935120351185750539
6022 9936215632410974361
6023 9937546731603134000
6024 9938070228304089144
6025 9939638225079108000
6026 9942180417938226744
6027 9951534629993094327
6028 9960311299750358976
6029 9967243406909029696
6030 9972255822306919713
6031 9979007129208849816
6032 9981557758150125056
6033 9992878533626409792
6034 9996014186161193944
6035 10005815770010494947
6036 10006770810593674747
6037 10010060091116011647
6038 10027246045041185688
6039 10042153749389381165
6040 10042655560645054464
6041 10048306099664077875
6042 10050936610983065343
6043 10065570499838435617
6044 10072492099029323208
6045 10083453668187688152
6046 10091302014387195000
6047 10094411327794550848
6048 10099678308238176119
6049 10111098612724200000
6050 10117926786166143399
6051 10130338152174210984
6052 10134004143539400768
6053 10155447788119119360
6054 10170247379477387328
6055 10190894557973920875
6056 10209773050834508613
6057 10226640849024169080
6058 10245575721291648192
6059 10247497960481065557
6060 10266842711034000000
6061 10298261428210574784
6062 10302496680528732843
6063 10311480996964174629
6064 10328403878234450407
6065 10332416749508711767
6066 10339610833239724296
6067 10352876939186385249
6068 10368571540023418176
6069 10375399335125104280
6070 10378559565583291000
6071 10380654944735283208
6072 10398778233360832000
6073 10412600079982234680
6074 10417601007470713483
6075 10419758893373959584
6076 10444759037813748375
6077 10450437349380111720
6078 10452212542069369344
6079 10455017753150299125
6080 10456378160962852125
6081 10456774251627879000
6082 10462848844926385089
6083 10465065771748969024
6084 10466848458173889747
6085 10493747786402018047
6086 10499062438013429952
6087 10504532595795197993
6088 10515086360396594496
6089 10523921990409581481
6090 10528494893679941451
6091 10535450694933959496
6092 10558877430327283512
6093 10559632578057199000
6094 10560355136564616000
6095 10576771187216573528
6096 10584908626262841136
6097 10589775450876440819
6098 10590617188214009856
6099 10603636236240196968
6100 10612055711268499761
6101 10614230618603699269
6102 10625760139570856000
6103 10628427394074245301
6104 10632813894062707256
6105 10646114241757332403
6106 10647677296396419643
6107 10653568325346603384
6108 10674910474494504875
6109 10675748681212671000
6110 10684879904525648913
6111 10703503366303735377
6112 10703766492821250387
6113 10714977065301951897
6114 10716904492600877289
6115 10721856081138338799
6116 10728478114477387803
6117 10733834322007354656
6118 10738120441569053624
6119 10738631918260110592
6120 10741463029065472704
6121 10747701504185039784
6122 10751409998671395592
6123 10759213464475636953
6124 10775279256281727768
6125 10775371997848014648
6126 10778115814509258432
6127 10781806079158956296
6128 10793171387090768832
6129 10797233455767403008
6130 10799610404395083264
6131 10808006650359956856
6132 10809795885194956104
6133 10810657115466361335
6134 10814182476577953984
6135 10833745808469075427
6136 10850702663138338000
6137 10859737803042583000
6138 10862551212416280000
6139 10862998856510791744
6140 10872807002915124267
6141 10888122283117249625
6142 10930105803800035125
6143 10936558294431549589
6144 10937587190457141305
6145 10944238150581423688
6146 10946158183277776277
6147 10949171754600235737
6148 10956828905197686784
6149 10988142461740899000
6150 11011614341417098136
6151 11016551085857256816
6152 11018249824473423000
6153 11028277006928090091
6154 11031690589925014737
6155 11040976067630370875
6156 11041734273341230368
6157 11052527107950042624
6158 11060326819404314569
6159 11074924930982498577
6160 11076045421845573351
6161 11078865149249590056
6162 11080040961513460608
6163 11082803992418123973
6164 11085154767654968728
6165 11086135140085773768
6166 11089834667748240040
6167 11090283561600893559
6168 11096467503830372664
6169 11098557364596865128
6170 11141434925669412000
6171 11142037494796173336
6172 11144943479315997000
6173 11150857897890151744
6174 11152955465263199952
6175 11159608067808291000
6176 11165818246841381760
6177 11175916303962281053
6178 11183673363828951447
6179 11187273037182953984
6180 11197331844540226847
6181 11197970887942942047
6182 11205608595751512936
6183 11218795265209594959
6184 11224004171087097000
6185 11225049190517687616
6186 11237811411114414000
6187 11242812974882879936
6188 11252884212045981288
6189 11255259411802095408
6190 11280358228335622407
6191 11291402989739018601
6192 11304442709919261000
6193 11306197497105883944
6194 11318682105031215096
6195 11329329432777999552
6196 11332103819952194344
6197 11333157976509739272
6198 11335334849791407000
6199 11339866489743856125
6200 11342142135106132168
6201 11356903994925829977
6202 11363395356306657944
6203 11370736557948749625
6204 11371883324722011000
6205 11373607521342085096
6206 11373860293954513992
6207 11398313654630274680
6208 11421401354025161625
6209 11424858314093445312
6210 11436433100586138888
6211 11455915046907154509
6212 11476114020162803375
6213 11479250176325568000
6214 11498800759890994719
6215 11511263736337976163
6216 11512275671172667608
6217 11531524796990597952
6218 11539119094004045187
6219 11539709281777306968
6220 11540053067666944392
6221 11545735097445648463
6222 11555276810969178252
6223 11556786845540664000
6224 11557676756271488941
6225 11561859674873154864
6226 11562577304228894125
6227 11565028616573674125
6228 11569746157683831000
6229 11578503863341264437
6230 11594574967562864424
6231 11595048549070702023
6232 11598966559893580777
6233 11609940213645208344
6234 11613219718077278119
6235 11617233746941559403
6236 11624134812698266768
6237 11626463384339103944
6238 11636136525974046912
6239 11645674234629771033
6240 11661237585422650008
6241 11663109754250264037
6242 11672406497256063552
6243 11673260408125935495
6244 11675995966508944896
6245 11693265988567617818
6246 11695442057266942000
6247 11700846886937287625
6248 11703482588327462387
6249 11703706587156775464
6250 11710343082586998024
6251 11725953697106240319
6252 11731277388359141496
6253 11731297790419996789
6254 11732591541966750000
6255 11747700824587642152
6256 11749974988920597000
6257 11758073322848780375
6258 11765305396677002625
6259 11770644470467796433
6260 11774094512397956137
6261 11781083505666384000
6262 11800513522993961304
6263 11812520590475275736
6264 11817882476119524168
6265 11882136341925042823
6266 11884143102123323304
6267 11889784771871950125
6268 11904654937344589000
6269 11911286590147768824
6270 11941030659370645287
6271 11945544795557620416
6272 11950726673170467000
6273 11990233628875302047
6274 11991745601065463688
6275 12003692473916927784
6276 12003912894543010623
6277 12020376539446323741
6278 12026932468907864625
6279 12036248810309962000
6280 12044651163608791000
6281 12054547679976265464
6282 12061435712439259783
6283 12096554177845186560
6284 12101917861169806033
6285 12121158602781570888
6286 12122944535191974848
6287 12137572091030592024
6288 12145334373106376689
6289 12151431664121884771
6290 12167458392448602243
6291 12169026558156617000
6292 12189280318627946625
6293 12195296692522810048
6294 12196085364389456712
6295 12205170627039401544
6296 12205952206803684784
6297 12214149560474829624
6298 12223446557816312000
6299 12228895162450551312
6300 12238369501654185344
6301 12246057831588301000
6302 12254194748669307875
6303 12257595433096476561
6304 12265810510531374125
6305 12267665293181026554
6306 12283593068073921048
6307 12288796500940342929
6308 12309238841626251720
6309 12320797116350516904
6310 12325271870417111424
6311 12332176753856154048
6312 12339822252503131477
6313 12344093570040777216
6314 12382128212826107736
6315 12388576159854413883
6316 12391954473480052672
6317 12397807216084889592
6318 12400356619004832296
6319 12420139650057960128
6320 12425395609604952000
6321 12427752639727023417
6322 12427974287438995567
6323 12441142542142210752
6324 12443905311668929728
6325 12445960366843685864
6326 12453299292583219616
6327 12462917237527125096
6328 12467961707923358000
6329 12471008735151772624
6330 12476262237533011008
6331 12488620040436532545
6332 12510896206595059000
6333 12512000977870873752
6334 12518946908825849856
6335 12527803591704104256
6336 12528199386231506432
6337 12529749767902744104
6338 12549345753281900544
6339 12558946844276555597
6340 12559207998732550344
6341 12598653261597346125
6342 12607864817431894101
6343 12613040633861577000
6344 12617473922255494656
6345 12641456147860675863
6346 12645429666172821063
6347 12646747664477237584
6348 12653710325077408704
6349 12658813608927788757
6350 12678588612780060672
6351 12681554044718819169
6352 12694089192924569976
6353 12697680538851752799
6354 12739930929137549312
6355 12752725720156960967
6356 12755364898122710136
6357 12762655992215726597
6358 12771234672757922088
6359 12781882143392541192
6360 12782093130629202653
6361 12787893941070155544
6362 12790594728468648000
6363 12792797059328599040
6364 12797148128602719672
6365 12801046082569347141
6366 12803011418966323653
6367 12805529808358846503
6368 12805603188731639559
6369 12820491222742004984
6370 12827836345996689472
6371 12828979688198457448
6372 12831445456968049128
6373 12836063859942436848
6374 12838125417485967872
6375 12855887909562094488
6376 12877026141218287104
6377 12882227927615917416
6378 12886027388886767976
6379 12886110673780990464
6380 12888960150343299841
6381 12890358784516164705
6382 12898179339722187875
6383 12917648283743415744
6384 12922230283728548328
6385 12922383207273904000
6386 12930299472170170944
6387 12933616172252221440
6388 12936464741197919376
6389 12941696459018621385
6390 12944337661863958896
6391 12951574769978981136
6392 12952564473280753152
6393 12957452072633913201
6394 12963519715587024367
6395 12967573131064306944
6396 12972784572498000159
6397 12981180767897160000
6398 12996401280997988224
6399 12997882594558486872
6400 13008664565726152869
6401 13023247596375744000
6402 13034981462650323904
6403 13035885490849957064
6404 13044342254155337125
6405 13045010350457247903
6406 13046658693069274056
6407 13053123507261007359
6408 13053422219435451000
6409 13058915105983163625
6410 13063527971936658944
6411 13064404489667810496
6412 13076688680637742251
6413 13088887388138564919
6414 13105703759118929000
6415 13109893382495490048
6416 13118307641900127000
6417 13121496324544084659
6418 13144218742670049125
6419 13161389987874515625
6420 13162824791704590912
6421 13171891984889565375
6422 13191108751506729024
6423 13191397545009168000
6424 13198740830334001152
6425 13205021262774209379
6426 13205338080783166656
6427 13213053397906944309
6428 13218729703945580808
6429 13227178930288537688
6430 13245101938032233031
6431 13245533990579099592
6432 13260953567627017560
6433 13262565796133932971
6434 13265157080805150528
6435 13266780859652574744
6436 13271823993348812736
6437 13277914833740824449
6438 13294559657823392089
6439 13300012271850811416
6440 13308800618366540352
6441 13312062842686712000
6442 13328412906888282168
6443 13332871749727091933
6444 13345171886700389736
6445 13346042297367995397
6446 13346212706357147136
6447 13346572559458407507
6448 13355358664998168000
6449 13372583518790017704
6450 13379506218151957000
6451 13384909731075848000
6452 13392821204209769833
6453 13393857813938798616
6454 13400188488276025527
6455 13411111404403754496
6456 13413355813277407000
6457 13420876392602053128
6458 13424761065252092472
6459 13424912524536129216
6460 13433574435286824000
6461 13435728210122026816
6462 13437882204148236744
6463 13457909068086873672
6464 13471161809630707000
6465 13475888048346609375
6466 13481179810606196416
6467 13484833591651209216
6468 13494071849588096832
6469 13494809390911482816
6470 13496134009266057429
6471 13500367326786557448
6472 13507586270540992000
6473 13530122223907843008
6474 13530884135340289536
6475 13534869868707313152
6476 13553396217238368888
6477 13573837127923393832
6478 13583689675463982321
6479 13617053807170993625
6480 13618478044999390472
6481 13626922921225967808
6482 13648714502698981440
6483 13652054583965854875
6484 13656871854749200896
6485 13657918684892981256
6486 13658895711180915624
6487 13662398048292539000
6488 13668530588786258432
6489 13675566121576839207
6490 13678607763437936319
6491 13678925117399007291
6492 13680826669545097032
6493 13685686489678518441
6494 13690590853210362819
6495 13696338600337761144
6496 13698816949091853683
6497 13702956876284917248
6498 13704232557537487936
6499 13714264713302559000
6500 13729233790829846016
6501 13736176034061751641
6502 13738556437803013544
6503 13754813708153952603
6504 13755676008402271872
6505 13767393850555617792
6506 13785808983720746427
6507 13791359533744591533
6508 13794949789293161125
6509 13811869248480576000
6510 13841222819156070247
6511 13842171880070159808
6512 13845675731904828000
6513 13855386927492009368
6514 13873106380180528000
6515 13874839622184026304
6516 13896413576144160832
6517 13900357067612329125
6518 13902526559636677683
6519 13906206968996027231
6520 13913355309396538177
6521 13931071735633609375
6522 13936861163758825773
6523 13940411678571597219
6524 13954177907558774613
6525 13954263481933133625
6526 13970331584893695375
6527 13985782174660514463
6528 13987244245533983424
6529 14008872737663734931
6530 14014184964258945375
6531 14016272134113200952
6532 14019242185225793096
6533 14026128393351438000
6534 14034992598234781992
6535 14045051351098692288
6536 14045216127394816000
6537 14053338270201892473
6538 14057412310481855679
6539 14067143986855645504
6540 14072015700420672241
6541 14075415645560451000
6542 14078719301337874944
6543 14090764091198546024
6544 14097793898916819000
6545 14104807379294615081
6546 14129273711173081617
6547 14141612128051438912
6548 14152340103343888563
6549 14153864243098534416
6550 14158161844454493873
6551 14158462046121987048
6552 14170849469547664257
6553 14171468057374926123
6554 14179962348435968000
6555 14184400155239164032
6556 14188100454103653952
6557 14213927816361000000
6558 14243694004707400935
6559 14244527202869212821
6560 14246416567099619000
6561 14248706767584674112
6562 14258941346915083000
6563 14265240985444267000
6564 14265414978580584000
6565 14268561027676347392
6566 14281085930135725827
6567 14283201943636045875
6568 14290380245187208008
6569 14293066762375588936
6570 14306830346574892763
6571 14310720791312504832
6572 14333560960642868672
6573 14336650189272053376
6574 14337152155646740953
6575 14346460191869864767
6576 14365907118034898608
6577 14381151784716119832
6578 14383770297988491757
6579 14387310329695445304
6580 14387772514306793329
6581 14389046273212157456
6582 14390110073376731304
6583 14391467173870348536
6584 14418603845021101544
6585 14423680039663300672
6586 14456984985876760145
6587 14469039520327000000
6588 14469727577000432408
6589 14478724608353610696
6590 14479162568548561611
6591 14496533343600926625
6592 14519195437388241609
6593 14524592166484606557
6594 14530150527155673319
6595 14557607767802374912
6596 14558677504191337608
6597 14559158080918456768
6598 14562488764218371067
6599 14565713464750896000
6600 14567951761872286869
6601 14588703751166959869
6602 14595064932177599616
6603 14595374175356550933
6604 14603016106376320168
6605 14607809610597815976
6606 14610162551938580179
6607 14622294222756727416
6608 14627427595835306733
6609 14630102326901499984
6610 14642198289720509625
6611 14655746307175064000
6612 14657944146995310336
6613 14678117097742347704
6614 14696625074800405464
6615 14699354554751197184
6616 14712116241806440093
6617 14716007122151186432
6618 14724148172377191912
6619 14724455079863465027
6620 14752681444099480392
6621 14754531681281836899
6622 14764680910377741824
6623 14765109304542751232
6624 14769915517777250187
6625 14770095847969498344
6626 14772654263125662696
6627 14772815484469497000
6628 14774296284576840375
6629 14777052995333571488
6630 14798333008837098504
6631 14838087079892643840
6632 14842887602734499048
6633 14861615839595816256
6634 14869638337432611096
6635 14870480784902903853
6636 14884433369790939136
6637 14900346366829268625
6638 14908374948310337032
6639 14914867050620698833
6640 14916313859138055000
6641 14918989192308183619
6642 14922566662687569613
6643 14940208414394192384
6644 14946421977439654464
6645 14952853877680987632
6646 14961033328207188250
6647 14968436941512677448
6648 14985612489561529625
6649 14987927815948596509
6650 14991266096908106616
6651 15002642617554743424
6652 15009571956896794459
6653 15014732597513087040
6654 15034610338308125864
6655 15041972660052106125
6656 15048114557496315048
6657 15055702668920231191
6658 15077663102443035367
6659 15123488709349715968
6660 15133700661207482529
6661 15135061832270669016
6662 15135789015572708763
6663 15150352340079096777
6664 15178387192461110007
6665 15223541861311902144
6666 15229589089507346008
6667 15240768669994782096
6668 15242542518131526871
6669 15246046148200088256
6670 15246603153856272744
6671 15260713817901394752
6672 15263066788829857179
6673 15275312039732321304
6674 15290331953759468424
6675 15309167103093875795
6676 15331527791037791424
6677 15336804641169729627
6678 15345619398270981512
6679 15349308850591625000
6680 15365906498501138944
6681 15374726339299392312
6682 15376270524927489541
6683 15390498133175358375
6684 15398083397417635369
6685 15402793117442605056
6686 15417364618681620992
6687 15424228964949379848
6688 15427522432653452037
6689 15436430679827532375
6690 15446847712761233496
6691 15448979634725061000
6692 15468283696173607000
6693 15470676868262464000
6694 15491996548890624000
6695 15535913037621716376
6696 15551318626563972231
6697 15553552097075173363
6698 15554051333954818048
6699 15562597335439761369
6700 15568006026235144384
6701 15574648639709958344
6702 15575963892416167968
6703 15582584104455183237
6704 15600611107441832823
6705 15603959335538252133
6706 15609704184314141993
6707 15616015133196416211
6708 15616991814780226689
6709 15624282835667291912
6710 15636295547696634174
6711 15657413816581381368
6712 15665965753803451847
6713 15667287896080231784
6714 15676712566029572057
6715 15686356568152226957
6716 15693062518550088035
6717 15693077012853678373
6718 15725486139416875584
6719 15730273237460877459
6720 15735586178803788297
6721 15740443042346169000
6722 15746231455408127808
6723 15759019016966169000
6724 15759673491674362077
6725 15763917955620324672
6726 15766173286715765277
6727 15766179492428531712
6728 15767328690493775928
6729 15771690721730589184
6730 15787431189644384088
6731 15804498017873758193
6732 15812742189024634581
6733 15815220331081635009
6734 15816405234775060288
6735 15818833166462287416
6736 15819853402749414744
6737 15824355444419736312
6738 15824503459161874568
6739 15824575204966557477
6740 15829671909971647000
6741 15837976782812391272
6742 15842225768243492375
6743 15846194314877438421
6744 15863592340399284936
6745 15867161202913839000
6746 15886265035897959976
6747 15895077140442074679
6748 15908398694747885053
6749 15931582904268297000
6750 15948613535040604756
6751 15951020124673302669
6752 15957701838537845750
6753 15970510702018474875
6754 16001176623410979000
6755 16025527809733617000
6756 16029903600886832027
6757 16040435563890633259
6758 16044800672064934224
6759 16052878250794758249
6760 16055633497939313544
6761 16078145233980086712
6762 16081163682516914625
6763 16098841653460327125
6764 16128169909190379712
6765 16129572832779554304
6766 16147678657029151752
6767 16159034508110360811
6768 16171655310035427384
6769 16187389317502766064
6770 16194403701709886016
6771 16195840585353571625
6772 16201881953458492213
6773 16202667998213738496
6774 16207457356891015488
6775 16207853017351649472
6776 16237497456940851000
6777 16256015901147013056
6778 16259224956179941827
6779 16264247086933567309
6780 16282631475925831296
6781 16283927877973434432
6782 16288809346718637183
6783 16295279199026616000
6784 16307710125290296713
6785 16308690021467581248
6786 16317419898130434783
6787 16319288618030593728
6788 16319883097904211000
6789 16327046383054557696
6790 16334059431496794624
6791 16348405723656237000
6792 16369294355051078539
6793 16370013684961723904
6794 16381960043701997528
6795 16394744631420792000
6796 16396876777542678144
6797 16404535626014839625
6798 16466226446712978936
6799 16477354132717343040
6800 16477892401830344000
6801 16482318945141793653
6802 16491043305202632903
6803 16494608980322081496
6804 16535244440374780608
6805 16537238903943740619
6806 16538830225343741952
6807 16540198516240410375
6808 16578008572710178503
6809 16579368479295399232
6810 16585945990076736000
6811 16588143403121735991
6812 16594874151292258731
6813 16638095796242025105
6814 16655169372267299328
6815 16658403993727256943
6816 16667410201411376160
6817 16681038945475889088
6818 16685060326291933875
6819 16699681791545675832
6820 16705242625625653528
6821 16729620358304637576
6822 16751701941292095687
6823 16752742177967934840
6824 16762434482182524408
6825 16765813666402506125
6826 16773006205041161472
6827 16777496644728759576
6828 16813071175060876625
6829 16814091603731536036
6830 16818753429607717952
6831 16832141119022943168
6832 16835611643178851376
6833 16837224412771956375
6834 16848471482019306801
6835 16853617500698979000
6836 16856974494305352000
6837 16872014208254710869
6838 16886429320689065592
6839 16890976601940716856
6840 16893148793416287336
6841 16897163061365496000
6842 16913923793233719616
6843 16944561268266241701
6844 16950542399867801088
6845 16967527145569623259
6846 16973118289248803864
6847 17000324435947218184
6848 17010201587141339703
6849 17016711378500899000
6850 17021664079552164032
6851 17071375721492814248
6852 17071970247577063000
6853 17081885363331665331
6854 17087065738288650153
6855 17094737786214508992
6856 17103190124614047552
6857 17111084505348374424
6858 17116895999205536625
6859 17120434345264506312
6860 17124385743199196280
6861 17128430082850549625
6862 17136581116530552768
6863 17137060768705442760
6864 17152210683596587625
6865 17163279747071443648
6866 17184225747627859375
6867 17189407466148081528
6868 17199086167758646125
6869 17233821077590156104
6870 17285159035087569171
6871 17290060263131961816
6872 17296361980043787459
6873 17305802508028809528
6874 17310095121144512232
6875 17314162078322273437
6876 17314473813159305881
6877 17315307056157957000
6878 17329050195499014336
6879 17340336948703644603
6880 17342555702870472984
6881 17376880261778128000
6882 17385866018463693231
6883 17387836723996372088
6884 17394473823774228909
6885 17399773991717628147
6886 17399985054019966125
6887 17401270059811579725
6888 17439693566725108224
6889 17461960848915776648
6890 17463295135099987264
6891 17478396575426302776
6892 17490691595035548864
6893 17517076201111779621
6894 17518935228973977591
6895 17520200984015278696
6896 17521203440099765952
6897 17522743596202883584
6898 17539995198035632257
6899 17545919799048109560
6900 17553643958897275896
6901 17555350368251228904
6902 17557744560108427584
6903 17561463590110766625
6904 17566177389905749248
6905 17572401925752197160
6906 17582033222026043589
6907 17590539724435621125
6908 17595571474875517704
6909 17619225335497163105
6910 17622429805589446656
6911 17625685901491562167
6912 17647201984438359648
6913 17653017861553004352
6914 17664327495247724928
6915 17665966603648685952
6916 17674758003618387000
6917 17729276201286853203
6918 17735643311281687512
6919 17748323656327719936
6920 17750513871676377792
6921 17763412092717709152
6922 17774838795899584000
6923 17777253809905395435
6924 17818467097473649152
6925 17822194656849048384
6926 17832178827064693000
6927 17835094041914508723
6928 17860408098518952792
6929 17868725515923524424
6930 17876244968365226625
6931 17876353281712333408
6932 17878851821311274304
6933 17898434540409714984
6934 17901871809795536472
6935 17905759599294910512
6936 17910405923873155875
6937 17928994555202605056
6938 17930648217881381922
6939 17937884362462813000
6940 17948603610656286750
6941 17982797544948231541
6942 17987946372792535104
6943 17992929934493323264
6944 17997537681156773376
6945 17999590915215301392
6946 18042247449778393179
6947 18048359599688172573
6948 18050621373903256768
6949 18062063640253361664
6950 18071170674084905832
6951 18072893315553941053
6952 18078230413210809240
6953 18100348417172983689
6954 18102620113438371147
6955 18133965243181125163
6956 18148759321772721096
6957 18169727591052580032
6958 18177340174581676032
6959 18183593098807003000
6960 18197649773758260288
6961 18202689940545358920
6962 18227148402357006840
6963 18229722237266859144
6964 18239718237944564088
6965 18241226782541117208
6966 18245538784743530176
6967 18254103788716747614
6968 18255918751050623049
6969 18256220096744919744
6970 18263316848638722497
6971 18279365878794104000
6972 18290139156954600507
6973 18315772457854344291
6974 18316722308310872000
6975 18317002346440508312
6976 18324899797811344803
6977 18326515563254963304
6978 18390514588555472216
6979 18391134100407023592
6980 18404893348090486783
6981 18408524951843503048
6982 18435888583680958488
6983 18436004862329740608
6984 18436592990541936483
6985 18437608860172484472
6986 18443733682683994776
6987 18448989917857451316
6988 18459891969769469583
6989 18462059975218840064
6990 18481040883698337000
6991 18487153377870093000
6992 18501996743860439439
6993 18536732717855619267
6994 18546818965897477437
6995 18558842654450275875
6996 18574913300815033344
6997 18576527928541494912
6998 18583032635238852963
6999 18596901723664524624
7000 18597615315577978329
7001 18624481490270989125
7002 18634632886236361176
7003 18644155986132278784
7004 18645084051833421000
7005 18651048188062615416
7006 18660218782488152408
7007 18661330847140644033
7008 18663715559111806125
7009 18664019577197780877
7010 18677007307422910656
7011 18707691888442426581
7012 18716127415012163584
7013 18718855916812093952
7014 18735429035574892368
7015 18741112439451129000
7016 18749377880017201664
7017 18757445160287944000
7018 18772159469869173888
7019 18786844103656506003
7020 18797002944702657913
7021 18797097957426243000
7022 18806984461858379976
7023 18842005583432086328
7024 18846217929367658375
7025 18855587749410607104
7026 18869252523010107848
7027 18870821071088845824
7028 18875030402794295583
7029 18876107570912098416
7030 18888107621383204776
7031 18894418824272435136
7032 18910176955913585853
7033 18913852330186034368
7034 18922745527552718514
7035 18930289372309214865
7036 18932762799670958000
7037 18934896189690936000
7038 18938698441426980125
7039 18939517449782595048
7040 18943567810263474875
7041 18943885355386500243
7042 18963282747881561544
7043 18967925341047375000
7044 18970198537132310832
7045 18973075864442286223
7046 18974868874369442216
7047 18980880494745160719
7048 18981676513902833640
7049 19018231320539871000
7050 19023647293399112000
7051 19082327754938245632
7052 19097894615977922472
7053 19113818601899005875
7054 19117770206913483840
7055 19119523840005897000
7056 19142523297475463375
7057 19143303990528969125
7058 19147349252834436277
7059 19199054413607907384
7060 19203886635413117967
7061 19210779196087213000
7062 19218163234411562239
7063 19229159172958052409
7064 19245581521853265152
7065 19253083879779391593
7066 19259681969780757531
7067 19261366693327571661
7068 19272530881298054808
7069 19278226288247524416
7070 19280375001827005248
7071 19295522465198771008
7072 19299355271816078403
7073 19313028996938578125
7074 19313418622591258776
7075 19335515405212256887
7076 19339458087037423608
7077 19344115564183413640
7078 19345795053715503000
7079 19358893660322262375
7080 19365088219059242331
7081 19370406326120197803
7082 19370625985356943752
7083 19379951652598902001
7084 19388874483093267117
7085 19390098553173935496
7086 19391983063177608000
7087 19411049340224108847
7088 19420460430539431256
7089 19429204117256724681
7090 19444400099620221824
7091 19451255175128243376
7092 19456533917288936893
7093 19460739948655499676
7094 19468440116636044625
7095 19477657903775331169
7096 19516892599913310784
7097 19530329882790447000
7098 19534284990324359983
7099 19536504278858366976
7100 19551992934483946125
7101 19557119393865399808
7102 19568814722907723000
7103 19575870503693765625
7104 19585968937106454792
7105 19598883190447640625
7106 19602858996965043000
7107 19603174505024577096
7108 19620637728382659176
7109 19629644240728797184
7110 19629734291750805768
7111 19631442140530857000
7112 19649841170455268136
7113 19651157577414720000
7114 19659728992892833000
7115 19664854519190747328
7116 19680745808827440792
7117 19688159134143818136
7118 19689261464816524224
7119 19709039574155989512
7120 19720800946518399000
7121 19727319418536967848
7122 19728657857354170536
7123 19749952542478041000
7124 19772452805468047839
7125 19776692833956362304
7126 19787901924986427141
7127 19800198487390958000
7128 19801176704486935875
7129 19804774713654271761
7130 19809976093992721000
7131 19828210332055418839
7132 19830791121659165375
7133 19847159696850378048
7134 19863990040956254704
7135 19866554195656202125
7136 19932802514401351302
7137 19941380975553815232
7138 19952644158943265016
7139 19952871253287233625
7140 19957885827996589928
7141 19974812920552577269
7142 19986536185195828248
7143 19993212156085021512
7144 20026975394597050880
7145 20035375737536099304
7146 20050899845589914112
7147 20058920870569804125
7148 20063358435010867704
7149 20090936186228109375
7150 20095230453116535808
7151 20108801301977134656
7152 20112008290668696528
7153 20132403443927331704
7154 20139792138921443625
7155 20152668136649584464
7156 20182341773090741526
7157 20186635819436215227
7158 20196800859491086311
7159 20206630106760720987
7160 20209441686403387392
7161 20215405029240937152
7162 20218857844520905768
7163 20225584233324543528
7164 20234555203308945408
7165 20244507880873850028
7166 20244637738499826736
7167 20257754157746504000
7168 20259399964296265929
7169 20263919317115003712
7170 20272768025004325376
7171 20276940386013924438
7172 20295578851162402816
7173 20324340729618476544
7174 20325382960080174760
7175 20329410376523122056
7176 20343730830689130625
7177 20350933747640011269
7178 20366055268548609375
7179 20387127721583863296
7180 20399530282286875272
7181 20407288054706371000
7182 20410990728725166661
7183 20423587688540709680
7184 20423942945446869864
7185 20435179129748340776
7186 20443639880885164209
7187 20462919681718760896
7188 20469127220523072000
7189 20478507688925965224
7190 20487819181497031000
7191 20488815094370183568
7192 20500877143843215399
7193 20503313008897405797
7194 20508720355410213771
7195 20524331547809198109
7196 20530379155079906280
7197 20536576313327178048
7198 20549814380142640047
7199 20582007392138730048
7200 20601841887478703817
7201 20616016727641929048
7202 20621947202136072000
7203 20625322212683068608
7204 20627487701786511000
7205 20651209402208492016
7206 20658020715944731448
7207 20668323070160764992
7208 20687802594257412549
7209 20708100499117561992
7210 20720565681618876381
7211 20742537379888705024
7212 20744400352715812864
7213 20752244848014980608
7214 20775854654423936704
7215 20784672023307919272
7216 20789393923028457792
7217 20792117693834801496
7218 20815910961106625000
7219 20832084571208283000
7220 20836295631947944323
7221 20854448315967554792
7222 20855778742595671875
7223 20856643552286424512
7224 20865159319940249769
7225 20883941398670866893
7226 20901625166930219595
7227 20902988369020048317
7228 20925107737426483299
7229 20953597559623619625
7230 20957630905755952128
7231 20962296924592403016
7232 20967551558928431541
7233 20977325623707552792
7234 20984974060862451913
7235 20996068599795789864
7236 21008707511162724864
7237 21010517213170187367
7238 21011947967852930088
7239 21031239934998176247
7240 21092245282093612653
7241 21097830517588993987
7242 21129798445639221312
7243 21141166387704973848
7244 21147291737292934297
7245 21156486966428403051
7246 21159787533196221000
7247 21244890841526906281
7248 21249393178718289312
7249 21290371613688608704
7250 21302164817880933448
7251 21345838142134957416
7252 21357289442666523008
7253 21359394925207408251
7254 21369612256846503039
7255 21371045855005132624
7256 21384730121113975616
7257 21388061633037178625
7258 21416856668944957467
7259 21422971915685737208
7260 21428757143373853000
7261 21438760097993931000
7262 21441728733641433000
7263 21487900125731039000
7264 21488419117606181552
7265 21488890249063854559
7266 21499862281012081512
7267 21500072300786159808
7268 21507383016502299000
7269 21550970733193620992
7270 21569215150613573632
7271 21584943902566895032
7272 21618263426636979648
7273 21618677173080385125
7274 21627765275959062584
7275 21635055578252718000
7276 21639983665820554125
7277 21657386341222940672
7278 21659277565467263449
7279 21662198795938814568
7280 21712615939995591555
7281 21716876265337681064
7282 21731570461008264304
7283 21743346612619313136
7284 21747989507649854904
7285 21748865069046589929
7286 21758251011338649024
7287 21767769836376630976
7288 21767967129058905664
7289 21770192994497983000
7290 21786355378662382872
7291 21789662809067113536
7292 21807558173889306000
7293 21844677384975384576
7294 21850161934060468827
7295 21860225550707654656
7296 21917033051062968000
7297 21917956886615649951
7298 21939200069296328000
7299 21948232458426320592
7300 21954411409016730456
7301 21959165108341042875
7302 21973418132957928000
7303 21981630322109869768
7304 21993007959114775128
7305 22015808925305255424
7306 22030169065253661312
7307 22039228068108253632
7308 22041662467554141048
7309 22046935468272534720
7310 22057395727523542750
7311 22057923765125759329
7312 22096486447990875648
7313 22112178978623361264
7314 22143039621135335000
7315 22147630703420995080
7316 22150197383054985207
7317 22194446457921913000
7318 22214977590131794728
7319 22229845227221611707
7320 22238179977452021072
7321 22266319504279774625
7322 22289490004966107931
7323 22308702680098107000
7324 22321865022386653080
7325 22323811442354091397
7326 22355415844332099984
7327 22355576910303929929
7328 22379309457589315504
7329 22384743446725257472
7330 22390896671994614976
7331 22441756765908697000
7332 22442970760510293000
7333 22448136949300519093
7334 22448638380730536000
7335 22498801265436867000
7336 22503704159519939447
7337 22521020676039844875
7338 22549936745915775567
7339 22562181280881944000
7340 22591798042006273024
7341 22595132748501483625
7342 22603971917938488057
7343 22605236070932668608
7344 22616041114175955264
7345 22654941400492232256
7346 22656852202630829400
7347 22722290064206486208
7348 22723178910342625000
7349 22724609256613758312
7350 22728856505589519831
7351 22739561044036675839
7352 22745319741037427625
7353 22769626482864192393
7354 22776801640909184232
7355 22779533243857898664
7356 22785781975413539481
7357 22797031603233894643
7358 22799155445370869147
7359 22826962485972216000
7360 22861887022961657216
7361 22866617003196874689
7362 22867305454703920392
7363 22873085755255008000
7364 22881745199969353152
7365 22882393554198325056
7366 22883794339128016896
7367 22885769249690411512
7368 22905331601177566333
7369 22940416898782563375
7370 22951559259798347304
7371 22980539220203851776
7372 22981280496796232000
7373 22983684241582929501
7374 23003649715687784136
7375 23004993513529705230
7376 23026580390302162219
7377 23031129866437641816
7378 23031603698954635512
7379 23040567410728745241
7380 23075339612574112344
7381 23080924203736194432
7382 23092763540675908625
7383 23093648576826032205
7384 23097908358335958784
7385 23102189997766978293
7386 23112059550016156083
7387 23125094069706294120
7388 23136572935675590417
7389 23142446798513614264
7390 23168357526661383608
7391 23193400417652662561
7392 23228832263052752875
7393 23230912908965697936
7394 23266245489004429912
7395 23283904707940954077
7396 23288723910649499904
7397 23310194411107289664
7398 23327081008044849000
7399 23339485065619483416
7400 23347087108104510361
7401 23370114207116064024
7402 23388334947366913944
7403 23397313146819728571
7404 23397677294586541128
7405 23408683080268434823
7406 23414259894946776576
7407 23423509012019784031
7408 23432262489624426984
7409 23435988009000795072
7410 23449789764741465125
7411 23465122547116916224
7412 23477418499329258984
7413 23488580094103638703
7414 23488789414628223000
7415 23498179059850324713
7416 23574476162916439488
7417 23578506240544481625
7418 23588368481241635337
7419 23638267267387416000
7420 23682080532280387392
7421 23703204240895967424
7422 23703328227691320273
7423 23723689485347587008
7424 23724866050917042375
7425 23733538667208601875
7426 23755463743801801375
7427 23836969373203764288
7428 23868356622571705069
7429 23902562032277572000
7430 23929652492506477288
7431 23947223624498223224
7432 23948369335141624429
7433 23960988582561750375
7434 23969286386293464125
7435 23973466596659975304
7436 23982778372181981625
7437 23997663251496499392
7438 24009234893275699431
7439 24022623232172381544
7440 24027009704565090984
7441 24062189722691971608
7442 24077574393066384281
7443 24105737060048605689
7444 24156462294782415864
7445 24170407317769015296
7446 24185591516142000000
7447 24190771151286448128
7448 24196031732184084747
7449 24196916726170860672
7450 24210824661558400320
7451 24215618666249008353
7452 24217691982292291392
7453 24218225074214212032
7454 24239413629515383000
7455 24240360223893839256
7456 24248946553125569856
7457 24258794876279334000
7458 24266449684577181816
7459 24276225482356767192
7460 24291886286420389000
7461 24302361124699666281
7462 24309094729217308992
7463 24326292211651828125
7464 24335791263583543107
7465 24342083312654598309
7466 24343734318830115579
7467 24348827684847282552
7468 24371785541052017208
7469 24386177985595646311
7470 24400704074129269803
7471 24437272005090509661
7472 24438740965052778000
7473 24465615189336117125
7474 24470230775472027000
7475 24474907014371722944
7476 24480673453158820352
7477 24491701515640917896
7478 24495485887285253568
7479 24498223705569800881
7480 24499984599952099056
7481 24502597727198626728
7482 24540742509716625192
7483 24542043608580320179
7484 24551650677970751608
7485 24560268488258120280
7486 24568845909414503489
7487 24571225851959714248
7488 24579768236502296727
7489 24594771641514545016
7490 24610875395243077304
7491 24611793819289511653
7492 24624666938820748176
7493 24632004459391505631
7494 24637018994917056000
7495 24664685455793671353
7496 24672725017040520000
7497 24673582950306222016
7498 24677097256964611368
7499 24690992875706521000
7500 24694083569800827000
7501 24699013945015085893
7502 24710294558007304064
7503 24715562962507930539
7504 24717431374970298048
7505 24731479038761122472
7506 24775312563076235013
7507 24782593548259782144
7508 24790277076209369361
7509 24794780297211153656
7510 24827788137992373352
7511 24837530588157741363
7512 24854655515041261000
7513 24871367238137591717
7514 24921030647481765615
7515 24930033439253298209
7516 24970912298884279000
7517 25026063653530370368
7518 25028630649737685243
7519 25044387055834245632
7520 25058212657328842875
7521 25081805014725697784
7522 25097549261322134016
7523 25107028697497298552
7524 25108133528581751375
7525 25114550748793985080
7526 25131765570766170624
7527 25150057410165860501
7528 25150378262838553088
7529 25169596846955030080
7530 25171298021004898581
7531 25176057420144988728
7532 25201200670407125000
7533 25212020960761087096
7534 25212681306879287104
7535 25215730179206556087
7536 25222833300659904000
7537 25223918361073960437
7538 25246774723000974255
7539 25248424963606886223
7540 25249644953263838016
7541 25252955907924745000
7542 25268885754125976963
7543 25274088602056567000
7544 25274575679913118117
7545 25297779817864712375
7546 25316087317953429816
7547 25321709450966064192
7548 25331529467078104599
7549 25341109473131514368
7550 25348640244062454144
7551 25348896017766084491
7552 25355274482241622016
7553 25364595576646250821
7554 25368283692549819224
7555 25501247324592353496
7556 25570162494042270013
7557 25579640930295933000
7558 25608322749621096576
7559 25635235228387377056
7560 25670370665467584000
7561 25679036970766424791
7562 25692498091140943608
7563 25694695230953972671
7564 25711812779627810232
7565 25718252939968483648
7566 25726933583933502375
7567 25737030757876322304
7568 25742368842502888000
7569 25777587612098519379
7570 25799115835173911139
7571 25814626026371195832
7572 25825643071002201609
7573 25830684697220873288
7574 25851378061070719488
7575 25858888311033111096
7576 25864109878057836931
7577 25871167784621420352
7578 25875080786225087352
7579 25878125721837816000
7580 25886380198206790080
7581 25888950738932843240
7582 25896815440080832000
7583 25900172778080475000
7584 25907228105912944875
7585 25916162702285363625
7586 25943393909158490375
7587 25967173007278810944
7588 25972533274496751000
7589 25974598288177923768
7590 25975423595575848296
7591 25989979366517175000
7592 25990245596445224768
7593 26003343774108767976
7594 26040984494974997184
7595 26051489306519943799
7596 26072725763183640625
7597 26089024835219650759
7598 26096892021610883928
7599 26102401572205507185
7600 26115715708598243672
7601 26115850949643885528
7602 26128382795010466299
7603 26137959076429205824
7604 26137996249195067328
7605 26154133798981631625
7606 26155445192212472955
7607 26172580048602624000
7608 26173386545793149000
7609 26185315679678459304
7610 26192227633550418951
7611 26194015132264007496
7612 26222490195553930824
7613 26226101782627765291
7614 26258603972160614418
7615 26277479061800351112
7616 26293612622286268441
7617 26336760184774932984
7618 26355244461513562296
7619 26395536844977802173
7620 26412418885284274752
7621 26439540176103538176
7622 26459458362959671413
7623 26465966841616857009
7624 26479490812808756625
7625 26490819602465250669
7626 26501659863855676416
7627 26543770913426863707
7628 26593009115026681656
7629 26615001845824162875
7630 26626820777802766584
7631 26666268359840477361
7632 26671596970047002792
7633 26692809103085658624
7634 26710261248571808336
7635 26711370131407009048
7636 26750030029208408251
7637 26750464440575632029
7638 26769918039838555608
7639 26772320447910765000
7640 26803397327382918144
7641 26807120801884300059
7642 26809615659041482176
7643 26812607405962916629
7644 26850030097607360000
7645 26851883752312173000
7646 26867237414887634401
7647 26880310699306271424
7648 26886799586116799784
7649 26900501617447987312
7650 26905977733646858112
7651 26907477441145002000
7652 26915259803740501375
7653 26917920901646467875
7654 26946008483637675887
7655 26957354062916428632
7656 26978196781512984384
7657 26996401577598581375
7658 27015972650559543231
7659 27019241263127596392
7660 27039270071105330129
7661 27048646121453557146
7662 27060854690005906168
7663 27067159016014170592
7664 27067479357136388625
7665 27075644600861800125
7666 27090955935600463872
7667 27102249614978081271
7668 27111478250662872192
7669 27119000634713681967
7670 27145524124164870144
7671 27150376526513198504
7672 27163155206140750125
7673 27188535070155132891
7674 27198307052466181632
7675 27201953972975325462
7676 27207589578890817024
7677 27213808624982893125
7678 27216863103647835072
7679 27248660036159839128
7680 27253089368864468928
7681 27265557797213463000
7682 27278991571730845184
7683 27281975430032516375
7684 27283770970474473000
7685 27316126098049250133
7686 27321548724753354344
7687 27334221348679229952
7688 27335861105110698861
7689 27338781258031717747
7690 27347167549707209029
7691 27478981415807042247
7692 27486468459547847533
7693 27502817718278331000
7694 27576020531083108672
7695 27584161395178902787
7696 27587018006403946048
7697 27605097958629834981
7698 27614950522092799992
7699 27618779111363857053
7700 27632421967004397144
7701 27643088930731465464
7702 27646904828962975976
7703 27663354667616294592
7704 27674482678938722016
7705 27678437516952802125
7706 27682637563200187997
7707 27694281067624679625
7708 27696218159851323264
7709 27706546363516797952
7710 27713823255792686376
7711 27752693297124251664
7712 27776928175680430656
7713 27778124014571178304
7714 27778213644696006336
7715 27805077965594416536
7716 27815131022626458000
7717 27826728907463474625
7718 27843262096346424000
7719 27843790617429587703
7720 27870603612376963464
7721 27873413237883979584
7722 27903423247526239875
7723 27949470489656103375
7724 27984407781204620109
7725 27986365328090624000
7726 27988105245570379000
7727 28007625532712980869
7728 28009049503262231824
7729 28015078330559332656
7730 28032774341264417088
7731 28051646107282251328
7732 28055113392589357464
7733 28055601126465244479
7734 28068019786089339875
7735 28072056989291665896
7736 28082920459637476125
7737 28086777216213467752
7738 28099512265259792448
7739 28100571536276745408
7740 28101894488126361000
7741 28108707942396403413
7742 28108782101496187000
7743 28120890985681188968
7744 28138882208680140625
7745 28151452172189388133
7746 28154919694298165496
7747 28198841973398171712
7748 28201083312076884216
7749 28275391221093334656
7750 28281151612054443375
7751 28314006228120317985
7752 28334488750642799289
7753 28346776445049391000
7754 28358953565988374973
7755 28369545862904883000
7756 28391107315356384768
7757 28397369233164912968
7758 28398874986229436416
7759 28406833464755241125
7760 28407578549676931584
7761 28423394092017477000
7762 28436118753856188375
7763 28449913164323651000
7764 28468610034980024000
7765 28469199414873206808
7766 28474596426032859375
7767 28483642262336369472
7768 28495887031377186993
7769 28516290473097767375
7770 28534469423282286408
7771 28550649924908937000
7772 28638680594360572125
7773 28699409724593048000
7774 28717228509069953125
7775 28737886327265291176
7776 28740868695455810383
7777 28742031889295639040
7778 28758982361511299625
7779 28762919712721978875
7780 28780511036672185434
7781 28803154402068186357
7782 28817918040448219527
7783 28822002205007172168
7784 28833094163103048000
7785 28844555695957283256
7786 28924143272464167000
7787 28952615265564536000
7788 28971789493095421875
7789 28973741813543426688
7790 29014638750616847103
7791 29018368464234694272
7792 29024498186568942750
7793 29038954874075088488
7794 29049817014546935607
7795 29055357839108498625
7796 29062910760105051648
7797 29065699213998890625
7798 29068260000495658488
7799 29069103489449959936
7800 29084699142835069032
7801 29100098152251167552
7802 29108665172492943912
7803 29162498264658997875
7804 29166379817784006168
7805 29176084616950934208
7806 29187619730504935992
7807 29193987943038929472
7808 29210334601928663232
7809 29215299465241344000
7810 29218450764889501696
7811 29232203366709850176
7812 29243134675363066731
7813 29243955412095837777
7814 29254305146549738976
7815 29260489028470280000
7816 29267119495348692048
7817 29275138781222356197
7818 29289152507080624704
7819 29291589076696764552
7820 29294254381247569224
7821 29299200465166837569
7822 29337531982384808000
7823 29354317371863907193
7824 29360178160666482493
7825 29374614464592164131
7826 29375309167153038873
7827 29399879011149495576
7828 29405175561633035008
7829 29419027228224583488
7830 29424182357459785896
7831 29470899306321837000
7832 29485464420535016049
7833 29494840834293889509
7834 29507956459081949583
7835 29511323462247749269
7836 29548097427154694589
7837 29578557071831931000
7838 29578843768097257712
7839 29579125792735719963
7840 29612671460878635008
7841 29613999962243998152
7842 29623798049679805643
7843 29645611138478458305
7844 29651209403927581197
7845 29719816879934994624
7846 29729792015252875000
7847 29737140127011954000
7848 29795034971891623616
7849 29849600065242203064
7850 29852448728084227000
7851 29858882516276958144
7852 29861529197293660104
7853 29904649742841534297
7854 29918852941768461027
7855 29937133042910632448
7856 29952245448359187912
7857 29978251654333003749
7858 29993354516011146624
7859 29996561135388335553
7860 30006412855360389000
7861 30047052202281387000
7862 30097180982711043136
7863 30100665230490673000
7864 30114979639314006528
7865 30130443949679038728
7866 30138186555594606888
7867 30153024984406798656
7868 30156006067812710163
7869 30159420360811789320
7870 30181221552551670792
7871 30181303667958470631
7872 30186275095996038656
7873 30229983487063612161
7874 30235167562520708424
7875 30240414829665062568
7876 30246368080650203125
7877 30251650470783250509
7878 30264132141777271400
7879 30273412123872099000
7880 30289452657812229609
7881 30306697832982496653
7882 30308166484194816000
7883 30318835797052101000
7884 30335440525810573608
7885 30339793227310642656
7886 30353433229848391208
7887 30360478474800072872
7888 30361536564505683264
7889 30363078093992091721
7890 30368015334755751744
7891 30389657526107933248
7892 30402938408759109459
7893 30412039591116452304
7894 30421429702153115472
7895 30428883021103670376
7896 30456709059382365240
7897 30470698934666675776
7898 30479381071897140000
7899 30481478647839851184
7900 30489821967914860544
7901 30495090742041515625
7902 30500375063738036723
7903 30504409862506868736
7904 30505114697113824677
7905 30518138596110661944
7906 30520772176662980875
7907 30535206609161433088
7908 30553792176144946904
7909 30636234368423307000
7910 30653033019997766625
7911 30660322699164851784
7912 30680061800052030912
7913 30681596327530556709
7914 30693377953634913461
7915 30702036656812248000
7916 30708110856392253648
7917 30715510040474774697
7918 30733814645626925917
7919 30751557129243791496
7920 30766450213421007111
7921 30777562520175744000
7922 30784282699246003872
7923 30797228429598640464
7924 30812492018561532552
7925 30846022311800600064
7926 30868015885034432104
7927 30877635519282819267
7928 30878587258326744417
7929 30894176558045638656
7930 30912199194626835904
7931 30918981435469546293
7932 30932528428528703424
7933 30934480107436258752
7934 30943516737578877504
7935 30962808615777652152
7936 30978499874978866392
7937 30982608962302873239
7938 30996124309830202523
7939 31011815082305905848
7940 31101478022432198736
7941 31102794684352821213
7942 31128584263831880280
7943 31145033680477359552
7944 31182737692896271755
7945 31223999983522726016
7946 31255242691115235429
7947 31271068081393735231
7948 31276491356986117632
7949 31282629274346500232
7950 31288649989339970136
7951 31295315173195584000
7952 31338826514738891064
7953 31342270215861529344
7954 31350136376678091336
7955 31378598316766943613
7956 31402700350561770048
7957 31404888152378273871
7958 31425199204775620608
7959 31440120747205023000
7960 31442944168777388247
7961 31485079155515172544
7962 31489052483853502776
7963 31493103598657396423
7964 31526691819922565623
7965 31536534515447350584
7966 31571033799542020056
7967 31577537640292488000
7968 31598288665721880704
7969 31613394722107954392
7970 31627847930965086619
7971 31646172795073695495
7972 31647030855435148608
7973 31647527406373632381
7974 31649831447392214056
7975 31673431426328500608
7976 31719880002366919944
7977 31722331106814239528
7978 31725118414707679360
7979 31747383456684432264
7980 31770457733864512000
7981 31790306208246001416
7982 31795628964377665536
7983 31814355861374851648
7984 31825479184912701864
7985 31826219416849875024
7986 31834856003569420347
7987 31842431372334169496
7988 31886595283087403712
7989 31919682841687600128
7990 31922208934685707456
7991 31936878050790160448
7992 31960027141989170679
7993 31972645886088181248
7994 32007389201135096112
7995 32030976163899665232
7996 32032227852329878647
7997 32041391452957177417
7998 32045210425004765625
7999 32048239326804064728
8000 32077710901370362599
8001 32100326794842716592
8002 32140185945595837263
8003 32158358872709955921
8004 32169403870359251876
8005 32177844740066496679
8006 32193580822856799255
8007 32244199035329951208
8008 32259380613221235591
8009 32278248494675394913
8010 32293136441134393461
8011 32340512806518617064
8012 32352709634920120320
8013 32367569367350592361
8014 32421502580923842750
8015 32452937936633725875
8016 32454765037457004249
8017 32485677919259383000
8018 32486382458987084992
8019 32502316675655736000
8020 32511852187720872785
8021 32544660536887078125
8022 32553202618187204408
8023 32592044678654495853
8024 32595326131177289151
8025 32597602318310014125
8026 32611065273592751673
8027 32621387592724952931
8028 32629287087280322712
8029 32642070126801408000
8030 32665035172850227000
8031 32696208315644829319
8032 32701883718008447488
8033 32704039862408988963
8034 32704284638021985296
8035 32721590585342196720
8036 32735626600697754552
8037 32754608119941682429
8038 32765031275820322752
8039 32773208779597069576
8040 32794643280974323987
8041 32813410419806381001
8042 32837711222349271000
8043 32860834775875542016
8044 32867768501917428807
8045 32867959546490107312
8046 32874768013006942848
8047 32875024916272221657
8048 32894351481025216000
8049 32896984212086475663
8050 32953209931825436799
8051 32975886814760090159
8052 33037629426076201920
8053 33039372800319304536
8054 33064259150425362496
8055 33066200940519371625
8056 33169875197800536000
8057 33174912397634214571
8058 33183880228554564096
8059 33184688057404970688
8060 33211221014593774152
8061 33221684462242527125
8062 33226448317903806264
8063 33240449212369819875
8064 33283642734353584664
8065 33300058996126175526
8066 33303525263884362032
8067 33327074806076321361
8068 33346481730755171671
8069 33350545709268166008
8070 33376396552327374364
8071 33386264347940719579
8072 33386290506557046513
8073 33455150646686712125
8074 33525913781242071000
8075 33532510775210199360
8076 33536806728941059264
8077 33546786409831988403
8078 33546861096512720229
8079 33572694293165944000
8080 33600710251714730264
8081 33609313583650121408
8082 33609943216010495691
8083 33651294676850466792
8084 33658940896076115711
8085 33667763749992583631
8086 33669914528463048936
8087 33676577673525836504
8088 33713005640052875383
8089 33713194356145847179
8090 33732340772061467592
8091 33733914327220123107
8092 33765041931792593912
8093 33779282175099323233
8094 33828478638215357889
8095 33835712502870970237
8096 33901936331757039000
8097 33910481339756840637
8098 33911336877594176000
8099 33920048192672893671
8100 33935572638299115000
8101 33947932344324115761
8102 33954646797704358936
8103 33978499728027767640
8104 34001661322209279608
8105 34003039102906930875
8106 34045393869193294224
8107 34055155207663021432
8108 34068758955733750131
8109 34069991803928057152
8110 34112750479498805023
8111 34120224404449794000
8112 34143871089258770203
8113 34146578669916186873
8114 34147558834622827480
8115 34159923641872035000
8116 34209956458770565599
8117 34219121815361448000
8118 34224862538053606384
8119 34232311824921851823
8120 34237078858653671000
8121 34311696154561653128
8122 34340028715543941936
8123 34349043858891483176
8124 34368088033779807944
8125 34368844189264704000
8126 34434934915978296000
8127 34457370644142777331
8128 34465678543381267000
8129 34512714847536457896
8130 34539126648678916056
8131 34549456064288256000
8132 34609471641982213632
8133 34615537056276642648
8134 34616675171514700719
8135 34619113616861592000
8136 34619998025415920264
8137 34640900995387573467
8138 34645796480866131288
8139 34680851086747057192
8140 34701016638183569856
8141 34705141639878550464
8142 34716042859406225499
8143 34726081141866833208
8144 34735692263976009936
8145 34743357578504416527
8146 34759957976803828125
8147 34780038877004908032
8148 34842858822500117256
8149 34849957628382845949
8150 34866566675899056280
8151 34875168370551395523
8152 34877157837185782125
8153 34881941663850875048
8154 34918036334364547000
8155 34922121700944446731
8156 34928301838423745024
8157 34933059162302906250
8158 34933670111364045840
8159 34959452992709871808
8160 35035333118050458375
8161 35081436081013056000
8162 35083527285239930861
8163 35087641115001910344
8164 35088778587144862125
8165 35102171949939960840
8166 35120770813629190144
8167 35123369147240681736
8168 35129179880060804811
8169 35155735084395663192
8170 35183515393256360256
8171 35191960460996484600
8172 35201793133156970376
8173 35242339468722087429
8174 35252297812465461000
8175 35287948332765667000
8176 35287950404476224000
8177 35289139902194304000
8178 35306521929821961000
8179 35326870534039977928
8180 35366087140933154823
8181 35417321165527898688
8182 35424794666054152872
8183 35433945072955888128
8184 35463401775301100841
8185 35472067014165582528
8186 35488882663750265913
8187 35523673045052811229
8188 35526471800044777344
8189 35561138767803113472
8190 35621642304505349001
8191 35628924369493092456
8192 35642011624498191367
8193 35646569014209340131
8194 35686984364318143467
8195 35690091126810320375
8196 35712559034127712000
8197 35715147616555122456
8198 35727330212488422592
8199 35750842370441721208
8200 35773174411094012536
8201 35780955074557056000
8202 35862241277710805048
8203 35864580348467541125
8204 35886798410708464128
8205 35903260227851860536
8206 35909361700292068632
8207 35921220667958347848
8208 35939338027741864296
8209 35972434044488023992
8210 35974058997676153536
8211 35979658802750702403
8212 35983888000203315536
8213 36022236883928123192
8214 36042268835290760280
8215 36054728839953590256
8216 36075563987729482125
8217 36091439144149177000
8218 36105891985748467008
8219 36138655305424819000
8220 36141786329602396625
8221 36181233986477311368
8222 36243016375985318592
8223 36281241553003620992
8224 36323521130988000000
8225 36324421418246166387
8226 36333960970475136843
8227 36363198938934970557
8228 36378027399017014291
8229 36399621477016877625
8230 36403304747689243000
8231 36461394887307264000
8232 36564710706404323443
8233 36614511775615062016
8234 36651381100591131000
8235 36653151093403813848
8236 36660746293193870848
8237 36661983457291401664
8238 36682077023707720185
8239 36688352325262964424
8240 36708927002300681128
8241 36749154557698128000
8242 36758405371689051687
8243 36788460718621339000
8244 36790773542280287992
8245 36803098994475184000
8246 36811416417950664000
8247 36822191630276807937
8248 36839708043082464312
8249 36867928917202023375
8250 36880768127817536832
8251 36926898363962794313
8252 36933152501297153647
8253 36937052983490471000
8254 36943671830482524744
8255 36955019319508824632
8256 36955968927248670299
8257 36960285810923191808
8258 37000575713019836736
8259 37058808509626168384
8260 37072105430383296000
8261 37077785989705316375
8262 37078353650447165511
8263 37082786233550649625
8264 37086908064681345416
8265 37091129419891729000
8266 37102682903213729088
8267 37104148993559811345
8268 37109727160200363032
8269 37111910579863944552
8270 37122216742983631168
8271 37140923053180859192
8272 37189990585820058688
8273 37209008411413054496
8274 37226838990801723328
8275 37238076662904555984
8276 37252284392879731000
8277 37276077639539014416
8278 37287921398876811000
8279 37323305613947969469
8280 37337174998701135929
8281 37354667739268940424
8282 37362215318692729383
8283 37379699689997915712
8284 37407074598889206120
8285 37412412134309686136
8286 37420905587242721544
8287 37423212574402977777
8288 37448063841989933496
8289 37461237778402305777
8290 37504272610606149432
8291 37515776997742495543
8292 37579372311451200048
8293 37585132360552892115
8294 37624489536267604243
8295 37630192630800765625
8296 37691111021334708483
8297 37715379685880505336
8298 37736030529326390625
8299 37749499169062109373
8300 37752951332140285339
8301 37787340728651171320
8302 37813595902587695827
8303 37815236665644240341
8304 37820373589113993072
8305 37820539061554258728
8306 37847377463980804083
8307 37874261662521558976
8308 37882484398591651000
8309 37927672640132341248
8310 37941401299980912237
8311 37944783413500979799
8312 37962727580657664512
8313 37975233846227139000
8314 38004668244639115712
8315 38016851377464078336
8316 38047822497086967000
8317 38063468856292102125
8318 38105302253051621952
8319 38120330842094432512
8320 38121157428492857472
8321 38124876230856769536
8322 38168841266430278976
8323 38187773845230803248
8324 38211443376956957016
8325 38226435599596228875
8326 38235373329055357000
8327 38238571499969806875
8328 38292317304748422552
8329 38302210387996015013
8330 38325204073838642688
8331 38337465631185989632
8332 38345842875058474392
8333 38346342454097961192
8334 38372892178267817352
8335 38384707235028341544
8336 38391372706048538904
8337 38454498348325908632
8338 38456860879764054000
8339 38460330425261239488
8340 38538807563637806607
8341 38646496396785787848
8342 38647607162201974664
8343 38656303512095969856
8344 38658967398297488151
8345 38671063015685949576
8346 38681566449621823000
8347 38683444418964891000
8348 38716990341117510123
8349 38733434743006549000
8350 38745915513091927875
8351 38748859135283661273
8352 38757086264024100901
8353 38816173317690727273
8354 38857421935498752495
8355 38857762018976869115
8356 38859858260405425152
8357 38872921072021706404
8358 38892579301883604024
8359 38949982162481138112
8360 38976514642177350056
8361 38982571962138966672
8362 39033456679669209875
8363 39058826055365005981
8364 39068086102856746936
8365 39079402065743367735
8366 39155407430050888704
8367 39188893392900125000
8368 39215563199720054504
8369 39215632175168904000
8370 39246962814394005125
8371 39277783196679815424
8372 39279924776152958625
8373 39312914154727141656
8374 39317184670670221896
8375 39326834716434074439
8376 39342653804764270016
8377 39345757011223009984
8378 39351219287766840125
8379 39367100669386406131
8380 39430107739513159208
8381 39431956225699673272
8382 39437592857278551000
8383 39452729452507580608
8384 39457010636520245496
8385 39494115652559726375
8386 39494848341098065032
8387 39498333414901995816
8388 39509311626149824576
8389 39526086643468165503
8390 39529264096327550272
8391 39536736300394424000
8392 39539046651776268597
8393 39549855255926049307
8394 39556055488620178872
8395 39575138257540380313
8396 39584751468216139584
8397 39591749219194115496
8398 39601370695296278232
8399 39612129342665858433
8400 39714368059109487744
8401 39721747642699061375
8402 39729007999945006750
8403 39752606215019663000
8404 39765274515285188688
8405 39767332323012098168
8406 39771756946531019592
8407 39771917017089217688
8408 39782577352009565619
8409 39789257602910145967
8410 39789456917046696613
8411 39793931395168057471
8412 39795208884647424000
8413 39828729428750902995
8414 39844994242106079936
8415 39848024522364144632
8416 39849989528769210856
8417 39852044874846477000
8418 39862253835405603000
8419 39898106634713664456
8420 39907574033449941000
8421 39923000087220783000
8422 39923960878982808000
8423 39930192289166625000
8424 39931196513976350856
8425 39938568934488275051
8426 39940967142051529736
8427 39942651320315766288
8428 39983833985417667072
8429 39997996791056577000
8430 40034684477558390984
8431 40035985280063981208
8432 40057928381567462912
8433 40062023218473776757
8434 40063249738681618904
8435 40066491202372200384
8436 40072080191002672904
8437 40080099706918786368
8438 40087981880594758656
8439 40113296746831359233
8440 40130218361672747000
8441 40145604784309356624
8442 40188568947651107928
8443 40213506810385999125
8444 40222867577168047616
8445 40263253863967232000
8446 40274507577238121187
8447 40276138116908241541
8448 40311432875890449000
8449 40317758961201886528
8450 40323449101826256632
8451 40333616642666660040
8452 40353173225185405104
8453 40365097092623877632
8454 40371111048114244125
8455 40388129916102423000
8456 40413372118527949632
8457 40427974189119222216
8458 40432158170503458632
8459 40487159623503618333
8460 40500903267265904064
8461 40522874658713167104
8462 40524598650497763447
8463 40550995314370205847
8464 40601678235394492125
8465 40619863382147280504
8466 40632130902775189625
8467 40638957971310026055
8468 40660035126617277000
8469 40716197545971371697
8470 40733272518604152012
8471 40733950421952528832
8472 40749899235375145608
8473 40798378924347115071
8474 40844820089727810000
8475 40884715801715410296
8476 40893361407603837288
8477 40940765508673275336
8478 40942579692124183437
8479 40943076706084220928
8480 40968823186555038144
8481 40972053778621005824
8482 40981968481475627424
8483 40984785705188961792
8484 40996203089415119000
8485 41111583364176839488
8486 41127405457928707008
8487 41135975733753423936
8488 41137999923985776000
8489 41148019053730680832
8490 41151208174045635393
8491 41233255085829086000
8492 41247041719222370304
8493 41255498607162927507
8494 41268749311574167201
8495 41287535077338525313
8496 41290509432011009625
8497 41350446168022105352
8498 41407667255481948531
8499 41540066691775620696
8500 41614959161531176568
8501 41642697897852181767
8502 41642996736599254971
8503 41654147451511231000
8504 41658625973925593640
8505 41671520577479709000
8506 41674379590629653625
8507 41674486773111475264
8508 41679939320055366967
8509 41681155856392819312
8510 41701551174666864000
8511 41731865923614041448
8512 41732243099316444493
8513 41746301656905790152
8514 41782348259740939968
8515 41812245302590003059
8516 41815223551091914658
8517 41838481811903959000
8518 41898342606595432083
8519 41933488968357216867
8520 41950827849857472000
8521 41961037973611715712
8522 41966437429690694739
8523 42016368510441805240
8524 42048646970007391012
8525 42059267121933663875
8526 42065784773945041347
8527 42085573435635093000
8528 42094191749843703232
8529 42166686949664567752
8530 42206025305591886375
8531 42206252540040548505
8532 42209694407247540264
8533 42251064063563700072
8534 42267748843678098888
8535 42280753337640055784
8536 42313899765277793016
8537 42319620192919966533
8538 42327713892755569131
8539 42355125513098431488
8540 42356814311010513951
8541 42362233328269036728
8542 42373458191388832543
8543 42424862347274390893
8544 42428037417792609375
8545 42442885646299421829
8546 42477767307157212576
8547 42489561937229813952
8548 42495708241962580696
8549 42515630987906051001
8550 42517895062534857973
8551 42533377312984181568
8552 42550216051859139897
8553 42557088521505719889
8554 42595177771163913896
8555 42638756456810817576
8556 42644432319127309125
8557 42674264771795275311
8558 42688222571237482603
8559 42692682177979398656
8560 42712006117645380096
8561 42715954789516843137
8562 42721571554297457787
8563 42732570196341061056
8564 42760979626165313149
8565 42813382196338520949
8566 42817704475852810296
8567 42825649585475636217
8568 42830616248817041827
8569 42862005036514052389
8570 42903805164892025536
8571 42927181321918657491
8572 42935459157037879488
8573 42944632963612091712
8574 42965900545307733504
8575 43009461919738274877
8576 43033675188066623424
8577 43034519899413905408
8578 43044425668344847032
8579 43047839866218512472
8580 43053499658436924384
8581 43101221052596078232
8582 43104500929881254656
8583 43123693592286031608
8584 43151231748437512875
8585 43164368823346624000
8586 43209801721626950592
8587 43254663460770538504
8588 43257578503978965672
8589 43266308209284888000
8590 43269951733548065064
8591 43282283214530942296
8592 43342845710213702952
8593 43348977244343043000
8594 43415007503036521625
8595 43442753811777062568
8596 43598523245752859328
8597 43614446317807247064
8598 43628963107033835496
8599 43634280307523121125
8600 43640962732892096000
8601 43688351851724664000
8602 43696228870210631832
8603 43787933844947848738
8604 43792738484696248320
8605 43793265478776574581
8606 43827258094137051625
8607 43836902845980143536
8608 43864074467012863917
8609 43865566860378483064
8610 43916432466518395875
8611 43925357448304645735
8612 43929823596809015808
8613 43966339381416332088
8614 43969812744347059752
8615 43974187963557388264
8616 44030338289966574000
8617 44088687499314348072
8618 44105783943654926136
8619 44110190563148795904
8620 44127920136256826688
8621 44143305178647019625
8622 44191922052515328000
8623 44236654661039959720
8624 44257934581503054867
8625 44262519562478133000
8626 44323045802003803653
8627 44332730708411374784
8628 44383526285794649856
8629 44407867422118745727
8630 44464223270487901608
8631 44494502392887104250
8632 44499545170688147904
8633 44511547070469024000
8634 44581179059810875449
8635 44620940444742207000
8636 44647910638719625818
8637 44720798510112850944
8638 44736453686433000184
8639 44770245125579168104
8640 44775523700096859000
8641 44871922714665375000
8642 44931526017782505192
8643 44936973891940333301
8644 44937047903262068736
8645 44948567216965625577
8646 45006142479809108409
8647 45022560757992953856
8648 45060078197778584869
8649 45072643993076781711
8650 45073361662283997224
8651 45077756978883258000
8652 45148176065760401088
8653 45150966923114176488
8654 45237765291868324448
8655 45269083534169890304
8656 45281010044892382936
8657 45344046247834926592
8658 45352853567468568576
8659 45356239277209258496
8660 45359604277935694712
8661 45374379625486982681
8662 45378662537911083381
8663 45395614578255958016
8664 45398016221583032000
8665 45413794208830564160
8666 45437165704436256387
8667 45470719757396102589
8668 45471493327185477000
8669 45472115070833087000
8670 45518065169081312808
8671 45537404084952559416
8672 45549581560898073048
8673 45568165388734588509
8674 45571833846504330904
8675 45589935776492330496
8676 45613684411576792875
8677 45655975308713077224
8678 45660259222645662504
8679 45680509092280163904
8680 45688290620783139000
8681 45690583093538941369
8682 45760286070200432367
8683 45769764485727823688
8684 45864378334833282224
8685 45868344963284142000
8686 45879055789372763048
8687 45897026450935927176
8688 45939508788803617000
8689 45940866601239584000
8690 45980316773829901125
8691 46000657332003770487
8692 46073973442693824000
8693 46080976318245678411
8694 46084439677099017096
8695 46163411177329207125
8696 46169178994637307693
8697 46267071096898813401
8698 46281711836867891904
8699 46325811714362736192
8700 46326549866358716136
8701 46354753005126622875
8702 46401613628656221000
8703 46402842601553137875
8704 46488900413816280000
8705 46525654446618249000
8706 46536390056439861669
8707 46536639201521875224
8708 46537984482248991816
8709 46546900848108880856
8710 46562546250809375761
8711 46565490342474622701
8712 46570338791965718568
8713 46579425503335307856
8714 46582596205099754345
8715 46591617079188990081
8716 46604014804056917016
8717 46699814320340862375
8718 46709263714819254003
8719 46715311602358910784
8720 46731027222049439808
8721 46778661521403790797
8722 46788302516778648000
8723 46790190260572451392
8724 46818121219557026696
8725 46860024644582438835
8726 46888869826945493928
8727 46983478188361000104
8728 46987834661119355913
8729 47021347750804662933
8730 47024585813158317000
8731 47035865200346237943
8732 47053921308515057664
8733 47073394220909943159
8734 47077653935416832000
8735 47093034617716439296
8736 47128055318176014520
8737 47131149267945183168
8738 47141946602027962048
8739 47154178870078094577
8740 47170929413285598888
8741 47255728834988840341
8742 47255843679304718016
8743 47268527462937582984
8744 47282326017516609201
8745 47282436569879162568
8746 47313581260120644573
8747 47325815037254253493
8748 47336312680169970483
8749 47361954339346222296
8750 47363934384047016288
8751 47370357213485769216
8752 47419138979341614459
8753 47437187907644627904
8754 47564011016179874307
8755 47565588094599555136
8756 47593229022014984217
8757 47627429393376072000
8758 47639377774654689816
8759 47650536394790264000
8760 47704786246077150528
8761 47715951108513447648
8762 47729795803155982152
8763 47750823320793772032
8764 47761446776494098375
8765 47833560953117640792
8766 47839953569443058088
8767 47856369397164046875
8768 47871064397158277184
8769 47884264135925398272
8770 47901267191940599808
8771 47904856648731082728
8772 47919039428352337875
8773 47943885097574488000
8774 47946382703621261496
8775 47960552685061911375
8776 47974621158918594504
8777 47990538287652972375
8778 48016017652446487000
8779 48019552555462913152
8780 48060844833892625000
8781 48071019024345268224
8782 48083016166324776449
8783 48087719246519213625
8784 48126973638800025144
8785 48128187616411424704
8786 48178273522043465677
8787 48215331531885196224
8788 48249028944235107387
8789 48350352126969134613
8790 48354736058597058552
8791 48357079969649881976
8792 48380994809353169873
8793 48388156794968888079
8794 48408537860832312000
8795 48409343967215985992
8796 48461296610134036629
8797 48463595280435801375
8798 48467174120867463488
8799 48479176657872990855
8800 48527983535646515264
8801 48535123748549484375
8802 48570084403077964608
8803 48592925326452416832
8804 48632523163892087112
8805 48644799713159690943
8806 48645534625545471488
8807 48677608330418096064
8808 48687761072518900416
8809 48807201482418434237
8810 48813217654709045375
8811 48864160139783841125
8812 48893200087010552000
8813 48937205761517900736
8814 48942880032694897152
8815 49001499910618471125
8816 49021133578537827889
8817 49146080025866331501
8818 49146224174108866952
8819 49176159737655772584
8820 49177148260321331712
8821 49178779892781965965
8822 49220700439127340851
8823 49229883092427803136
8824 49238478243049808384
8825 49257190765390759424
8826 49264840296910946647
8827 49316500537833414375
8828 49398603978120579000
8829 49401674948251020087
8830 49459337772138981288
8831 49465951777505704896
8832 49533043490857018008
8833 49562725998417572808
8834 49571355174516383299
8835 49594183236451767375
8836 49645104037855479125
8837 49663987699870522368
8838 49726778678047231488
8839 49758803476539294744
8840 49776847399349157312
8841 49798837976847602643
8842 49813213829413448232
8843 49837715858387443896
8844 49850333287058408013
8845 49950643811795652744
8846 49950662849646013000
8847 49951646087845302171
8848 49979912478944177457
8849 49982666360688035325
8850 49985657401834253736
8851 50026578407607140696
8852 50032249096584731256
8853 50200744281865943617
8854 50214786668392482864
8855 50238231688563909137
8856 50252673738409526592
8857 50256389854934125352
8858 50289412066555591224
8859 50293557498473411752
8860 50323732390169750232
8861 50356278361174824792
8862 50375195252716784625
8863 50380787002863288627
8864 50386413627202960008
8865 50390660169774406664
8866 50504127769710471843
8867 50508844057046210472
8868 50544767553357601125
8869 50549001584601566592
8870 50584018552005153007
8871 50586363802755976923
8872 50634158105784530375
8873 50635195479898512191
8874 50644382795171381944
8875 50668801451146256625
8876 50671473307453299392
8877 50693209627302168381
8878 50739599270963625750
8879 50744114056807162875
8880 50832054846706434112
8881 50846829472339317144
8882 50858370450167074704
8883 50873896080888406344
8884 50874128711457472512
8885 50909608429628633776
8886 50930291620240813053
8887 50971044250079017883
8888 50988586194049981743
8889 51038526162343329792
8890 51059561890273597512
8891 51088387236535886328
8892 51133301548914226824
8893 51148695993944402763
8894 51173316955455655688
8895 51219812099591135091
8896 51229015832858657085
8897 51246904588870698799
8898 51261056161908669648
8899 51270368475688386759
8900 51295740598477378423
8901 51343243909311744936
8902 51400172531681792000
8903 51430599294455338776
8904 51480984894372221832
8905 51500636000406750528
8906 51555362778138028544
8907 51580575394273113552
8908 51628051659034143559
8909 51630309978166011456
8910 51647541933852453519
8911 51667637355690088768
8912 51741528480063000000
8913 51762901691416674304
8914 51762960628145593064
8915 51795291796785149184
8916 51832915837967935125
8917 51846176370919970368
8918 51850542206224125000
8919 51869365221488580584
8920 51872994683808625000
8921 51897561338126439747
8922 51923064005922394432
8923 51979966736744557000
8924 51985755945513936000
8925 52053981585994880856
8926 52071361784085508137
8927 52092265386481780941
8928 52098261677618042250
8929 52192349810058459456
8930 52200857299769148672
8931 52222192265351678752
8932 52232967079696817505
8933 52254046738096840971
8934 52405926134171069096
8935 52466380947431313408
8936 52494407576966820500
8937 52503993831450410587
8938 52510149215713183419
8939 52512146275619280376
8940 52550085518702538949
8941 52553832527559078261
8942 52581556762210162323
8943 52609439254136823296
8944 52624633118482256832
8945 52640734937742894124
8946 52655094078244875000
8947 52722714733983088704
8948 52732227308779837000
8949 52739903508805114875
8950 52749044184622804928
8951 52768056552328043199
8952 52884550268901573768
8953 52895922060138121809
8954 52920803465255613888
8955 52951370157852244750
8956 52982572089019902875
8957 52996158553056264000
8958 53015212240411562505
8959 53059357513333008000
8960 53179877131803248743
8961 53236737607739973651
8962 53237486822929227000
8963 53249990382267727048
8964 53260366580541614312
8965 53303308211606139297
8966 53363436202838681829
8967 53367244336430011000
8968 53398386963513222904
8969 53402689270891037467
8970 53434013108995584000
8971 53511296021804432448
8972 53524695490658788032
8973 53541254632126754304
8974 53551954399712587000
8975 53581536100919808000
8976 53584841220739975872
8977 53614927525015225152
8978 53623179907015170088
8979 53647020246332978647
8980 53678658545922788352
8981 53689009880222145000
8982 53690816740417356591
8983 53697561763330385000
8984 53722209657684453184
8985 53754806269740996000
8986 53770399096562983016
8987 53832654113286172159
8988 53853892815061061632
8989 53876522719073291328
8990 53902192059971086734
8991 53933546043127296000
8992 53987166831702651183
8993 54012220062333688008
8994 54018001563071121576
8995 54024803773066840896
8996 54035221685270341824
8997 54046383914613910528
8998 54065230450763103000
8999 54097111667177820072
9000 54139189688860395672
9001 54183411430106768749
9002 54191095785815112000
9003 54192632024528561375
9004 54193869776559744504
9005 54213099387928450424
9006 54249886069992278848
9007 54265747634698450851
9008 54291271873823207424
9009 54305940063943294363
9010 54322702664294206961
9011 54327233214084652731
9012 54341790818293409697
9013 54356761598248799144
9014 54405760106464525304
9015 54430974034168947488
9016 54443517603412560408
9017 54455077192064211000
9018 54482138663949117000
9019 54484124353660869120
9020 54485112098511423784
9021 54492071874429597408
9022 54511790667356002617
9023 54535130795515423599
9024 54543378992963348367
9025 54587547456884267553
9026 54615630950020161567
9027 54647480232788151016
9028 54650825055479226691
9029 54659787161436707328
9030 54678590907051384000
9031 54700736117160053375
9032 54723078553160150280
9033 54761641565324061375
9034 54809730672215086269
9035 54820358179326708416
9036 54833148179051994927
9037 54844109514411977088
9038 54861892937173242368
9039 54913766089667137371
9040 54930343054498331849
9041 54977290308951829000
9042 54988405174920227192
9043 55009265792554352727
9044 55050904122542632729
9045 55060974758341214208
9046 55105386992901646947
9047 55117160278571848968
9048 55168750970153820125
9049 55173814210916797032
9050 55189431943829741376
9051 55193448250193261463
9052 55218873410997778944
9053 55240030247847976440
9054 55256826495136006656
9055 55257985040900437952
9056 55258715614403077875
9057 55297501369242617457
9058 55297581268594554253
9059 55332903870919852632
9060 55333718651753523072
9061 55336177459189539432
9062 55369480507215395976
9063 55379080027795398264
9064 55487638889559006039
9065 55521867000784747563
9066 55532622620963320560
9067 55570252422163236381
9068 55606902946299687528
9069 55645096998910935880
9070 55653877261866520000
9071 55675491098943919896
9072 55819246125558710375
9073 55823668115649255432
9074 55905020314481411136
9075 55943148709616205375
9076 55955696250098949031
9077 55958822260267771000
9078 56036201076740928960
9079 56051762708385001467
9080 56123625530008481256
9081 56130654776090099625
9082 56131801907728397032
9083 56200088351600057592
9084 56236061224999504177
9085 56245884121354093056
9086 56252054015448277896
9087 56279580111160678720
9088 56428288518604871232
9089 56460031444913824728
9090 56473565600431772585
9091 56554172460779533813
9092 56584199919523418623
9093 56591525031263106183
9094 56635611895225620712
9095 56675131174893486528
9096 56694045282035412069
9097 56717907302312802819
9098 56785131333726502464
9099 56793666873614056568
9100 56803203233438271031
9101 56813989526518008519
9102 56830489147619006456
9103 56869400661380307000
9104 56877170358660751125
9105 56919914347210948728
9106 56920756774445692947
9107 56921578963549311375
9108 56955482920455126336
9109 56994296137108546671
9110 56998252311326367776
9111 57022944091941497553
9112 57077667578369980269
9113 57085182829336708800
9114 57102655447810855519
9115 57190957414285006312
9116 57209869420699135608
9117 57211158839490309556
9118 57229702700805345529
9119 57293756874252721368
9120 57331538817176089557
9121 57334379520275433000
9122 57342657131785770255
9123 57373835757321302163
9124 57447437263606772928
9125 57463481537414492553
9126 57463694392013531496
9127 57538648015395549184
9128 57577250475255257019
9129 57614893691265732744
9130 57619733450919700977
9131 57635608668968512000
9132 57641891149937264625
9133 57648375495855359208
9134 57651695850319255503
9135 57670743978167131448
9136 57681230914514936664
9137 57708052406980487064
9138 57716519175412141625
9139 57774928847864136552
9140 57777029830941331456
9141 57780048915598505769
9142 57780118010438725573
9143 57794053823552597824
9144 57825349475847631496
9145 57843837651679049880
9146 57865677661243991448
9147 57920165823905395920
9148 57950461546559859375
9149 57986478913053526416
9150 58051503724859334144
9151 58100356381544719704
9152 58101432171131441664
9153 58139319164536221696
9154 58158138167546610375
9155 58169217771815671703
9156 58182831907989031899
9157 58205206597724811072
9158 58245382335395440143
9159 58258742795522331048
9160 58361558620336558704
9161 58376216914169518117
9162 58380995125072935432
9163 58385471641441124544
9164 58435038532598973147
9165 58436392151151567000
9166 58493127135504968712
9167 58552752191505186888
9168 58572783761923759445
9169 58609896222015125883
9170 58670296743768381000
9171 58725071445098836440
9172 58737463263905624352
9173 58752140095449879624
9174 58753624252524793856
9175 58759022088286897104
9176 58773194957154340845
9177 58824298155513586176
9178 58839022849594060008
9179 58902920728357145993
9180 58907916290364320088
9181 58912356715728850971
9182 58923443500058179224
9183 58937170005156961007
9184 58947656799602346048
9185 58995384810995191104
9186 59039603698743074232
9187 59040657135370100736
9188 59093218954885140928
9189 59110207168391112951
9190 59198916072858678720
9191 59216554250091960904
9192 59223755820467446208
9193 59240744788950407592
9194 59253882314174580032
9195 59270817808096590024
9196 59332994593542440407
9197 59349269225233554112
9198 59361846836168513728
9199 59395369244802829056
9200 59413324001701466979
9201 59414852146765110597
9202 59416425590451845832
9203 59445602594127830024
9204 59486316606728856000
9205 59494997300290669000
9206 59515010055249225848
9207 59532942974770184192
9208 59544582575817337453
9209 59645983771419124625
9210 59658856921031699448
9211 59668594057502971541
9212 59685930119857973832
9213 59697221852399616072
9214 59718578111330052096
9215 59750989485478483456
9216 59818868853705389736
9217 59856388059279357000
9218 59860784096763677811
9219 59862300892798426659
9220 59883657244789479885
9221 59985803088750389221
9222 59994673875088778583
9223 59998738126861812224
9224 60031062384585920901
9225 60072140092762744128
9226 60128952454241487000
9227 60156573218862663816
9228 60163049521637008128
9229 60212541620747072375
9230 60260421737631187107
9231 60274491892084288000
9232 60283314109805760792
9233 60296517862512750000
9234 60303697168149969408
9235 60344224686999279000
9236 60355561147314370273
9237 60388391953261446984
9238 60389359136309307195
9239 60421455007163232255
9240 60449827185070497280
9241 60452529304294879479
9242 60542412278839407000
9243 60556105976776607232
9244 60557681385907419987
9245 60564955997729304576
9246 60595102878728826213
9247 60620944548182353344
9248 60631195120928131392
9249 60666499095373198144
9250 60680674774943437760
9251 60680973708264846573
9252 60707247827552246375
9253 60732262721892843783
9254 60742020223949644125
9255 60767525885961434904
9256 60805023813825802875
9257 60818023433592681984
9258 60886407047996892375
9259 60900455418565683375
9260 60902224868076738048
9261 60961727900164377375
9262 61050742733832579000
9263 61055281698198314625
9264 61068450599166346119
9265 61114341097954492992
9266 61117254089721247509
9267 61117566283785186000
9268 61144558990050238976
9269 61153780190908742792
9270 61168724323658074935
9271 61177214462817017152
9272 61250464823267184192
9273 61266223469537160741
9274 61297857485497195381
9275 61308643334974174503
9276 61313560563989062819
9277 61314040353962474477
9278 61320785553549155907
9279 61330874243515552017
9280 61369626708473635125
9281 61426187989252402680
9282 61456119877187288253
9283 61456367996162374608
9284 61469533885822875000
9285 61487352672510518208
9286 61498907594102612088
9287 61543506274599038976
9288 61580626916240681704
9289 61609300218306312192
9290 61611139439834626152
9291 61643705419630691847
9292 61748774065301371048
9293 61759005246462888000
9294 61796791464041984616
9295 61800416997498968256
9296 61804422675811100259
9297 61822206565338709000
9298 61896529353354499629
9299 61901545676738630408
9300 61920276497827736625
9301 61940296059302344563
9302 61948932429137217408
9303 62132532045992480449
9304 62138111331133491192
9305 62172803500401263040
9306 62257445915221557000
9307 62304323680659787776
9308 62329911380181870264
9309 62334317451628278784
9310 62371079779415938641
9311 62371756148878245888
9312 62396385480779974624
9313 62398402958036552589
9314 62402653124525982168
9315 62451117347894382744
9316 62454985684600342869
9317 62462354793018950952
9318 62473263918126058179
9319 62474632371251362808
9320 62542415946483830448
9321 62552398014399573000
9322 62558481754758824000
9323 62560736465442701031
9324 62646025821640765875
9325 62700632309343378952
9326 62753956148075794875
9327 62757680059389166865
9328 62830879215990708312
9329 62852634917456437557
9330 62863624525259915119
9331 62876617886685715875
9332 62902138966420322816
9333 62943602826292899048
9334 62946253296800187750
9335 62957803136239022319
9336 63067181308838728723
9337 63077465232191887083
9338 63125782329046248000
9339 63150718587813811513
9340 63215341618325153803
9341 63285460265425460040
9342 63335272850265905307
9343 63345741241549694607
9344 63377091645566340672
9345 63384492864996573032
9346 63405771879405592000
9347 63415316686472511488
9348 63420135008282298792
9349 63461372756274327744
9350 63496447137947187000
9351 63543513603581417952
9352 63593382571270552000
9353 63604731005657543448
9354 63606551244274368512
9355 63613791806823358912
9356 63658874088059602625
9357 63670994596810920375
9358 63683774043617817000
9359 63697766713316301104
9360 63725390071378343000
9361 63726016539818006829
9362 63736581017852076672
9363 63743545477901568699
9364 63755622494507113443
9365 63844750517415883659
9366 63859949280452935701
9367 63869549514705627875
9368 63944817985311797079
9369 63948128655214822167
9370 63948721198292735077
9371 64019282297735375000
9372 64041835142306557809
9373 64108030669206721659
9374 64159297280112061944
9375 64167823180751830848
9376 64184662480110780069
9377 64199488558491318879
9378 64309241586868767125
9379 64315395072528327000
9380 64319398517809852928
9381 64376828044734528099
9382 64528782469846994880
9383 64543313338111742976
9384 64573315730077045248
9385 64596692959778875896
9386 64623413775319873929
9387 64647810194272885125
9388 64701593791320946824
9389 64836379786794343875
9390 64930674671539243875
9391 64945397681645270608
9392 64948116748771711000
9393 64958795455673676375
9394 64981286614271781000
9395 65007768304620525384
9396 65042707237375140000
9397 65090203138666944000
9398 65152139548082481531
9399 65172680945456781249
9400 65197425136078969552
9401 65201503276492639147
9402 65206330031205489672
9403 65213581255748517375
9404 65230278749398042560
9405 65247746262001861896
9406 65315663558971943481
9407 65357151659248431808
9408 65363932079802575856
9409 65425887747622072125
9410 65502846827447139208
9411 65527230172032078840
9412 65569234986532052776
9413 65591272802034697536
9414 65611843633587481776
9415 65628651414762084987
9416 65629623349027896704
9417 65659023907624719000
9418 65666763728739786249
9419 65671705327216154859
9420 65702186312341628224
9421 65772828472137970456
9422 65831204897938837483
9423 65880649713903098984
9424 65933936781404596632
9425 65943077963602444416
9426 65949200019503213049
9427 65953478589583365963
9428 65964055627298160423
9429 65973583048848237000
9430 65989773670294885320
9431 66000497267360565000
9432 66003919233311098368
9433 66007100185400135069
9434 66055868017033973624
9435 66063164779443298131
9436 66063691943489448000
9437 66071951177789057319
9438 66083767768438147000
9439 66099982727042514432
9440 66106939842055050939
9441 66110545251490546989
9442 66138797621453849019
9443 66172566938252553064
9444 66176469036838934902
9445 66222505885911031657
9446 66295431683541293688
9447 66338150680863801441
9448 66350175872668434432
9449 66353777656618115736
9450 66390475310889103872
9451 66392750311280054272
9452 66411259328220365312
9453 66426082929143289352
9454 66470838409728876032
9455 66472585710595313256
9456 66474740354134071960
9457 66516636290045157125
9458 66544268905012594176
9459 66552549358434764625
9460 66554837688579157736
9461 66583419555479373855
9462 66619695853686293192
9463 66650856362119541512
9464 66742512474355576768
9465 66753609452123184864
9466 66803440993127407296
9467 66804002983829389824
9468 66805084359591204592
9469 66805494942062919168
9470 66812654958937137432
9471 66840409181641859001
9472 66935339847815192000
9473 66952944813477962304
9474 66963887961764777984
9475 66977682135025020093
9476 67027564214503512256
9477 67094191651948253793
9478 67095251500660556544
9479 67099532611029929927
9480 67103169228869573016
9481 67137338783356318295
9482 67140734271081732352
9483 67196803321646284221
9484 67209934960195227648
9485 67244403851001389376
9486 67265244838988979319
9487 67326475988274867000
9488 67327022279495279448
9489 67327895782236096000
9490 67338402185221062688
9491 67360643633527347096
9492 67394646662093328844
9493 67407807650470553448
9494 67518156531223277649
9495 67523465268955423000
9496 67576094563849296256
9497 67676532729756160743
9498 67683485115352413944
9499 67692627403662703104
9500 67734008405837480096
9501 67831418816054355456
9502 67864141529268634494
9503 67869507872003894784
9504 67871261511041625000
9505 67920917809148488728
9506 67989011916158424000
9507 67996641913936866117
9508 68016479059611578125
9509 68086130657217192000
9510 68092958355513096824
9511 68094187827189457635
9512 68123969942213091807
9513 68135622239092170672
9514 68156869248375092731
9515 68184068481308315816
9516 68203076598971712125
9517 68205865432019620032
9518 68248933927043389875
9519 68284939521445024959
9520 68307037368128310817
9521 68319977409178826877
9522 68379316999059515904
9523 68411227354182779976
9524 68418093925597221000
9525 68517645551476168437
9526 68545569458822436288
9527 68561249132579139027
9528 68629185932029539264
9529 68672433822166204632
9530 68680302738932114496
9531 68788214334366054976
9532 68806796291962947647
9533 68826990953881584307
9534 68848125374788370856
9535 68868966825623089125
9536 68870936746766576233
9537 68874138820425347136
9538 68896709211090825792
9539 68927043530592045981
9540 69017124749607301813
9541 69030646671079207296
9542 69078830145544687104
9543 69124640243345238097
9544 69135512479745564125
9545 69136617183806043144
9546 69150531042085122000
9547 69153505742882061585
9548 69192042708133611000
9549 69222150505688753816
9550 69230828003111992035
9551 69249030402529557125
9552 69276422818377436545
9553 69294060583106213764
9554 69313599732732957000
9555 69330273713738739000
9556 69335526773657605032
9557 69357539982486659904
9558 69370394513048947656
9559 69401475353138565672
9560 69414793015928308416
9561 69423419666582202312
9562 69444918271910584368
9563 69445117805837633587
9564 69447578335976216376
9565 69468189558949631268
9566 69560182633258863000
9567 69560196405521783409
9568 69627534477458052375
9569 69664941771799157056
9570 69687486677744778752
9571 69696440437012783128
9572 69735220353216710208
9573 69783794584252954560
9574 69820270016841981000
9575 69844773864278472696
9576 69857383244132389087
9577 69859071926985140163
9578 69860797084742197248
9579 69864546034725152256
9580 69875880882445954728
9581 69882849295966002933
9582 69892019940142679552
9583 69971809743738105931
9584 70001719947926057375
9585 70081667667644561920
9586 70087045153338221112
9587 70100297293736875256
9588 70107929805257533000
9589 70122137207971677829
9590 70152125984127067608
9591 70159162155867891288
9592 70188847203495232000
9593 70226959939858157787
9594 70376447526199213707
9595 70425649333183375000
9596 70469607349651923224
9597 70489769236335784881
9598 70559321551282223569
9599 70585191722758954176
9600 70593082556126340392
9601 70608980530686045448
9602 70632103109613379516
9603 70649362626966381375
9604 70671587188058763417
9605 70760857353170374656
9606 70762835657752992000
9607 70767154658841091416
9608 70789715697307722696
9609 70789752472236330176
9610 70804724476282641000
9611 70807451884089762933
9612 70857385643048106375
9613 70871820661473024024
9614 70890715681975820449
9615 70926187162827008213
9616 70985027097426627136
9617 71112325736383207488
9618 71114552177776662016
9619 71119334632714338789
9620 71159667981587384472
9621 71185261457588043376
9622 71216789034553344000
9623 71249935010540424768
9624 71263398198350043712
9625 71304351760834043264
9626 71325501472896126976
9627 71394071612019293592
9628 71406492293689690319
9629 71425264205608624584
9630 71443102288069512000
9631 71486739797995946681
9632 71497164426465519000
9633 71503665187018035573
9634 71506668189555109511
9635 71574799750907023872
9636 71589797578768588875
9637 71614532269819180096
9638 71619275468515831056
9639 71626327725575462203
9640 71680351442224135949
9641 71780719738528152296
9642 71821107989431079832
9643 71822175638705836344
9644 71858065006430631936
9645 71874050013126489375
9646 71887270023478022328
9647 71892436843039176000
9648 71894887340038907319
9649 71951778980711122913
9650 71952147541163387169
9651 71974736050459338369
9652 72041654639904814592
9653 72061445697503887872
9654 72189900129419169363
9655 72202589222712459147
9656 72234885245515929657
9657 72239743224565619885
9658 72275936856392301760
9659 72278171112374371053
9660 72279087697853029656
9661 72281397967679469448
9662 72305733032634953663
9663 72306080498836627352
9664 72311749793452907416
9665 72359082500916853161
9666 72366558543986610969
9667 72446832271270831680
9668 72521502519889318203
9669 72524341749734425152
9670 72606130562104217351
9671 72618273342427332744
9672 72619250575546193337
9673 72630392722798916096
9674 72661900630017088000
9675 72838121563145935360
9676 72857221024363411077
9677 72871048816821493875
9678 72915002829321845472
9679 73017256844026372059
9680 73075905023467608171
9681 73097077533488064000
9682 73150753380832430784
9683 73160918873710406856
9684 73224079643714467176
9685 73248168368118562056
9686 73321382786630193000
9687 73382661808158627288
9688 73447555444686940608
9689 73458152753378776201
9690 73505338669076041728
9691 73543563203040462168
9692 73595343244712787225
9693 73603096752599519112
9694 73615563025503139648
9695 73649550567779810568
9696 73675561041799464384
9697 73685132644374375488
9698 73737316771738945416
9699 73788332129388047808
9700 73794158015269096685
9701 73823986670471690688
9702 73828888498103640776
9703 73888086710267557000
9704 73891566112349945024
9705 73901973659404612904
9706 73942248446587535112
9707 73948628659161725469
9708 73950410137212751168
9709 74009796072930789344
9710 74010320867440078875
9711 74045253678638897375
9712 74077325501298110784
9713 74126207469056254183
9714 74132867975351289013
9715 74138790319083524736
9716 74164099300059263040
9717 74169954120577624183
9718 74176774592605998768
9719 74232488232092788416
9720 74257174263427115688
9721 74285670370226889483
9722 74457809642852136081
9723 74475134179449363864
9724 74506584014389825272
9725 74528411328077079744
9726 74553647499830897496
9727 74666228465227154112
9728 74677814486995471479
9729 74779082515115433000
9730 74845731501119824875
9731 74876430254538692241
9732 74879449466644265625
9733 74908529643788396920
9734 74972530235948363776
9735 75025815401239911936
9736 75175725916172726208
9737 75231914030027015625
9738 75248986041848836000
9739 75297076183415101743
9740 75309558724792298907
9741 75392027144133336000
9742 75445206501596734656
9743 75470207477720419000
9744 75480794326667672000
9745 75525786074550231000
9746 75557801505225267648
9747 75572936637092844803
9748 75579227646379783443
9749 75598321334598436913
9750 75753676765373286069
9751 75770524427564018241
9752 75796470295015992704
9753 75803170474270958264
9754 75807436351595772096
9755 75814251543581768000
9756 75860167673222800875
9757 75874974397245867564
9758 75875964087345116184
9759 75907950512776091064
9760 75989778609194734375
9761 76006810791425441781
9762 76028918987817373760
9763 76031384060699180568
9764 76037200689766594824
9765 76063721817851712000
9766 76070526625066697451
9767 76103588217272796999
9768 76140289772815905000
9769 76141097396337826125
9770 76146963184220500936
9771 76165344497752130313
9772 76343146361635142591
9773 76369253156163453248
9774 76394632450405212125
9775 76460492228207200568
9776 76462920875368088208
9777 76477397616931399101
9778 76497153657063803937
9779 76497896767305282633
9780 76506369500882769931
9781 76573539995207588424
9782 76600426769771381568
9783 76664756112853544424
9784 76675607471981785384
9785 76679979608641566339
9786 76680969731796496248
9787 76730306712078180105
9788 76745485574270526321
9789 76766562372540393288
9790 76791186272513839833
9791 76806588902339669184
9792 76876484049718319232
9793 76890095707925039176
9794 76971656223078557544
9795 76992572918257371648
9796 77003170323496994934
9797 77017817593397256192
9798 77042605987077383016
9799 77054386385002469625
9800 77087873331337073625
9801 77122596855544813125
9802 77122806347821381056
9803 77165975594405812023
9804 77187923287356891464
9805 77190344280394299171
9806 77222887688812457592
9807 77268453228932931000
9808 77298489189427421097
9809 77399389754514488808
9810 77417592514178553000
9811 77436754562001895424
9812 77505504562015091191
9813 77632403087976305625
9814 77638400823487986125
9815 77642529691016043000
9816 77683304998723566016
9817 77690748251772872216
9818 77706760678707430179
9819 77773790111875024384
9820 77814463870238033224
9821 77845089368187538488
9822 77875041136965695721
9823 77937725334033991872
9824 78072291787966590968
9825 78235597239134276032
9826 78309207837714030632
9827 78386974092125429913
9828 78388259042027281464
9829 78402182062291529624
9830 78444111119891851152
9831 78470286062435251712
9832 78545394883403511553
9833 78568985065935413952
9834 78592618359775271304
9835 78625769451475950648
9836 78641959129269098472
9837 78663712899507808625
9838 78676922718970743375
9839 78685878172951300608
9840 78722499892600357696
9841 78756822388251309393
9842 78791118033910109597
9843 78791460624947175616
9844 78834921908664796875
9845 78841994803065951912
9846 78843446380609339968
9847 78847058714443396461
9848 78881827203622201024
9849 78888837051379808992
9850 78900130914422484375
9851 78933372642528060384
9852 79063548506105401000
9853 79111565590169452032
9854 79119906730246104632
9855 79144921511137114351
9856 79184825545434969871
9857 79209992107276115904
9858 79219165751788589497
9859 79225663719549088917
9860 79237619615673797824
9861 79343162893879938216
9862 79358002395579999000
9863 79422721286095702125
9864 79468676391366894528
9865 79478827385257447336
9866 79595077865986317483
9867 79601905171676500821
9868 79663249115399304000
9869 79682926569749771625
9870 79722593146580205376
9871 79821327786555062448
9872 79867906737301178496
9873 79907784481062581589
9874 79918848799100879561
9875 79930945262962442376
9876 79931274501319021872
9877 79950682395124946496
9878 79952273606933448840
9879 79997437315651276008
9880 80047046948858214875
9881 80051297965930661832
9882 80085102885396385875
9883 80134880345840551744
9884 80136117302160107097
9885 80137225158883416125
9886 80158076453047151979
9887 80299490046446775104
9888 80304094188635128201
9889 80326782577478481408
9890 80384785693650527544
9891 80395989066029525707
9892 80456218755736305664
9893 80489116272566835099
9894 80529082976073831939
9895 80531934741115635960
9896 80553728009028345344
9897 80611972548976964368
9898 80637815261489555160
9899 80661096390649353768
9900 80676020537737626456
9901 80680140608504417792
9902 80694296783936899875
9903 80702584417099671481
9904 80762577162209360847
9905 80837398036899784000
9906 80854697833941696112
9907 80858484845315734375
9908 80906740183153207323
9909 80910987534647406136
9910 80926864321191088473
9911 80942797830605079096
9912 81011417718343542976
9913 81054753258802633856
9914 81058595725458763776
9915 81064427234469146875
9916 81119063594730833000
9917 81121771254845601000
9918 81157200546079285056
9919 81162227056559967864
9920 81234831425813866376
9921 81264681028866089664
9922 81293483475944414920
9923 81316450083421208439
9924 81322413792192452096
9925 81387028262202925249
9926 81409409640804825125
9927 81441989844415018875
9928 81454414422125756375
9929 81456844614192915894
9930 81467681591568030542
9931 81622303272690740343
9932 81745065379081377000
9933 81842534443512210375
9934 81872945380683564471
9935 82006254397846141272
9936 82010865433202801641
9937 82012180566740009976
9938 82097109439605270855
9939 82154768045226910488
9940 82173589434574911000
9941 82188714203232715442
9942 82191876537927749229
9943 82209941929042770024
9944 82255964744240768943
9945 82306887066695976984
9946 82323337882983118272
9947 82431732069222289173
9948 82446295002985217304
9949 82562788334204088183
9950 82565026984465891983
9951 82575425214779109704
9952 82637800602193570032
9953 82692742407599189567
9954 82779203153934980973
9955 82857286312265736999
9956 82861821038151286677
9957 82946313522080693496
9958 82948886436300768576
9959 82971540976940910576
9960 83010498770665943568
9961 83017744982881004952
9962 83039048142438843000
9963 83129936419147503375
9964 83204431555616903168
9965 83204526453328731080
9966 83232754166156435776
9967 83237427675729235125
9968 83265699792311644608
9969 83344724567678145628
9970 83451119170827169216
9971 83458160283452936625
9972 83548872500184000000
9973 83584907558182496557
9974 83609067348538909632
9975 83609835334932631552
9976 83617565387232233448
9977 83625480256398121440
9978 83652237933062308389
9979 83704157182010295567
9980 83714112852923735000
9981 83723792968897843069
9982 83737871802604982592
9983 83745109758318267987
9984 83795695284315919905
9985 83845766202833654208
9986 83863506205319545432
9987 83880442824581813319
9988 83897458323886838456
9989 83906889261244651000
9990 84030997863420719559
9991 84073010202868798449
9992 84073955830177158720
9993 84109520550707339688
9994 84137268715438393000
9995 84220189275822000219
9996 84223502225731698921
9997 84276829008734441625
9998 84313490271009639192
9999 84317222104270136163
10000 84321221951635090695
10001 84412358338192021592
10002 84421809926633636541
10003 84442707209508409125
10004 84470269741051215168
10005 84485019023049840741
10006 84506392685760002568
10007 84510729708670079451
10008 84526109216359081488
10009 84528855217939030344
10010 84641552779355424125
10011 84654987255657945217
10012 84670147082261897000
10013 84691378754753504832
10014 84698455048605011159
10015 84823080163654223944
10016 84828941507807758144
10017 84863501147564173125
10018 84911707329295699125
10019 84929363074978569000
10020 84961771363670129019
10021 84984390605233921536
10022 84997919372123576000
10023 85017457379387784888
10024 85026896587654328125
10025 85031077143241762624
10026 85065890341127085000
10027 85080932227464264000
10028 85119123426789454912
10029 85141218970258693632
10030 85172614494734266227
10031 85182634929417484375
10032 85203225926245261107
10033 85242458599161555601
10034 85295823355818621000
10035 85319197487632402875
10036 85337786794049479872
10037 85357631865030968872
10038 85363917078760141283
10039 85449850325607438216
10040 85454930018469413071
10041 85466868115559390551
10042 85499073140793234552
10043 85514086539298089799
10044 85536965016077314005
10045 85558823909636988456
10046 85643874477197697024
10047 85648163235661954655
10048 85658743466302321952
10049 85704157409447601856
10050 85733746792002813952
10051 85757381276068023704
10052 85776311185832571031
10053 85794222489692749263
10054 85812127825464495000
10055 85847472661336763832
10056 85860388906949278440
10057 85870347818114747251
10058 85873031558555071824
10059 85879438377556595688
10060 85902516494773911261
10061 85908488407362411336
10062 85955806848341574144
10063 85962473156463301125
10064 85981318776165500415
10065 85984914529380562488
10066 85995737401562318512
10067 86011059267149342625
10068 86041162757609107776
10069 86048135825872188843
10070 86057147947160578643
10071 86072156789247589688
10072 86092633402459969896
10073 86134416948050582592
10074 86189486687307840375
10075 86289669049730387787
10076 86290931930919323517
10077 86292313547073238449
10078 86316731697547828421
10079 86352809245834863375
10080 86418726325804437201
10081 86436537314115004263
10082 86508792984873680792
10083 86584492812557330136
10084 86585498936673193359
10085 86614005238665845544
10086 86676376951776894912
10087 86730403968238484601
10088 86824130314570731712
10089 86846609281450896423
10090 86865637926956765184
10091 86878834149944837000
10092 87015714645174521752
10093 87035190257833252344
10094 87044066542004100373
10095 87155284018719090349
10096 87182241400647417024
10097 87234437634765648192
10098 87267447455584995109
10099 87275683789032453624
10100 87289872743275145216
10101 87292417378193902728
10102 87304440790708007048
10103 87359594251701696687
10104 87501780397566144064
10105 87545679802369015500
10106 87605303368299622750
10107 87614510229500580963
10108 87677309026918158912
10109 87679515983895297000
10110 87709480781673633337
10111 87770826862965449000
10112 87791384856655207000
10113 87818773372842105000
10114 87901909562318981913
10115 87906424703366249981
10116 87986677054210233208
10117 88065016509547227871
10118 88141517824495531968
10119 88162537897701991899
10120 88176473324068865463
10121 88205984845953326352
10122 88220806213473623944
10123 88297542816789320469
10124 88320534615048666392
10125 88455803799523390776
10126 88511636305414364672
10127 88516274190218892927
10128 88531954025525285184
10129 88534958169062720168
10130 88571766606739227000
10131 88609854625488506583
10132 88618731390074834767
10133 88674675092198676927
10134 88695693727390304856
10135 88774202504311217901
10136 88786161160117572671
10137 88817478767305147125
10138 88854623194837094504
10139 88970174053206264000
10140 89002025317691631243
10141 89049210366562211619
10142 89063741088169848000
10143 89126117111344307904
10144 89132364236709542385
10145 89152135797371296832
10146 89175121268339268981
10147 89182206858573069696
10148 89258535849299700267
10149 89321171874862068288
10150 89340398385241065517
10151 89362853535583919655
10152 89366283316281908160
10153 89373660636213135000
10154 89417606766744934440
10155 89498214844368887375
10156 89500795361671855616
10157 89597584271554809931
10158 89642869703249408000
10159 89660357973098165897
10160 89727778779586458875
10161 89738275661529701544
10162 89861364349667421875
10163 89903385580671935272
10164 89928461330395185771
10165 89948707062163677000
10166 89975703716679062016
10167 90121439198765462679
10168 90197229165381217152
10169 90254196797387576184
10170 90308332589787648000
10171 90373096737126347599
10172 90401364889157947112
10173 90415099331134497647
10174 90476797430317182976
10175 90506969103594311424
10176 90510812550966652416
10177 90557668088218363851
10178 90641277622428559992
10179 90651096458506079496
10180 90723202496833337856
10181 90726947944382812699
10182 90732183503120885241
10183 90738720715076703549
10184 90741570006506681808
10185 90775854592325953407
10186 90835018412628672000
10187 90845213508950896359
10188 90876646759530220505
10189 90893190833342716672
10190 91008813837574386936
10191 91041402565745363368
10192 91270513698617850688
10193 91324795014008770032
10194 91353155783519898457
10195 91369803858114330432
10196 91457426478141100377
10197 91469238895967744000
10198 91576979674837839000
10199 91601068170194137737
10200 91815321054031453125
10201 91827750464137165625
10202 91855101496970643741
10203 91895620900130901000
10204 91926576531491549400
10205 91960670711632236696
10206 91965429438303478239
10207 91990305792696231928
10208 92068680462073272594
10209 92099908751629872448
10210 92135805363943863795
10211 92143410774930778536
10212 92181913888974273000
10213 92182187868380859375
10214 92251567266609845367
10215 92387100071543524984
10216 92400509974267470248
10217 92413547166889703125
10218 92507928330951039816
10219 92527824893018697000
10220 92556859678252424000
10221 92579406328586410415
10222 92667249254457100125
10223 92684758184650229696
10224 92695582254229433388
10225 92720915975853246627
10226 92724159589469567397
10227 92830315703694121000
10228 92847024631795405699
10229 92850198150630979611
10230 92863022537401207875
10231 92977420631845113000
10232 93075355926614762064
10233 93122693958730436875
10234 93350348577602369344
10235 93402323188355604033
10236 93424884703317241984
10237 93429281597316466221
10238 93451801806395218368
10239 93470171118632973000
10240 93533104032851813625
10241 93534732116703229248
10242 93596647961862980893
10243 93625776705407486904
10244 93627990077021277696
10245 93679339787206169724
10246 93701459045378047032
10247 93737033833102305984
10248 93741191118901154647
10249 93751179265061616627
10250 93760003851656688000
10251 93780527724868077009
10252 93853532091943020033
10253 93903489687355118784
10254 93959581399034108823
10255 93970578955622828949
10256 93982223305229704207
10257 94062616882157362257
10258 94075334495985350664
10259 94084391802969385272
10260 94097896704878976000
10261 94116166099608041928
10262 94119131868778471104
10263 94174587780953904504
10264 94188272696322414552
10265 94217547065847202088
10266 94238311009249691648
10267 94277464265961753777
10268 94316070179880757000
10269 94318700973000110208
10270 94337176537013253480
10271 94447019907784206000
10272 94448029641106705928
10273 94473369713033700480
10274 94482720673182221625
10275 94484038497651979624
10276 94488761587955679000
10277 94505570759363707944
10278 94520091534309566424
10279 94535148230813965688
10280 94548147149239875000
10281 94564455611337463752
10282 94615823910327984000
10283 94662194904749194632
10284 94691283296430739464
10285 94711214764826289728
10286 94802273749403136000
10287 94883653418309721000
10288 94885088340130225865
10289 94897407564448587000
10290 94912742322750656115
10291 94933446401980222920
10292 94978814451604299125
10293 95043919388425330176
10294 95044688851974971373
10295 95093452980773769032
10296 95176780655233030136
10297 95191780536669178899
10298 95213237184028234089
10299 95213549067635995200
10300 95258267142056823168
10301 95280543204557532120
10302 95391266414158263087
10303 95415008037434298304
10304 95435343655756355008
10305 95435698600900917000
10306 95436951417914766417
10307 95455722984677036352
10308 95547667162118901912
10309 95558420336421141099
10310 95600409671050697016
10311 95626438843194753048
10312 95628847383792581859
10313 95677633953963550125
10314 95789200276291347000
10315 95869703348258663304
10316 95870973353097531043
10317 95884271932818934656
10318 95923801935638763840
10319 95997937552781264000
10320 96128804399678068824
10321 96153943832679462191
10322 96320927001371564583
10323 96324886586261602304
10324 96328028620663906248
10325 96328390909411454976
10326 96381887319122507648
10327 96397019649949799872
10328 96449748682561078896
10329 96486979752074240000
10330 96587708574487032000
10331 96601698929701063000
10332 96722222388178796136
10333 96723957873983850676
10334 96773113597723735256
10335 96783456731136667128
10336 96839738558920978920
10337 96841766127337733467
10338 96903575862860744712
10339 96932171233571600024
10340 97014680206112920104
10341 97023914324526522151
10342 97047846909904091103
10343 97123296584747953000
10344 97143536808779314616
10345 97192061935234122024
10346 97218991353198030407
10347 97275386223149319549
10348 97279988236102933352
10349 97292079339238953000
10350 97325915141239169112
10351 97421421489433593344
10352 97485390756722256561
10353 97556053297215479967
10354 97563019282898139000
10355 97568134146682690680
10356 97607837842830504000
10357 97673753258073928215
10358 97681209055106664169
10359 97691000181381243000
10360 97754784275797023375
10361 97779667963886194501
10362 97793603147118961747
10363 97852821855657254568
10364 97882557487576805888
10365 97897608684094401000
10366 97908952544534273688
10367 97932126158190625203
10368 97933387228104781899
10369 97940519647877959416
10370 98058354021896625000
10371 98092569320200615104
10372 98159291083136260971
10373 98176250263983805368
10374 98221186173641172544
10375 98332318982989000000
10376 98336321711783056655
10377 98370125480094929344
10378 98391995495341748928
10379 98433679061766533427
10380 98520101130133301768
10381 98524888129109169000
10382 98540954469909170856
10383 98583285332408703183
10384 98600135731370135928
10385 98668247281362445869
10386 98722457464522574592
10387 98758774670923072440
10388 98770350440549892897
10389 98796078136073013696
10390 98804475341465112576
10391 98806880017848280824
10392 98818617699946990664
10393 98935147818358119576
10394 98953664825216493747
10395 98973446397459348897
10396 99273008807807856903
10397 99325643852287786059
10398 99338203800665543168
10399 99368415972729358056
10400 99374221125918136125
10401 99403603403813514351
10402 99472971071340704448
10403 99540538975248493752
10404 99571564956480199128
10405 99572409072081959104
10406 99591992121732917625
10407 99595763068513595904
10408 99599439084825842624
10409 99602458697818309688
10410 99619793802352619712
10411 99781200438340025241
10412 99784209015612328627
10413 99826691670026685000
10414 99864438248990613744
10415 99879615413077413312
10416 99996755556198592000
10417 100000839853775030625
10418 100018588078276490448
10419 100192151241657657000
10420 100250568853066036125
10421 100268093955019491072
10422 100288310466201614848
10423 100388353520229181281
10424 100428761011385328093
10425 100449359000382943089
10426 100460655879685702552
10427 100501938737161264000
10428 100585295977618881000
10429 100690701858105674328
10430 100845911775168973224
10431 100898024111782410968
10432 101080831337338324024
10433 101174287291798361095
10434 101213052962391971776
10435 101224118582416557000
10436 101227115124851522625
10437 101285564420110115773
10438 101357483548371476328
10439 101409061889434793221
10440 101577153521462233706
10441 101617536100066555968
10442 101637194557861935063
10443 101745809825438025000
10444 101789575318238059917
10445 101789886095794004661
10446 101853702015007579000
10447 101939581113174622467
10448 101951148052365772608
10449 101985384933773978273
10450 101997412868549644992
10451 102013613707798122750
10452 102214274454101857509
10453 102221214420899141568
10454 102235985915888004544
10455 102255757979439048768
10456 102331637331157018603
10457 102376723136272129125
10458 102396379868213622471
10459 102448329192105594607
10460 102546526329829036000
10461 102608528423393359584
10462 102662830776623196807
10463 102668726942988754184
10464 102707894158689196251
10465 102723190229582179992
10466 102750722590555403000
10467 102771073381364991512
10468 102772125616807954944
10469 102898753285984724250
10470 102939474109213420497
10471 102950875020505487976
10472 103057440826902652125
10473 103066536574456917273
10474 103200700860795205304
10475 103204764407438793288
10476 103212328722392696625
10477 103280733178058904741
10478 103335140221177228875
10479 103400402205519676322
10480 103417359174367954625
10481 103476821806522237528
10482 103492449409981107456
10483 103524078292875001125
10484 103570861554125784000
10485 103576592627295796008
10486 103640312634499741184
10487 103690661380798412375
10488 103692750617844970344
10489 103774259073863157633
10490 103783706620149566773
10491 103796782578484989264
10492 103906605844766108664
10493 103970895329805168448
10494 104117958694391733000
10495 104202951294321621504
10496 104205313804503464000
10497 104244166957301434791
10498 104249182402278648000
10499 104285148523519116673
10500 104343487168572503488
10501 104373065744495224696
10502 104424056833911456213
10503 104436936259982255592
10504 104437803604547014056
10505 104522475685326552000
10506 104604061305806508474
10507 104785366358271983176
10508 104797741467144670000
10509 104829201923812655023
10510 104892834271439025000
10511 104953052896885786320
10512 105046976900698842051
10513 105055290748821453768
10514 105159762221406267375
10515 105184283957829531000
10516 105206488554948326000
10517 105207046582043016000
10518 105256009693386287181
10519 105342665247809773056
10520 105343979492236023819
10521 105437549967979737053
10522 105521106752811738072
10523 105551067720390799689
10524 105566200761276893736
10525 105613642068486342336
10526 105673804486009112808
10527 105701636436797665656
10528 105803814643351756848
10529 105821001887395564224
10530 105833715552080796861
10531 105833776522057111593
10532 105861566552707291482
10533 105865638164554046571
10534 105885496481860386837
10535 105889818980157154488
10536 105927225621685165269
10537 105984520888276937907
10538 106045312077906390189
10539 106055156112570779625
10540 106159105214539297065
10541 106197573562108670376
10542 106221737157838848000
10543 106297435563380915301
10544 106394164858193477139
10545 106434672476771137625
10546 106613609690108801016
10547 106648198996712316391
10548 106659085474934411328
10549 106679268903710783007
10550 106764192019839725056
10551 106781042288668376440
10552 106854497471622373928
10553 106856635537034144944
10554 106903798901771317875
10555 106910138585584393416
10556 106923986440383710143
10557 106986634433472967047
10558 107011912024705102597
10559 107084610041568691896
10560 107186875591785005016
10561 107234923586480155072
10562 107237324420769690504
10563 107265376436459354568
10564 107275824742686990696
10565 107280406721528867125
10566 107335067362352071704
10567 107365522456369554624
10568 107453560488913519335
10569 107475552891241627456
10570 107482818423907715544
10571 107650843247703916125
10572 107785149018053742144
10573 107808388135066114496
10574 107844619836063528999
10575 107889998303651484375
10576 107897026555507001813
10577 107912511638160123951
10578 107946880041964383000
10579 107994364425267840000
10580 108010518084910103832
10581 108024908434536358629
10582 108031325284469286791
10583 108041380972095728673
10584 108105991666178006592
10585 108110344699947965823
10586 108118545099711164928
10587 108210104494765549064
10588 108221571102134701568
10589 108223591594078260144
10590 108358649787381469496
10591 108408174431195116296
10592 108461575347191382528
10593 108463353516383138000
10594 108482501825095871781
10595 108486225426173765625
10596 108501237898657570664
10597 108525700880072284445
10598 108559646062074196353
10599 108571297837809499875
10600 108593379453150283328
10601 108722463691342795875
10602 108729478419487032744
10603 108762034098686957352
10604 108848030204230860088
10605 108958597661025666944
10606 108994991713714387008
10607 109015249051636147549
10608 109041132945575414584
10609 109089848169835902584
10610 109103113149277535253
10611 109137237268020081848
10612 109148295051381733875
10613 109148687064243954792
10614 109170153742845546728
10615 109188711352862856000
10616 109279164603235989375
10617 109432586449260627904
10618 109491693348421355391
10619 109631870804934289448
10620 109680503682987022149
10621 109729913416831286712
10622 109746793863732753000
10623 109789847909704781000
10624 109834314239393072000
10625 109910781331708556736
10626 109946147356007011693
10627 109965281550016465216
10628 110075149283015813624
10629 110081797462505761984
10630 110174257011554583309
10631 110230489005688233000
10632 110275832856037359420
10633 110309338786591618856
10634 110332952009896270447
10635 110337322261961464488
10636 110339156418315649344
10637 110361392853621424424
10638 110374297982926488875
10639 110442936745712506761
10640 110456902536264648000
10641 110479555138218539013
10642 110519849387746358784
10643 110582952764349240000
10644 110625335625458884419
10645 110662276571079540463
10646 110738757184307848512
10647 110823170452166959640
10648 110828797519323342375
10649 110829152818980824384
10650 110846736875089341000
10651 110849796901649970801
10652 110939792006968089984
10653 110980939195397816064
10654 110995884443074562496
10655 111069705155039015768
10656 111122778254497959313
10657 111137337309293035776
10658 111178897505086269411
10659 111188671044682338917
10660 111206423369087018784
10661 111478966100158902336
10662 111484580900541663717
10663 111487843956833842680
10664 111517534742485312000
10665 111525287207106206889
10666 111544093889866111383
10667 111583068895820520999
10668 111647160245439570960
10669 111732499220165271000
10670 111794653610231621939
10671 111796803853310431557
10672 111805734506097918104
10673 111807195982488192320
10674 111869837321595787252
10675 111873915674792256375
10676 112092820867885096125
10677 112121668452347844264
10678 112135726469039213304
10679 112154998948516074824
10680 112173892009970754880
10681 112196738130292160072
10682 112346774932657736952
10683 112383164192120784872
10684 112394120200482748096
10685 112590075678006368169
10686 112676482482003386856
10687 112683407530981608000
10688 112741088687346032424
10689 112831132999463142264
10690 112885397952704558272
10691 112895385818779592847
10692 112898168934671109808
10693 112908765958120680912
10694 112932697416617740536
10695 112968498450666789567
10696 112993662289254414976
10697 113051058843709224000
10698 113146015305062367901
10699 113166862909629770304
10700 113172469562923964928
10701 113190794045327765312
10702 113201609906510176968
10703 113235743816653947489
10704 113247727020965346875
10705 113365177298111950848
10706 113394581524988277976
10707 113477543708638464000
10708 113505759598029636357
10709 113619402718132179456
10710 113623072168512598911
10711 113629930750915867071
10712 113650549202743692048
10713 113678205006213055728
10714 113683150033395050088
10715 113741377263349530624
10716 113789307129736329000
10717 113825724851213406703
10718 113827047711689279331
10719 113831613722624616000
10720 113855322259414008000
10721 113855481157115061000
10722 113886325490287896000
10723 113925876754363837128
10724 113963068281030886008
10725 113993141032398439000
10726 114059154810473554500
10727 114072853731302272625
10728 114086072131154149663
10729 114110450012780893000
10730 114206190862742808128
10731 114239912193180131904
10732 114256644312079251801
10733 114312470101695194112
10734 114346931409864515817
10735 114359719919242175469
10736 114457444218915777000
10737 114480352491588651321
10738 114523663851548224000
10739 114594787503308267883
10740 114615240912371718064
10741 114619267054920537000
10742 114657821296078086000
10743 114665670148088343375
10744 114668294268000675384
10745 114693371472358958552
10746 114697544848002633699
10747 114798945038829877000
10748 114812348406460926984
10749 114821394095331552447
10750 114851058199340463000
10751 114878738603117938904
10752 114922264622121665289
10753 114963831560922423112
10754 115130250564678925875
10755 115186487962042224000
10756 115242992706569401856
10757 115257521851661898261
10758 115265567395456583616
10759 115377900509768996736
10760 115390708521373770875
10761 115401903628989864061
10762 115624164184616881521
10763 115657091714743488000
10764 115659722136581104391
10765 115699908188603931416
10766 115726438369356449544
10767 115751909077913932336
10768 115769334500760394125
10769 115836734659275125496
10770 115885147860663670008
10771 115896843827964343872
10772 115928023023758755719
10773 115931236519717713549
10774 115936215763199754501
10775 115938576234447266664
10776 115940723488140934656
10777 115994112000180899238
10778 116091766362106182375
10779 116185129174367088696
10780 116193623376512471552
10781 116225761381277944480
10782 116239133604552765625
10783 116356989151955462967
10784 116382117932571894984
10785 116454325337191562688
10786 116514137186183390472
10787 116556673013032778792
10788 116573262041217413376
10789 116578167139047384000
10790 116600439147018254883
10791 116627188092125796729
10792 116650949654064557375
10793 116766047468529368000
10794 116815388638687979968
10795 116820282543745794048
10796 116827175120578978536
10797 116873852233285772352
10798 116913346546242152088
10799 116917021290969629704
10800 116978615308847257875
10801 116986132291306046067
10802 117008503702449632000
10803 117074915466856028136
10804 117090623231268878016
10805 117179115104109338000
10806 117215921096922369384
10807 117250523454612889152
10808 117261929745785608875
10809 117317216864226742272
10810 117340421804599084875
10811 117359069410884941584
10812 117421063557708782872
10813 117433493896068697256
10814 117505564365461457393
10815 117514134727341940224
10816 117585271712657572048
10817 117611673190749403659
10818 117686323910652360381
10819 117693492024773763000
10820 117697584073999766625
10821 117838765048561267347
10822 117873158361627798792
10823 117917697543764931631
10824 117982073933784492075
10825 118004134629677220216
10826 118094966132465101176
10827 118106601808025390625
10828 118170185658945875000
10829 118196121465572917312
10830 118218230754619329243
10831 118227158588887274745
10832 118362915956109234375
10833 118365712593932149101
10834 118371660133721558473
10835 118372716695620400832
10836 118392662923509531375
10837 118396735390154423592
10838 118588109326134267456
10839 118750343463907739136
10840 118959426580982461929
10841 119173811245735226337
10842 119238886804181532696
10843 119275496369987715576
10844 119296895900348439000
10845 119303084928293585739
10846 119388829088183590208
10847 119457737839819884141
10848 119459416209245351064
10849 119478606337092058875
10850 119500919530670409849
10851 119504028058972731909
10852 119622397953166452288
10853 119632778392878898056
10854 119672338553651662056
10855 119683431562090032000
10856 119755739173936329000
10857 119764798019683880301
10858 119797396468120098000
10859 119803853843624111616
10860 119827064356462034432
10861 119838949337566429516
10862 119867452038580029875
10863 119893611804549906752
10864 119978535878935344072
10865 120002124955070211392
10866 120069118574342826408
10867 120152386924791222456
10868 120239917621610650136
10869 120255791775639220736
10870 120304381457906236864
10871 120321011417671125000
10872 120489046430888576448
10873 120564887797251806608
10874 120571712927041501125
10875 120662179318275777000
10876 120669652983848236352
10877 120758974699812120000
10878 120766045071391050023
10879 120810231037230194376
10880 120812318040819292433
10881 120915944705800325367
10882 120937214616583502592
10883 121022738720643529224
10884 121043656137191546304
10885 121053857295250789875
10886 121084035606642685824
10887 121111274693091384000
10888 121132993893972518367
10889 121224040018305094143
10890 121237661144641625864
10891 121241227835193921875
10892 121326673365969781437
10893 121386098181745365696
10894 121451157006156186560
10895 121472496886266185625
10896 121551358275180173375
10897 121698141065507660472
10898 121760835399363190329
10899 121814793705319388856
10900 121822960691960006031
10901 121884576531362440712
10902 121925726698280569344
10903 122047510560805648000
10904 122056629567323395392
10905 122076576632835661375
10906 122144254832588625000
10907 122292916884885519864
10908 122335976082046532904
10909 122346736983614505096
10910 122390415069377219739
10911 122402975993325211968
10912 122511139144835288237
10913 122702667155161427763
10914 122722078256240812713
10915 122768519830473725208
10916 122789767912458479469
10917 122809972706431262343
10918 122928607290799670984
10919 122929860435307372566
10920 123067139591544902208
10921 123124866335292544632
10922 123133113910465628625
10923 123165662982513641000
10924 123217837607394811008
10925 123239971100731447872
10926 123270657767541635624
10927 123281869305721202496
10928 123312881945254144689
10929 123359446584753207192
10930 123363286505191537344
10931 123415050492605944072
10932 123477976635458328000
10933 123499354491934870293
10934 123642082569874947624
10935 123667733249144582904
10936 123734194168358480616
10937 123740802746169912541
10938 123774721664047571097
10939 123801791826670720497
10940 123815216771568432747
10941 123815915653129718473
10942 123853145028642215424
10943 123896884982632183296
10944 123901551135948893769
10945 123973295593294594125
10946 124034911957553741109
10947 124168485106632617784
10948 124194833681724313291
10949 124219065194916543936
10950 124250421495238227000
10951 124283125788832229616
10952 124297168212804757933
10953 124440351341369336000
10954 124621065892776758760
10955 124622008465857518889
10956 124638087277109135665
10957 124645168976818536081
10958 124662612570209556264
10959 124685211611924518464
10960 124721161434457620480
10961 124782165892889824536
10962 124979432562861900471
10963 125000832739195399168
10964 125023883352110860104
10965 125081922392839286784
10966 125094464335175531625
10967 125094822016482930528
10968 125121936220823961757
10969 125131216852420730523
10970 125346429155139612875
10971 125386598317590772344
10972 125393909270301000000
10973 125412277435932333483
10974 125455003525156714136
10975 125484349420984467816
10976 125506391527194993891
10977 125516563224768622179
10978 125643750258448461312
10979 125666231230989265544
10980 125791209309131587305
10981 125827956974075743296
10982 125983037746991675439
10983 125990345240950586741
10984 126075393492298306875
10985 126081303364867839417
10986 126112898280916893528
10987 126118875583307538360
10988 126134490646009842750
10989 126220167183897886645
10990 126304884408534320125
10991 126329388228371036520
10992 126363325207318080336
10993 126366176354145875000
10994 126372256103624573952
10995 126484330671211342375
10996 126495337616616123701
10997 126510087575711856744
10998 126622129415765184019
10999 126630377312765206088
11000 126647937209652040000
11001 126672793505045679177
11002 126689162406941373057
11003 126725985761637106656
11004 126761974181241714432
11005 126769375040175616896
11006 126868488087058263000
11007 126888829150806142056
11008 126890407917355627008
11009 126927520455043115416
11010 126964265542361702000
11011 127042442031787308936
11012 127076580013990239486
11013 127207332552843690875
11014 127244042349471424000
11015 127248123698882757125
11016 127265650689674631680
11017 127364091794545890375
11018 127426130183922994944
11019 127455629360845245607
11020 127467623809456493192
11021 127497042308444256000
11022 127649127797543851443
11023 127696079984404464000
11024 127823565583113524208
11025 128002756463757471744
11026 128132197368462176643
11027 128159204110812965376
11028 128191823162552290141
11029 128192888898334206856
11030 128209813362920683368
11031 128215322029308663296
11032 128284689037152617496
11033 128309024375761882464
11034 128310218460699125760
11035 128313750299374595592
11036 128379837114298957824
11037 128419615153607895936
11038 128451341778599708288
11039 128510876266729722584
11040 128550364044934753467
11041 128660572320198984000
11042 128702888330032637712
11043 128714426679464073000
11044 128722400646412673016
11045 128779305120393072201
11046 128813299535599391232
11047 128814863884570484712
11048 128857008063544750080
11049 128981159347256398728
11050 129017771484451759000
11051 129140267330542557735
11052 129175984811712475000
11053 129208008260329171264
11054 129240539227182676375
11055 129255696821656406547
11056 129274911293863234536
11057 129308208826111917056
11058 129433916330264000000
11059 129453586223815683648
11060 129540037167277740848
11061 129542439151390802264
11062 129560426525017732608
11063 129658959935670678968
11064 129694111396960678029
11065 129829994205586845408
11066 129906862975469054601
11067 130042683360950743656
11068 130106550993972728896
11069 130106660215768171875
11070 130148354386535121000
11071 130268730209318888103
11072 130381604896016574639
11073 130456157950491733971
11074 130470392706328198125
11075 130502997893901903048
11076 130506451934272947351
11077 130534885026807703624
11078 130660459511860979064
11079 130723526949211347543
11080 130751334598957922304
11081 130812335243887880709
11082 130850287803051695424
11083 130857045924043392408
11084 130881628549466422920
11085 130973155876359727749
11086 131007181575646556145
11087 131009605316468568235
11088 131011536050619302143
11089 131055200740709168049
11090 131083773755438125125
11091 131107039368998420000
11092 131145983710567382375
11093 131163534693149675544
11094 131169029974459673616
11095 131359383015673089186
11096 131361756792922027008
11097 131472110653967664000
11098 131484462589284293125
11099 131508984280371023963
11100 131648162528030278221
11101 131660851016505257928
11102 131702937313167871551
11103 131815568841586623000
11104 131816671784261872128
11105 131849158298044096000
11106 131870300998947102648
11107 131875572211381731528
11108 131941180844776242368
11109 131961531455777034648
11110 131973018345914683392
11111 132013356288315138000
11112 132069176398739588625
11113 132094043980528921928
11114 132164926974265181984
11115 132166283803790120703
11116 132178183838571963456
11117 132215260272330769352
11118 132233866223780097000
11119 132303659964420777371
11120 132305612451073528896
11121 132342814549195501888
11122 132352454240408015432
11123 132447496834761171875
11124 132501933601698621051
11125 132554735708485314744
11126 132581311949121124293
11127 132594146396756448768
11128 132645385278429364224
11129 132658249673803396032
11130 132772723539942255049
11131 132912288600455867048
11132 133069374936602771112
11133 133109177180295518882
11134 133142010756107927112
11135 133220154940542111897
11136 133233261246531429165
11137 133239232585171875799
11138 133436780274463146000
11139 133446451860051057224
11140 133571303013691198656
11141 133618961467342122408
11142 133620748465868060579
11143 133672659080709168576
11144 133834053196164905857
11145 133847410046299106157
11146 133880006040634550125
11147 133949099250987882696
11148 134019532977836274496
11149 134044817497162370344
11150 134047586775866300992
11151 134106495752093649148
11152 134148169390262279616
11153 134152129091095009713
11154 134168869613076167168
11155 134222002958043407232
11156 134229679694542191123
11157 134253300166420413312
11158 134259485002761664000
11159 134265399716671533037
11160 134286517347616804625
11161 134287425948457926144
11162 134320459925854245097
11163 134436947863246879032
11164 134456058259288345125
11165 134520732135085376584
11166 134556107227780188951
11167 134563504508429726457
11168 134588596610890267911
11169 134611848155160210744
11170 134732832980159639232
11171 134791447569019912125
11172 134811652698574483905
11173 134841306418911310491
11174 134857539816507144000
11175 134907074280725520501
11176 134921681990293181256
11177 134944444398158825094
11178 135014126358712445208
11179 135087966279064579625
11180 135106636051323217125
11181 135117045117232170048
11182 135387529304679288000
11183 135448310136470149000
11184 135454569325082699328
11185 135454961710050553207
11186 135536806370380378392
11187 135573138456106059072
11188 135603111499376385592
11189 135607390556696583616
11190 135618271853493619008
11191 135638686418392798011
11192 135667966311677825928
11193 135727043500112569001
11194 135752157723030424128
11195 135886382373607205984
11196 135905325987359964672
11197 135999630898816757625
11198 136002594016445128973
11199 136012891054624257375
11200 136047788626155421743
11201 136238626835876171971
11202 136292930490473835624
11203 136331823975655319424
11204 136369613971787833000
11205 136418392887604524352
11206 136530040644913745375
11207 136611059973057354321
11208 136656488429364751064
11209 136719629022866996736
11210 136730203852603443992
11211 136857762387715875597
11212 136943909366555128851
11213 137000819209234040424
11214 137019931897928625000
11215 137068385683606741000
11216 137069624923273643328
11217 137070673455291321375
11218 137087643891323355048
11219 137173430675631527424
11220 137174668858656728000
11221 137273110898628242440
11222 137351758536862617384
11223 137357813498564283625
11224 137366257671680324616
11225 137396392928028975104
11226 137492924084968658696
11227 137606522587564545333
11228 137610252064747109375
11229 137628821389459621312
11230 137670130875030815880
11231 137806056480630379968
11232 137944655762256565677
11233 138033371370811322952
11234 138102940788064506000
11235 138127659743056793481
11236 138138531610182165504
11237 138146348320080486776
11238 138218453226829983744
11239 138291348628670328000
11240 138308388359106074625
11241 138320412315587272953
11242 138348090313681892427
11243 138378111705114152319
11244 138390989650159716288
11245 138420447441496560125
11246 138477051361552266181
11247 138478128022598105664
11248 138509144263172269314
11249 138566333376275904216
11250 138656614746620682712
11251 138695136530545921032
11252 138757738108010560119
11253 138870649764737470125
11254 138945683829242797416
11255 138952920422617098343
11256 138958334268262136000
11257 138966254350002459072
11258 138975610754709178632
11259 139015815249521259000
11260 139025921871102700239
11261 139065713869702764312
11262 139116545503154868915
11263 139130808548290187895
11264 139148768711690618552
11265 139240434730301672768
11266 139249157436671680125
11267 139321638881193825000
11268 139330532430680511375
11269 139355671902102673920
11270 139368667771244808000
11271 139412765502757980296
11272 139418474921308844352
11273 139483565340527079000
11274 139491182845467873000
11275 139505490744627948759
11276 139516730865832671000
11277 139546323536295688766
11278 139552399469989151000
11279 139644015675257962440
11280 139656295660777006328
11281 139710813471417569472
11282 139713814093011795000
11283 139850114268035830464
11284 139912323063500221208
11285 139950073676398894272
11286 139968775649204046125
11287 140007595461462439893
11288 140052754052481475072
11289 140090265827557430392
11290 140099154905532375000
11291 140103370471994879040
11292 140156708259479647680
11293 140166209722283107272
11294 140255524160954349056
11295 140274419231570614263
11296 140281277636074184792
11297 140284422918623394216
11298 140336512576908830208
11299 140377733901138811896
11300 140411736368898804693
11301 140444863329203343027
11302 140522375100848741000
11303 140616776418456510081
11304 140699673307946660544
11305 140825286145745792064
11306 140902029862327417320
11307 140932712298904686216
11308 140967839213103448000
11309 141007603581039866797
11310 141102844504912941112
11311 141108737014641903416
11312 141129252117374116869
11313 141174864563942093625
11314 141186177749748503736
11315 141261783740708906457
11316 141326995840220802248
11317 141362928428334534656
11318 141428996462085696000
11319 141453630152003306375
11320 141554429857648773000
11321 141555119464041779223
11322 141557782172169604248
11323 141627839230525782736
11324 141719266157234927688
11325 141736651481239220224
11326 141801554522659402917
11327 141948807168700885717
11328 141966616433545383480
11329 141995314963452662712
11330 142004363364467151912
11331 142054604654300352469
11332 142064911400690041344
11333 142072139722712157000
11334 142099258162770314233
11335 142127706881721758041
11336 142254260754333364224
11337 142309750678843904000
11338 142398960778485962271
11339 142410087869247000000
11340 142443578608529220568
11341 142488329916891910653
11342 142577327864670648768
11343 142606237316315922000
11344 142628180320962161000
11345 142662830327524269000
11346 142714575800871302592
11347 142767158274534818304
11348 142806088320161201901
11349 142994383234923252032
11350 143006142247833600008
11351 143067768606113996736
11352 143149693290724381625
11353 143167712542776446616
11354 143206580866261196375
11355 143270197800995629000
11356 143278982080808401737
11357 143498799910654130943
11358 143543120983222272039
11359 143556773593719213000
11360 143557312650251894784
11361 143563157954351730504
11362 143574931457106356753
11363 143578480170650529879
11364 143598167005693071672
11365 143681732368782624163
11366 143688776660542923264
11367 143748819658427165000
11368 143843349522885319125
11369 143915516117416445311
11370 143953845969752091000
11371 143962044773029929117
11372 144021506691522817728
11373 144086755695819259239
11374 144206817888342167784
11375 144217162082344193856
11376 144296487595331496000
11377 144311118272121717000
11378 144339595462695677625
11379 144347999721255216315
11380 144389946995972228376
11381 144428767394083833024
11382 144540407792200290624
11383 144655017179355648000
11384 144735416128866834063
11385 144757105864060473000
11386 144810297146006833761
11387 144828142358089437000
11388 144831380317198848000
11389 144934471882452589064
11390 144940958638663582584
11391 144959425376457712923
11392 144960947996151213927
11393 144973913637690913984
11394 144997009805795954625
11395 145051608586648452507
11396 145084811455938659256
11397 145152397740509659136
11398 145252160862388181056
11399 145255415146101763776
11400 145263000891299484375
11401 145271591770516029000
11402 145336532131449102843
11403 145356835424689756224
11404 145450917778347952407
11405 145472098600969037352
11406 145474170796180456776
11407 145571524023238174323
11408 145668743306556567552
11409 145825276254590478429
11410 145935151064770363569
11411 145956360889647281512
11412 146008262956975216434
11413 146095622945685504000
11414 146143880021064744000
11415 146276379407959793928
11416 146299582445206436883
11417 146304177975115084197
11418 146862794180685492000
11419 146965204348203140991
11420 147001149248301869283
11421 147008807246603719872
11422 147075619326615049707
11423 147117680401067072424
11424 147185478059678436313
11425 147189723153787141317
11426 147261443334235453125
11427 147371737273643970152
11428 147422848321507530681
11429 147479584772458628928
11430 147494597749811661888
11431 147496592170206854848
11432 147507370328370589208
11433 147519340256248224264
11434 147580479166727729304
11435 147612013296286865408
11436 147652095289648562795
11437 147784389461365603375
11438 147880737342594644544
11439 147989478130080172677
11440 148034217950603992728
11441 148208225326889444864
11442 148292386568974568375
11443 148378439221047917847
11444 148380228947344841109
11445 148471668307668291768
11446 148480302218027164021
11447 148488116696829868257
11448 148507920839677604625
11449 148560113201935031415
11450 148608619001399462464
11451 148644055762843671856
11452 148703163425224759143
11453 148732629453815400819
11454 148795925228523159552
11455 148848142145437333296
11456 148875032493383426048
11457 148920445405393583103
11458 149003055535494834856
11459 149020202787672113352
11460 149061017283566746176
11461 149109894420792667479
11462 149121304199258770197
11463 149151392327508918256
11464 149173661030636241216
11465 149317474651741204237
11466 149341209362343330696
11467 149376584887191510875
11468 149431563658138897161
11469 149508230738216781375
11470 149635556520778449576
11471 149654120560296722496
11472 149658398983460591757
11473 149660079967212605973
11474 149786542256368369625
11475 149805133214576931000
11476 149942378424147178779
11477 149985971357543540856
11478 150030197414028930249
11479 150053883955570281024
11480 150079625562598330599
11481 150138003813606774000
11482 150223832688941786376
11483 150262595461366321213
11484 150304047086426059008
11485 150329304288461313288
11486 150350527119856193767
11487 150492463621022250000
11488 150583025603788880375
11489 150584967269221782024
11490 150637230614545096968
11491 150691879661905485225
11492 150797804746014610821
11493 150933058171601797000
11494 150937499648178937323
11495 151049202088171226112
11496 151114859837296159168
11497 151131916192873856877
11498 151176545244287931069
11499 151308759602757727152
11500 151314993441700543000
11501 151556870618032172167
11502 151571057555463712192
11503 151582900473300886408
11504 151631250857158526272
11505 151659927252315251000
11506 151774372201936341312
11507 151833675924997341184
11508 151897976796553383240
11509 151898943272365732203
11510 152026885633681937879
11511 152046486341841401856
11512 152056136650886992125
11513 152102988801070953984
11514 152182352850710742280
11515 152411787775425505509
11516 152438218673577921721
11517 152528365573418262645
11518 152541728473208984000
11519 152597939479632443125
11520 152814505393390854888
11521 152943686215033957551
11522 152970452091823937571
11523 153044421834710297619
11524 153166903906582694296
11525 153183303100532806731
11526 153270839148650768125
11527 153292568762707762752
11528 153423312910166150208
11529 153591747754472668368
11530 153716450982911821368
11531 153807288171249161169
11532 153840419539937146296
11533 153876857843794761711
11534 154143018892741257792
11535 154154845799108747264
11536 154200097020061959048
11537 154231290960077717568
11538 154260991525355696016
11539 154267703203075573293
11540 154275516122894240256
11541 154374116715657341048
11542 154576480277997991304
11543 154716033952194624000
11544 154788900104823992000
11545 154817353945655673291
11546 154870643386260652032
11547 154881709133224528000
11548 154891638945489071808
11549 154932819815776550912
11550 154965481262598539997
11551 155075414335721561773
11552 155091276403491974013
11553 155123466949283343875
11554 155134390714549385139
11555 155144351436711170625
11556 155168229187636761375
11557 155209302238445301672
11558 155354989902140560896
11559 155374759211390064099
11560 155379858920547944193
11561 155506503038829585344
11562 155523740688417839283
11563 155651531991572971016
11564 155876727449373971885
11565 155905131752790328125
11566 155968865865417267000
11567 156018001647957285529
11568 156047888055879258929
11569 156062814921231335000
11570 156100033961353099072
11571 156193691899497633927
11572 156252506760126670528
11573 156269783916062428248
11574 156277620269748429417
11575 156314379631095384335
11576 156387088199842594731
11577 156430900635894362133
11578 156458054130832465713
11579 156489259055457685896
11580 156619074003281593704
11581 156623048242413225291
11582 156666117274308087229
11583 156728482574805480248
11584 156742965222491852288
11585 156782639152728373248
11586 156809338866707113295
11587 156838924673332069896
11588 156842609055356708029
11589 156923177861075509000
11590 157038786081752690024
11591 157132488290907500280
11592 157148984319665133887
11593 157179471000491819880
11594 157205017736775912384
11595 157294195100290207792
11596 157477463753048194392
11597 157673801201962578624
11598 157690677098041532802
11599 157795212529317700736
11600 157882862637948645288
11601 158036420573049748184
11602 158149761813258788664
11603 158300951430279401289
11604 158379428049863729625
11605 158543931645254210048
11606 158642720947499618375
11607 158705607841200829656
11608 158734195982354574855
11609 158744963279605248000
11610 158782804488999617472
11611 158905255456592079552
11612 159149846297385125000
11613 159157028783982914048
11614 159284316052985556888
11615 159366555523392031971
11616 159377006327538335499
11617 159458773513066374087
11618 159566992856838744840
11619 159618054538936448000
11620 159736588484325233472
11621 159740706009049984296
11622 159775712006235421824
11623 159831704203215937984
11624 159849311274107217000
11625 159854660928775160000
11626 159870811682306497752
11627 159961759566362908875
11628 159976286220003624000
11629 160190459752421119896
11630 160233496903013625000
11631 160368777847871028000
11632 160500741337049658776
11633 160566080308549336512
11634 160578699591281859125
11635 160585242100892167104
11636 160698667582669674087
11637 160765755162053072031
11638 160845910837842695003
11639 160877894019559159625
11640 160923664060610651928
11641 161065033117909659648
11642 161128647894836842192
11643 161145260521397694360
11644 161159818736507899392
11645 161171909204360899256
11646 161199424689087750147
11647 161203789954384998912
11648 161212648706183850048
11649 161289534269276477883
11650 161322719433719239088
11651 161438101354851568065
11652 161442272423051521720
11653 161502950789237547000
11654 161539985692454876045
11655 161763138341210971656
11656 161784964992012992000
11657 161795881826738847883
11658 161797477530428523000
11659 161809679019110249862
11660 161899031836170738837
11661 161914950480225274605
11662 161966781704857173317
11663 161979845677878086703
11664 162312810070017526101
11665 162424505950020916693
11666 162489467766954358368
11667 162604697744343338757
11668 162701256715190188424
11669 162814772744380214397
11670 162920344205002692672
11671 162987716764373340987
11672 162988461738537454656
11673 163189085398904258792
11674 163199510952106493648
11675 163255955636824326432
11676 163544452854988625000
11677 163566108247910660019
11678 163658081271702431232
11679 163745500448221705728
11680 163754157903411313000
11681 163847308768628696855
11682 163953207728279994024
11683 163979410451397402680
11684 164093850742218662376
11685 164137446600049331136
11686 164309060476010674413
11687 164383731159554191896
11688 164447376318444093399
11689 164506437457767000000
11690 164537905896646452352
11691 164630925949644496888
11692 164920620065464112733
11693 164924689848290747739
11694 165008638367220570624
11695 165010032713682779912
11696 165195396087094014544
11697 165226071398211848375
11698 165309543472131684288
11699 165482109186762833920
11700 165508218135502901568
11701 165644105058337393000
11702 165678804158474256832
11703 165702267195719625000
11704 165773569261836089736
11705 165779358330059712000
11706 165791111565210859000
11707 165869380276757853696
11708 165901741092321097976
11709 165917629919903157576
11710 165976726520375775424
11711 165990657893726751813
11712 166008959617983181973
11713 166143331531223485875
11714 166161469871171194056
11715 166341526608139450821
11716 166382452895597672832
11717 166383222421840704000
11718 166405959991516711375
11719 166406540156406164160
11720 166418866795863847256
11721 166716034394395941000
11722 166745355412728456000
11723 166787141427587057832
11724 166796668299992524712
11725 166855274473655302353
11726 166923077481644362704
11727 166994424308199362112
11728 167057495145733862943
11729 167168990266847990568
11730 167181939446445051336
11731 167228198204828788125
11732 167253699509850110976
11733 167302245777604374528
11734 167339735122045054968
11735 167406071189545011096
11736 167508524489484662792
11737 167516964043762257288
11738 167541652575319401379
11739 167582480146447347072
11740 167810406172527268423
11741 167960054154847473272
11742 167969568837754106163
11743 168078698891722782352
11744 168089468983893953496
11745 168104968926690840408
11746 168261599434114368000
11747 168322682239264604961
11748 168330822248330015625
11749 168352669848066435459
11750 168358598039408177583
11751 168394582697855137624
11752 168454245611748096000
11753 168481031942058328584
11754 168491958635047202792
11755 168570167266653195673
11756 168574762067544907256
11757 168626897193547675701
11758 168651716410834806968
11759 168816570851644072875
11760 168886056974388520032
11761 168891388102335865896
11762 168949527746025171411
11763 169014079399814858664
11764 169016815845582705000
11765 169107703498207290024
11766 169129448367530029568
11767 169188131691266412536
11768 169280737946581408875
11769 169281012422265569280
11770 169352226176974047424
11771 169503362930846187000
11772 169516991999333665323
11773 169729863047708922504
11774 169811942175171039744
11775 169915606624842152256
11776 169915813350195185000
11777 170034225978835416744
11778 170106883076256888888
11779 170207505381511205315
11780 170256528145949597352
11781 170367515923363659000
11782 170455447572613460712
11783 170478014836492722879
11784 170488230548440419459
11785 170575665094845874584
11786 170587994851150343000
11787 170617174925472639000
11788 170816032184449046976
11789 170832360303980648000
11790 170847449536465362843
11791 170869966687098721728
11792 170892021740052709376
11793 170908892507511716831
11794 170940839509444116411
11795 170966258060082921891
11796 171004109350423160448
11797 171039871640575221739
11798 171064365131007303039
11799 171087581061200362104
11800 171108676577423625768
11801 171259766009622757376
11802 171312941851525656000
11803 171406960812831133000
11804 171415416947416551000
11805 171443565352664115147
11806 171629483011900974125
11807 171651072337018581888
11808 171653299401446283960
11809 171712102906613157336
11810 171716222600643313719
11811 171817189017108992000
11812 171857195429205085352
11813 171860736169622356136
11814 171868487772510316872
11815 171996599896603544673
11816 172011058788116421432
11817 172065722219521239249
11818 172101451375572178824
11819 172157250964826579543
11820 172200535097709808683
11821 172214694722155154923
11822 172265988579936608448
11823 172343537326793929096
11824 172568320433281998784
11825 172568732619038938875
11826 172572346657125219987
11827 172594998744415793000
11828 172691258915123694144
11829 172721293531628292360
11830 172868316671648269728
11831 172927642155343259401
11832 172954490580591725915
11833 172957414520704807000
11834 173027420181254922920
11835 173221734719941216344
11836 173282519831717016000
11837 173332180153622576151
11838 173381708324732554088
11839 173429795765040947531
11840 173457298616877862750
11841 173541471445261352125
11842 173666632985801739000
11843 173680158973799513152
11844 173788196769928232000
11845 173799380816206720939
11846 173918727065482629867
11847 174063748088972952000
11848 174070401504366852667
11849 174105691174013931423
11850 174106569119685773571
11851 174594301876254703625
11852 174773125413109995219
11853 174773978365576334472
11854 174777874630628325875
11855 174919405301134845624
11856 174936897166726114875
11857 175359779375649753248
11858 175375564865073565713
11859 175381524193794151779
11860 175403485827418031064
11861 175515488361963876672
11862 175627232403808699423
11863 175709358391108742109
11864 175726334709030133000
11865 175752136689002516376
11866 175771193915373585984
11867 175837356805716841599
11868 175858397730411669000
11869 175884929883166959000
11870 175980623290223778360
11871 175981606939859162624
11872 176167103659811346439
11873 176173350281708348016
11874 176174086269353629184
11875 176201171101811079000
11876 176235406830939717261
11877 176360825471799431099
11878 176361414105377884383
11879 176384856242628878481
11880 176473321124448637744
11881 176577163989859293696
11882 176593642409485638918
11883 176614962574672684664
11884 176698902382792190856
11885 176740374491304798573
11886 176812200725713280000
11887 176854397021866317312
11888 176887317210820120576
11889 177019292776994476263
11890 177061690210291451712
11891 177069008106052184512
11892 177082511190864634593
11893 177515929532641494249
11894 177522253734663194373
11895 177712077020860129384
11896 177715505438618310856
11897 177835818821463509616
11898 177915386274568173504
11899 177991922584486885231
11900 178064939679630842664
11901 178144081983012600000
11902 178285258294143181363
11903 178318755951906217375
11904 178355046211639042681
11905 178397848865773966968
11906 178432570428683368609
11907 178442656284017125000
11908 178484685587801877375
11909 178535100688247468592
11910 178632322528651057521
11911 178685698554815850125
11912 178738017046413400576
11913 178827473479473000000
11914 178833897081024126669
11915 178847579235088645336
11916 179042537558710405125
11917 179046694038339327375
11918 179059792322479290768
11919 179142084653976466624
11920 179164715986325671875
11921 179281142569703884239
11922 179372132750946889728
11923 179407763861346401472
11924 179431721849800600362
11925 179445151159998849216
11926 179545230405905930748
11927 179858823135232319000
11928 179863870885099388416
11929 179877704235112116441
11930 179893841757315134904
11931 179947915630835246648
11932 180068235347204226603
11933 180090023238669678687
11934 180127733929469233992
11935 180133577506757393883
11936 180253882097763791625
11937 180462035696558191875
11938 180487636668061154432
11939 180523480634239640625
11940 180669703340947488031
11941 180709955054117675739
11942 180717252044312836008
11943 180858738004746987367
11944 181018623900239660808
11945 181045356761661341976
11946 181141854036370181864
11947 181257761734748380864
11948 181271985858367238016
11949 181454658466081499128
11950 181510692839808865624
11951 181853889015686948424
11952 181922486302113555915
11953 182052894879735158097
11954 182055172354310899917
11955 182102870221013130480
11956 182106214171686139608
11957 182132678195644167000
11958 182195410590853929451
11959 182209351171106861056
11960 182250914137805979648
11961 182280354472170849447
11962 182367982693372077999
11963 182402599426056885960
11964 182467288032123924648
11965 182499848612225560143
11966 182519590060942319871
11967 182528271268852615659
11968 182528780922812055368
11969 182535146698892395688
11970 182628171902932641856
11971 182662325793472025592
11972 182719974386991722408
11973 182722758027566572088
11974 182787865600725645624
11975 183106236329102655387
11976 183286564381015241139
11977 183454930277961812379
11978 183487086880786166751
11979 183507710740273621000
11980 183549795837281359360
11981 183581284206293323831
11982 183600700788218615811
11983 183616285480273898343
11984 183738560733738526977
11985 183969839168217077976
11986 184305785517132449625
11987 184516115300156298113
11988 184543181269966584000
11989 184576149312331611016
11990 184585166152343173000
11991 184636438816410952560
11992 184638980215901203713
11993 184683738017300977000
11994 184803104452912538112
11995 184908854625247136664
11996 184992468594653243349
11997 185003199588045384000
11998 185354441344795081464
11999 185385213767319485192
12000 185396297373599427072
12001 185495552135636946112
12002 185519447523226999000
12003 185584187201805665000
12004 185627728292563858392
12005 185630536468022393384
12006 185722603206524757000
12007 185734840041499029632
12008 185746740194835421875
12009 185781556885789064655
12010 185800752287174029824
12011 185849688515820364224
12012 185854581255594069000
12013 185911066200625156125
12014 185919416490767623272
12015 186086536931583409849
12016 186124596827701897125
12017 186183632761271775000
12018 186244455300712893000
12019 186390981553241182536
12020 186393154402380069144
12021 186419057743642963456
12022 186420683396563520688
12023 186452221020785195112
12024 186459730212041000000
12025 186469564093744316625
12026 186484922269899537375
12027 186545949699242559816
12028 186589342444961775375
12029 186690267074259204984
12030 186734049049132368875
12031 186784537328543984375
12032 186844633234798245057
12033 186939413423667150848
12034 186941299148096472152
12035 187082638416633139992
12036 187133419667160152576
12037 187138709166629269504
12038 187259532786779169717
12039 187298484614756167896
12040 187317425816490287808
12041 187319172398081709888
12042 187329191842854187000
12043 187495365276211348440
12044 187518979656333292032
12045 187543167321661366817
12046 187696838862338589000
12047 187706003655123183104
12048 187804989127955745000
12049 187887943092011435000
12050 187907144921281299752
12051 188113104711369879552
12052 188187774053758861824
12053 188229217505626182375
12054 188422032428626198104
12055 188494062921411385320
12056 188740653250607108567
12057 188749718286086305719
12058 188820838239698494125
12059 188895701862229011111
12060 188926364045565042624
12061 188936516321208393192
12062 189003642210128410119
12063 189103860474048000000
12064 189138404373528964536
12065 189238587457939752096
12066 189260863268951951477
12067 189286904711551728627
12068 189400702945195594944
12069 189421959633163102027
12070 189472583160366899328
12071 189500941384209000000
12072 189559999894252203125
12073 189649044216686244456
12074 189728359657793613657
12075 189800738490509512704
12076 189801043931152337544
12077 189985571943464252592
12078 190038949460775743841
12079 190138136323455020736
12080 190138325791454875224
12081 190155217104191257919
12082 190305477477212925520
12083 190332130397651672625
12084 190350044956192303000
12085 190357490945783383469
12086 190516064671637175744
12087 190561078786407711291
12088 190589309447010766686
12089 190743064096448217536
12090 190849540120429246056
12091 190904706024420098655
12092 190929815400680607771
12093 190932315575222555432
12094 190937483212281031863
12095 190996865910937543464
12096 191029095309515489000
12097 191088791835722802567
12098 191244900719454701112
12099 191255928139734921216
12100 191264219461134729000
12101 191269146000433744728
12102 191414617598761207560
12103 191506126814288953875
12104 191526524241270281397
12105 191538596822203445256
12106 191549307505722807303
12107 191676664284936387291
12108 191860693899092757504
12109 191904343602431038488
12110 191941318339497829648
12111 192005312941607400576
12112 192058509852991270125
12113 192139894480905405125
12114 192242084477130322875
12115 192348743099078555353
12116 192443768841431441880
12117 192540943711627011809
12118 192547901942190828936
12119 192574984194374181589
12120 192662253116741247875
12121 192710794348087903368
12122 192767556761462442816
12123 192804456835838770624
12124 192943818033231967975
12125 192955195568623453875
12126 193065423187900955139
12127 193373724074188837851
12128 193467756575879165016
12129 193516423575562643409
12130 193640912716241045952
12131 193715012645254835397
12132 193764350745947461753
12133 193841155752742484721
12134 193914692175530867625
12135 194131262204589627008
12136 194143846399844977944
12137 194154010896946037392
12138 194172783119147641536
12139 194237396397072665000
12140 194316681611563875000
12141 194407564652856414720
12142 194479084909611296424
12143 194581986984476731584
12144 194968610221482818000
12145 195029835099480287569
12146 195053478254092431125
12147 195109418466857793024
12148 195150009427761024000
12149 195397446125005350625
12150 195430743008400334617
12151 195532017956342508987
12152 195609655462899472704
12153 195928584820305285312
12154 196024058977205703797
12155 196075960592056382656
12156 196115430099223796707
12157 196117399317755096064
12158 196136359618650609375
12159 196143596118354271968
12160 196236478550427049000
12161 196252237286344959048
12162 196266994927667617464
12163 196342773816522970728
12164 196397474045108466312
12165 196476736083799645656
12166 196498179237829716585
12167 196505114118063745176
12168 196548610443594802211
12169 196831944379300478976
12170 196949197321025589531
12171 197024442533643699000
12172 197141172219560820888
12173 197177402404471717592
12174 197187941934729109504
12175 197242210867054594752
12176 197302700692675942784
12177 197321404411566778616
12178 197327423703113920125
12179 197350380823017342375
12180 197354927117399495535
12181 197354973264305949001
12182 197446282566825357000
12183 197590258826328522609
12184 197646697143260880704
12185 197676015135374503000
12186 197711004022021000000
12187 197895664079123937472
12188 197903064008947969133
12189 197952812842249531521
12190 197960295830845130648
12191 198062747134039872000
12192 198154976878915875000
12193 198174329005615015625
12194 198176300638773912000
12195 198219110771368369557
12196 198278429916051680013
12197 198278551233160146216
12198 198304925705503743672
12199 198702350539726559552
12200 198841703709229473195
12201 198851152437715404536
12202 198885498504381045000
12203 198916414252447941504
12204 198935806428957635072
12205 199032271801072242624
12206 199049593204592589312
12207 199151541897643074168
12208 199167966680122767096
12209 199415542359889864099
12210 199417036462843665375
12211 199520045209572220233
12212 199536334787721479184
12213 199755580451458429125
12214 199775210075323967448
12215 199819717437157043625
12216 199884617095364838000
12217 199981794290265017856
12218 200008787506450126633
12219 200122601732887552875
12220 200133191124023466456
12221 200166175037114422344
12222 200180698640580294000
12223 200210384965334300739
12224 200291926874571145152
12225 200439015911829467136
12226 200543046851627605125
12227 200602728547534849536
12228 200657937564469357056
12229 200732670846502587459
12230 200810698678066901697
12231 200843264044851281000
12232 200848581403960991256
12233 201053953084800711168
12234 201063267029606069088
12235 201091233595281836625
12236 201235925193280590249
12237 201258766691624997000
12238 201350346433169091704
12239 201363319857063381381
12240 201447382347445788008
12241 201479144589927294272
12242 201505853659180380247
12243 201590006327190411840
12244 201687193130565026304
12245 201838016428320976704
12246 201863050781638873536
12247 201915844312801358376
12248 201949745870610692227
12249 202039546696045469649
12250 202235739330492072296
12251 202255275966624357750
12252 202263727991516967256
12253 202299059437711204024
12254 202577077582114816000
12255 202760168994125217531
12256 202786944267978487872
12257 202842294525270292528
12258 202847865756505437384
12259 202863226346951625000
12260 202932338206217410063
12261 202980599337739860819
12262 202986607827040191063
12263 203021600173878154968
12264 203032011402421929000
12265 203225880900464873451
12266 203245532067430216000
12267 203331506503914046440
12268 203356082559449035125
12269 203363089615237883877
12270 203363528434725991752
12271 203471242883656190352
12272 203494817531650577751
12273 203587504827465519000
12274 203645411574631052481
12275 203654531589235392393
12276 203755332471072165000
12277 203869185133224542841
12278 203991755594045662152
12279 204039628083159561000
12280 204234605165367567189
12281 204238683130960707264
12282 204352430869858209867
12283 204370510995558613368
12284 204413051478826318184
12285 204526518017429044736
12286 204582815043055661637
12287 204585805833831781632
12288 204844906669097928961
12289 204936883439838571125
12290 204968066563580906304
12291 205013238081334188688
12292 205049628807334806131
12293 205084803188677041000
12294 205409966923947972277
12295 205470106958424998872
12296 205541648868601444672
12297 205575517989766241703
12298 205582050828990140877
12299 205645688176968277875
12300 205775319331646598933
12301 205805492123396073363
12302 205891370187819595487
12303 206137252400538812463
12304 206137912567663996920
12305 206206052170099021677
12306 206258063813795952504
12307 206277755135266156608
12308 206281804742536628664
12309 206391154552363872000
12310 206442744383941922304
12311 206593124692383446472
12312 206650003339593261000
12313 206734907040637600296
12314 206772782038737753384
12315 206839241576349460416
12316 206933248903192686504
12317 206975899674459085807
12318 207026427593180548288
12319 207052060763630638647
12320 207149956521434852023
12321 207152195412667233456
12322 207172541882126077992
12323 207240773305174336000
12324 207291464356924741248
12325 207302046984242832384
12326 207302137107807573000
12327 207333630366375390696
12328 207348552278802356032
12329 207385332591607443000
12330 207388672355347087969
12331 207625212000893276352
12332 207654555018143712375
12333 207724403028720092823
12334 207943125963241366152
12335 207958077296191703565
12336 207994155895520631000
12337 208110402124253954136
12338 208117999000555089992
12339 208118454270670866104
12340 208213852629493367748
12341 208226482381220212728
12342 208377370454816803968
12343 208398284173856133000
12344 208473593925743055000
12345 208488358824067553931
12346 208567273339646485992
12347 208572976322650634688
12348 208716436498843892736
12349 208871273172645085184
12350 208989286822530843993
12351 209007039891220192440
12352 209099801452210227000
12353 209103720436049369112
12354 209147445113715101539
12355 209292629631648466085
12356 209316383170730415125
12357 209405848013971422723
12358 209621005541636025393
12359 209684789016918754959
12360 209750898734622822528
12361 209999610631885613994
12362 210032369134871582565
12363 210204733237563166921
12364 210294666852062339456
12365 210304737243446694849
12366 210357568493433986625
12367 210362350225537534024
12368 210405366065660305176
12369 210596490430042040136
12370 210646193437456876125
12371 210659801530734430875
12372 210851228029897728000
12373 211029028818027875000
12374 211111759341036414952
12375 211476454814729684125
12376 211514006241334125000
12377 211566598065695434536
12378 211599929252120777433
12379 211726465512454576593
12380 211736684172585663000
12381 211768329726900574056
12382 212111463111243860808
12383 212211965663938504000
12384 212224941481511545496
12385 212371507829524427559
12386 212407738816652076096
12387 212416066600935093568
12388 212455025092695458024
12389 212541018352310559483
12390 212631773291100247149
12391 212715681246829044648
12392 212838581201081141943
12393 213024557865882200256
12394 213066845819914723000
12395 213129064367435789001
12396 213192806493049776792
12397 213264152268732923904
12398 213269720097257780957
12399 213308094201997197312
12400 213344947652922571752
12401 213359600390711794929
12402 213392470953731832000
12403 213525165829459505112
12404 213713595300325531320
12405 213846117850830412864
12406 213948640851232472640
12407 213982260272576124875
12408 214009860496284853875
12409 214156180214128782000
12410 214195522246379126936
12411 214210057253593617125
12412 214354835805048748992
12413 214563698527111832808
12414 214649332102683079992
12415 214666325980858577133
12416 214784233100185805504
12417 214796756713325787000
12418 214914468854736567432
12419 214924754960344832319
12420 214978290751021815927
12421 215068413824817924735
12422 215098178804172066816
12423 215163493526145646592
12424 215190975326571094032
12425 215217197099339243688
12426 215228828296348489161
12427 215245182928397087375
12428 215264107055718848547
12429 215335915719279126408
12430 215541808473183984792
12431 215590337787524440104
12432 215785914554452838904
12433 215786244014388975375
12434 215900193276316637352
12435 215929052029841176719
12436 215985905482535225856
12437 216054776554370889408
12438 216137945936415379968
12439 216206110661752035487
12440 216269755334241553000
12441 216360161674187783616
12442 216868905388796549733
12443 216874815527215597752
12444 216983733340420318419
12445 217040413866628638195
12446 217082972095941941073
12447 217120147193179747125
12448 217128616319332558568
12449 217170908044069693896
12450 217178522586492935869
12451 217215631961582333625
12452 217218376669188657672
12453 217312015402968507441
12454 217438386218868421152
12455 217487927156141331144
12456 217517130117963220032
12457 217612575376716828672
12458 217654326003343383072
12459 217670441044207851000
12460 217684467316242545472
12461 217732710757617742167
12462 217850739680956456431
12463 217945950264870689736
12464 218082410609880241152
12465 218179420847512182639
12466 218305044123743873016
12467 218325399060589515000
12468 218337823898746126848
12469 218407757442523405056
12470 218550691336468491000
12471 218567495918573809875
12472 218612674949654223000
12473 218673886211624536875
12474 218757601100157490917
12475 218860627739191945416
12476 218928396859198626808
12477 219002755443438048768
12478 219023854876716264018
12479 219049086337278055768
12480 219056515918987658184
12481 219063859806289431843
12482 219075047227155292875
12483 219123863786487231936
12484 219172259212900651125
12485 219173080270610307933
12486 219220445402630927073
12487 219327656842596586375
12488 219535669582691206689
12489 219736130823861687000
12490 219799237218504737283
12491 219837122363475716589
12492 219872513974824404001
12493 219936296340770323483
12494 220048078015517794488
12495 220058736415693112763
12496 220116013892775442169
12497 220165261592198335875
12498 220187611754254316088
12499 220252337419715933696
12500 220358100221238822472
12501 220528657905298811614
12502 220545336694077606519
12503 220552321739878547776
12504 220614467140084563000
12505 220715648895679550613
12506 220770225420185809368
12507 220770699808517966016
12508 220831999021778219712
12509 221025255694355797704
12510 221158086001350183000
12511 221168550243461189733
12512 221191626657076523000
12513 221317933376317305528
12514 221376011123435624911
12515 221405754978165709224
12516 221639921504865294552
12517 221672258434751602688
12518 221769996925833711000
12519 221839712058590349633
12520 221852413295583733656
12521 221885610973746048000
12522 221893986743253998901
12523 222090812536980936367
12524 222234084978107995303
12525 222374422489277711107
12526 222444510289173978624
12527 222629512365916996032
12528 222815598016378989384
12529 222878106486345911419
12530 222919829370222618816
12531 222995217845634441272
12532 223105523452662596408
12533 223112063193638881024
12534 223118263752246980208
12535 223251289947834953203
12536 223357295665634013000
12537 223382134436190912000
12538 223408162601560874574
12539 223536031969248986624
12540 223802363505044888648
12541 223822807874434448875
12542 223834163816297466432
12543 224032122986108469760
12544 224090982946611144000
12545 224103414585255438168
12546 224108001158791074507
12547 224257466776510440000
12548 224345069844485117157
12549 224476030926699771681
12550 224501740298524252053
12551 224534932102777023000
12552 224535480643198251072
12553 224629844984937412371
12554 224783171762959637568
12555 224899166008753020603
12556 225034899411510714799
12557 225102441976932610944
12558 225468501669963495125
12559 225503034350986718144
12560 225508310235664577667
12561 225551406613021726536
12562 225564694689474858816
12563 225649058589300803184
12564 225659584919660419584
12565 225750781168963989120
12566 225760733413374316248
12567 225840021083722056375
12568 225907656233311040625
12569 225948854466664714125
12570 226027184171834798389
12571 226076828073747391656
12572 226485888166856331909
12573 226522096965352632204
12574 226522220682792165768
12575 226562561452644593904
12576 226680377946833359899
12577 226709748406500795072
12578 226801226813427937216
12579 227085069379782716928
12580 227202094909950877899
12581 227219956655692663656
12582 227283715218031381000
12583 227400669153172473903
12584 227454831556080187904
12585 227462621371912108000
12586 227463792943119453000
12587 227466732422545892712
12588 227577480593539254759
12589 227676295814483944584
12590 228518200605290307336
12591 228631145235190652808
12592 228877300404071679808
12593 228940437927724084224
12594 228972654414389958443
12595 229022880364607906304
12596 229070210213511576000
12597 229238455319478623368
12598 229272688878067723896
12599 229384931668567456383
12600 229754965522489085952
12601 229795880830442537875
12602 230076799181382466404
12603 230210047529686268352
12604 230251810059652287816
12605 230256143340085194696
12606 230274042825814453648
12607 230341843404282016125
12608 230368961690005368321
12609 230397937672376321064
12610 230486439310386748398
12611 230663204780154174847
12612 230669402728670148096
12613 230681544062426443224
12614 230707760597678487968
12615 230726664526231783000
12616 230834943114972741125
12617 230919525423303842125
12618 231141058807787168859
12619 231198726913462342125
12620 231275154180643104168
12621 231421419936694862784
12622 231447802476666104000
12623 231471874451533807000
12624 231491978315046504711
12625 231580809585155563533
12626 231583679676309636936
12627 231906194196561533376
12628 232022904871801171625
12629 232025981413394952000
12630 232049889120053886336
12631 232138399355507631168
12632 232159603341282435000
12633 232160890717321340229
12634 232266706358290536933
12635 232278389391116332719
12636 232283441300114903552
12637 232323861320626324851
12638 232520300423230293000
12639 232656819739284277064
12640 232668507686603625000
12641 232700049300425627375
12642 232888278105536054904
12643 232932990186801372888
12644 232940105479019777319
12645 232941849937705080711
12646 233068796786113508493
12647 233474927132683868625
12648 233478935188164915704
12649 233493023142740454912
12650 233493781952784947139
12651 233630031051585754803
12652 233749442973474746136
12653 234404374965761029393
12654 234438725734455367125
12655 234515709812802940983
12656 234592313175910144000
12657 234592985329314336207
12658 234609233832258831000
12659 234783502889706147195
12660 234783588414713968000
12661 234813628146904738568
12662 234849795137581152249
12663 234870694446198329344
12664 234874623598086746456
12665 234924337307987316297
12666 234931871829309305625
12667 234940929878375721000
12668 235077837773598085392
12669 235178586447462717696
12670 235385569986654991176
12671 235478366875766645631
12672 235488209778646995051
12673 235501395372999361216
12674 235540252946904371011
12675 235608725827361072125
12676 235707209424830398976
12677 235739740369802365179
12678 235793837699319114000
12679 235883723595789860864
12680 236004972191481257856
12681 236073624657252219747
12682 236137504070960960832
12683 236167965208863075024
12684 236233357070658602545
12685 236334285424626135201
12686 236366426896311112245
12687 236451098128456965663
12688 236561339104078625000
12689 236745058225762102464
12690 236814184193491181088
12691 236926561055406045768
12692 237159654164166222827
12693 237417395652590950459
12694 237419841652422706368
12695 237429206773529342616
12696 237530305337136460047
12697 237578728387892786496
12698 237585971004557542397
12699 237602780586275964552
12700 237626251877893375224
12701 237717901042729320375
12702 237752991433938880081
12703 237868106412529849536
12704 238005871557376842432
12705 238018281237100949067
12706 238039880087691642987
12707 238070400550118175312
12708 238229271679276168704
12709 238263886241739212309
12710 238278081100738940352
12711 238319252321179763888
12712 238379706388778160024
12713 238484838151411774344
12714 238577258320338207816
12715 238646852720958302712
12716 238648832015628126547
12717 238897148385895217344
12718 238902242444952016203
12719 239029830637475761728
12720 239221302319908603000
12721 239248027064642050728
12722 239259888747938408896
12723 239265066341904198057
12724 239273752530573168408
12725 239385369725563585221
12726 239537803784885614125
12727 239699668011498834048
12728 239799533251467168161
12729 240022264097906560907
12730 240032246764542266944
12731 240115867432763999040
12732 240228562239737931125
12733 240293211391704894696
12734 240433238150641804121
12735 240558877149573573656
12736 240585680114266655168
12737 240719772347508970432
12738 240744940899182068167
12739 240762232355545036864
12740 240814652523879333592
12741 240826963956983382888
12742 240870530109167044875
12743 240897509802228132000
12744 240988684582242420544
12745 241088660290197836424
12746 241095760039420663104
12747 241160852400449790536
12748 241233839871753230558
12749 241251964932934805976
12750 241298027608202887231
12751 241319128017092634864
12752 241361577479762650232
12753 241401698055696710168
12754 241505486763611976360
12755 241749373266393890625
12756 241820163373328717625
12757 241829731898676117504
12758 242056516181491158875
12759 242227618877769924672
12760 242343255772084198472
12761 242545804052225684445
12762 242552351437977387807
12763 242595473569659546875
12764 242607212990938798912
12765 242684967448692531000
12766 242779972727016492768
12767 242986543319898232813
12768 243003660211716812352
12769 243055539030992625000
12770 243166436453512388096
12771 243206252422605897048
12772 243233458169106789000
12773 243406945962319606272
12774 243414667829507210127
12775 243425965259045955421
12776 243445166085385022976
12777 243480297047892265179
12778 243524155817215707336
12779 243574057899215225784
12780 243576677986700514624
12781 243677025533129887179
12782 243801541525457897991
12783 243862441569849742857
12784 243925477565071817151
12785 243935394116162052096
12786 243972492917791345344
12787 243981676536881886792
12788 244148556844406695104
12789 244298001247917445521
12790 244365341339288895488
12791 244403811396693520929
12792 244449482924808035784
12793 244680632958036044224
12794 245200187680364223099
12795 245205595196751913416
12796 245272271579660602368
12797 245381181905384908992
12798 245510083383024185973
12799 245556599894203447808
12800 245630512491032987136
12801 245816655856605117648
12802 246173922118558176561
12803 246375455417751785671
12804 246667551726206036160
12805 246706049308642390656
12806 246728855437320162816
12807 246746989653924870656
12808 246779977084869501000
12809 247075210655064304389
12810 247151824649585652888
12811 247153171911245623296
12812 247201325711135497000
12813 247297386156912000000
12814 247354381802540688741
12815 247390358400060569568
12816 247397806374111134469
12817 247424598623524684761
12818 247468911951890438199
12819 247552832097897741928
12820 247729051556711335368
12821 247841434442202111099
12822 247941151864474887000
12823 248004175900829040208
12824 248068581642771304753
12825 248248930013259283017
12826 248286393077549803641
12827 248313730937806111851
12828 248493393954875264013
12829 248499670459808313000
12830 248617392760301383000
12831 248775686997360344640
12832 248825779674823796445
12833 249007816385459218269
12834 249129233510876893512
12835 249222120102064438784
12836 249322007070675720512
12837 249351293058948966375
12838 249409340995271421608
12839 249576345260948160000
12840 249626016955824822504
12841 249691498425272843056
12842 249729224626478351664
12843 249764785537954515192
12844 249770965257148608000
12845 249786587824043207301
12846 249795075835958412968
12847 249854045296809798208
12848 249858480831592717000
12849 249871179677765286375
12850 249880641808457016000
12851 249924644369918402248
12852 249959002791653568000
12853 249994578644989542000
12854 250143342886133006408
12855 250230033349705170944
12856 250269599715025015125
12857 250272095239149690168
12858 250291063836223492472
12859 250319589009839451648
12860 250347524433457533453
12861 250384441331419948224
12862 250410255647532144463
12863 250524164768737434120
12864 250539055795422567936
12865 250723425604034863207
12866 250746196596592953880
12867 250747848245552426496
12868 250752042184289645376
12869 250878476387139539841
12870 251047570005352335384
12871 251061047027499258368
12872 251145566960271227712
12873 251211972234291579000
12874 251314080975495570312
12875 251323976096832748193
12876 251657055090315239976
12877 251683683950518687224
12878 251821169712201029031
12879 251888759313269247000
12880 251981058703879772568
12881 252215403557141241000
12882 252385825954631544000
12883 252443021658219820584
12884 252461591928757804203
12885 252482009264017742664
12886 252542705814372591000
12887 252630657172052437824
12888 252638586574409165669
12889 252749887694484992000
12890 252761636754937019745
12891 252786081742461346625
12892 252971396672947280883
12893 253019398432593615552
12894 253127199616979054939
12895 253178461359055356040
12896 253481367989309858496
12897 253591909276064845824
12898 253594462279909008375
12899 253712886185690108352
12900 253718350794863019000
12901 253741087743455214504
12902 253889013148918074648
12903 253891437042230923221
12904 253974470297546943000
12905 254102668957944750456
12906 254320802909567361000
12907 254339983278205056512
12908 254435301897102872000
12909 254497107693704852375
12910 254503859160299446152
12911 254559215837082421629
12912 254571450388910800327
12913 254737515391981870248
12914 254757049885330798923
12915 254766885324455571704
12916 254954388795355409615
12917 255024402939177609024
12918 255166719804305750016
12919 255267856441706444973
12920 255277985343345259776
12921 255322711164769121601
12922 255596609274084684125
12923 255622907952896124277
12924 255638842705465856000
12925 255863647431753158889
12926 255876419709924902343
12927 255900822224710749632
12928 256070247293811780557
12929 256071109656809818224
12930 256300111918556807913
12931 256314861936324389781
12932 256354407063484351083
12933 256368925652846341608
12934 256606008136867023193
12935 256695601875943274352
12936 256823253373900222737
12937 257048697441050592320
12938 257084405579999217493
12939 257158517719018823875
12940 257192693939987822744
12941 257258003747987721024
12942 257463624856141783872
12943 257508994328846690248
12944 257529909377994213051
12945 257564058880136757021
12946 257715836025687853632
12947 257990543893971644184
12948 258067736002143146079
12949 258195536924802107904
12950 258328792980119336293
12951 258399303087807102501
12952 258565429952589234375
12953 258677304267730649112
12954 258711715114622291375
12955 259157048122475265672
12956 259184453591259252000
12957 259388404863930573875
12958 259555084976129299695
12959 259808091553830605256
12960 259847720750347480296
12961 259869508167857200704
12962 259942313639639508696
12963 260229987398029713344
12964 260281857438476827343
12965 260454888576917526375
12966 260553939851200840000
12967 260584347287922301000
12968 260667281760054382304
12969 260701079663567664576
12970 260728219553189865750
12971 260861856698309358592
12972 261070901502784255603
12973 261367683888130001208
12974 261503982483725159360
12975 261576128954545496000
12976 261634166300187947448
12977 261634454489696991417
12978 261678164902441923664
12979 261780238550541214413
12980 261781199147416162032
12981 261841633783361249625
12982 261848998752885126973
12983 261894254682688840728
12984 262072387051714775744
12985 262335673837990817792
12986 262350887223290162752
12987 262358669361950959168
12988 262358868808905129072
12989 262638273595261675293
12990 262806562336631975424
12991 262894739850017521064
12992 262900391231448152000
12993 262913847553632804984
12994 262927274736429587592
12995 262961262902431916856
12996 263029128916317093603
12997 263286774567233202968
12998 263650712058586447875
12999 263663408886369408000
13000 263693930358061287000
13001 263895444915814962432
13002 264171513631652891173
13003 264188176687926127000
13004 264242234125582337547
13005 264277489949424772821
13006 264372531874429082013
13007 264418845300359568000
13008 264544679935597765184
13009 264745768785908909912
13010 264794135275949767488
13011 264802102052788881000
13012 264833053399835557056
13013 264956920851810173688
13014 264975071745404769875
13015 265009764140566728192
13016 265017050818542255051
13017 265067499270822825024
13018 265103381145014527752
13019 265148424403383893589
13020 265352106901036552768
13021 265352271539996363625
13022 265431846921586947000
13023 265433586173175211155
13024 265496751837251250589
13025 265591429154900798859
13026 265768484176362585600
13027 265857804588285209664
13028 265955036997988683072
13029 266131309864517822088
13030 266281133298483329208
13031 266294281494311058051
13032 266368513618556830845
13033 266411424463264710656
13034 266423249713420747584
13035 266443398169820705736
13036 266531732507956923000
13037 266657053365682886088
13038 266697069739888906944
13039 266769715802956821000
13040 266774278240196272000
13041 266953094369105524072
13042 267040902809702601216
13043 267134228881594893000
13044 267253378328383068375
13045 267279625675553925672
13046 267322654812394844000
13047 267336680395818782043
13048 267354011401162798896
13049 267436068931994190111
13050 267532690539563206875
13051 267594747926470608384
13052 267605774889781019328
13053 267662047688611378677
13054 267839771390955998208
13055 267847000928729769456
13056 267959316653705568528
13057 267975361038859246656
13058 268012499740220747141
13059 268082247555968548248
13060 268140437660483388000
13061 268303751811169984000
13062 268342408599062336000
13063 268523566620770123208
13064 268612911005227703369
13065 268695021696330623849
13066 268706606764540639149
13067 268721293644755707392
13068 268731633324701765673
13069 268801140969968402432
13070 269070375758017157352
13071 269150144842243067949
13072 269269858063821049344
13073 269346110692074507000
13074 269418403324398601000
13075 269489590050718937536
13076 269535163020717210624
13077 269564414238801180161
13078 269645373273656156625
13079 269728377395259207789
13080 269953157706652863144
13081 269961781773609279891
13082 270029851928295948216
13083 270089428204259327125
13084 270119002259549130669
13085 270203655438293859360
13086 270219791581957845000
13087 270316271464139130811
13088 270367844676115073517
13089 270487488757724463680
13090 270538197865555256000
13091 270650065690634234696
13092 270773118459938304000
13093 270794228752186399000
13094 270874387235061981000
13095 270877890758415288957
13096 270965554267431616264
13097 270966624559061237144
13098 271045403166307474341
13099 271048602913252310601
13100 271092112665663021544
13101 271131084682286668875
13102 271306299691819574000
13103 271450079873891342739
13104 271488816075197726551
13105 271508097855843048375
13106 271632089934877352625
13107 271675815616573562376
13108 271707815129827716136
13109 271709201323090542375
13110 271774827454380539184
13111 271896053217779816000
13112 272038606736450463000
13113 272074997180612082968
13114 272127198758484888000
13115 272158367233449459672
13116 272188646117695742337
13117 272253243892527371439
13118 272264110484662136512
13119 272317769442817128576
13120 272417267523047472000
13121 272471080919714917704
13122 272506839544079348544
13123 272561333030848225728
13124 272585742752734334469
13125 272615574077474741568
13126 272655841207814883000
13127 272743743289805877824
13128 272829800856271722875
13129 272896615404279343512
13130 272967868779679009664
13131 273111700524935391063
13132 273181942678292141949
13133 273232106405292858048
13134 273370829310630149625
13135 273470145494155122968
13136 273508077907728583920
13137 273565663657521469416
13138 273636366017752828125
13139 273651862590295529256
13140 273694895527172420448
13141 273716829570199349971
13142 273865785546091428872
13143 273941802937049077593
13144 273961481726740236903
13145 274083599317748003784
13146 274101747713946967113
13147 274211830441771282944
13148 274255763186783124936
13149 274427923724458516376
13150 274648959464636984192
13151 274677543953082270819
13152 274800601164568909248
13153 274827429499344912008
13154 274858565366296138500
13155 274864616139870050184
13156 274952679748239492909
13157 275055550386934838976
13158 275318439405228150750
13159 275367086886725515864
13160 275388864126950393001
13161 275658559066559729664
13162 275830170672161536704
13163 275859549333220493888
13164 275894428420731969576
13165 276047771701875335064
13166 276129712087924496373
13167 276317578544760059463
13168 276595345281186346112
13169 276730453723389330392
13170 277088476552273141056
13171 277136325907011207000
13172 277237712823538845807
13173 277454109462795321875
13174 277497374154247611000
13175 277505589480258321000
13176 277624817852433303616
13177 277675237428032645333
13178 277733028280153819464
13179 277765669725002718273
13180 277947704206988530533
13181 277959900891593237625
13182 278034872824932691624
13183 278135411971516962625
13184 278138150943262051176
13185 278325767002436177472
13186 278327972565206714934
13187 278340862520018720016
13188 278344070419093716375
13189 278421014592570285800
13190 278436877031863517184
13191 278477235533630952000
13192 278668235784745924416
13193 278713053190508823432
13194 278756998396500727125
13195 278819748851307663168
13196 278841038132047360879
13197 278874398631748258304
13198 279009779903912618496
13199 279049376785401305811
13200 279146994842789297497
13201 279188571289183086375
13202 279297274837368307392
13203 279299910830638869171
13204 279360302773077856512
13205 279441830218671474389
13206 279454400082033630363
13207 279457745994912453696
13208 279500622868366448913
13209 279563878602525264832
13210 279598382766201794841
13211 279614016889824814561
13212 279618783242638216923
13213 280104028825006305647
13214 280388256227627195349
13215 280582111913695011000
13216 280984859618477347431
13217 281155426663659133976
13218 281294887204479123577
13219 281423734742057288472
13220 281465931884878454103
13221 281472278680669937679
13222 281708012860368572088
13223 281827172899138968640
13224 281882984067948436992
13225 281893590894945562624
13226 281896520959266445440
13227 281927859590497302000
13228 282284631359328806936
13229 282584215566530138053
13230 282606230515122310797
13231 282956003268381446094
13232 283030266579116171661
13233 283058871954574625000
13234 283249502382079683576
13235 283392861086984261184
13236 283565214837604980224
13237 283667049529261982584
13238 283689817706717367309
13239 283811656923592785000
13240 283901993610196563000
13241 284104105853992587072
13242 284332217987805080184
13243 284342938991935229952
13244 284556810143781878976
13245 284630491159008301125
13246 284894087333619148632
13247 284922181151639673768
13248 284949670237064631162
13249 284958307872420606144
13250 284974507794969657000
13251 284989667537709441125
13252 285098858106814563273
13253 285316315031032495957
13254 285614790609262842000
13255 285733751945731559288
13256 285847595440516721592
13257 285850267106938599303
13258 285857101415011611960
13259 285895775727256605157
13260 285926866606848797297
13261 286001749951991073000
13262 286009303765195110464
13263 286161759971681037912
13264 286262870594370488000
13265 286341527577705353208
13266 286555839530681428344
13267 286590917888411082336
13268 286997068763487784611
13269 287114173901618256648
13270 287126421729044353848
13271 287168491039230444546
13272 287169121636904490984
13273 287236170881577792000
13274 287340085280899544192
13275 287383922864140491909
13276 287400517202651541696
13277 287431929829992701880
13278 287690044168308690181
13279 287867533221189665289
13280 287913235342138513569
13281 287998966806562198908
13282 288061201224797301064
13283 288182589072698944000
13284 288188194973530044375
13285 288398348092197858816
13286 288478293172404666002
13287 288520640840109180447
13288 288717843613165607375
13289 288722229652388777427
13290 289178399438781947631
13291 289233276634986707331
13292 289262296452189852792
13293 289358397226982045375
13294 289517561647239744000
13295 289666529884335913920
13296 289689466831633705753
13297 289810593359423647875
13298 289900448930360827000
13299 289939887457410509928
13300 290008149953148134424
13301 290076823527632827875
13302 290113482192692893875
13303 290178411453037004625
13304 290247346427720465000
13305 290257802877144682944
13306 290400619439415126915
13307 290420319513187884384
13308 290491732000384153577
13309 290578166416807856424
13310 290628817186923049536
13311 290639588403386711223
13312 290669529600970884091
13313 290739637792930309893
13314 290851717932305612992
13315 291142023061843130184
13316 291509606161919797262
13317 291688770127137520625
13318 291715465508083503432
13319 291743267540328357579
13320 291755079012318981696
13321 291833887382002954296
13322 292072623310472808960
13323 292207701699490306067
13324 292273315173633029607
13325 292513666794528448269
13326 292515447413256704000
13327 292704644169177916149
13328 292765576297938523416
13329 292766746445855864000
13330 292943443764160746648
13331 293158962445309009875
13332 293239147909062449269
13333 293297673514614643000
13334 293405704596341333568
13335 293422161512125124928
13336 293547388821653127168
13337 293617500765194253375
13338 293670325281868065125
13339 293800661265311416216
13340 293803254880349696083
13341 293900148209450448792
13342 293936218060923908288
13343 293962169889595629000
13344 293980921290785344896
13345 294081220686115466136
13346 294135842265347738376
13347 294219109004268096448
13348 294222706841781816336
13349 294248179034265710592
13350 294404979528755666424
13351 294645106914201080128
13352 294674704118861941000
13353 294835000310703304632
13354 294910619123135029131
13355 295085401168927961592
13356 295255161436445008344
13357 295293516704153364672
13358 295295215931014387599
13359 295394789463281599176
13360 295525500656452090479
13361 295608316687349176000
13362 295636135103491082823
13363 295727789332826361000
13364 295794005450274956898
13365 295814375825248982403
13366 295816667046866621019
13367 296042979546677157184
13368 296052702972361799464
13369 296180773676626395375
13370 296229772966451530752
13371 296343058622376838464
13372 296496737432135107875
13373 296526059240260273587
13374 296544445032569654592
13375 296639328821638880448
13376 296873301170741926267
13377 297022046953281505856
13378 297064577926411335495
13379 297369942371854194969
13380 297405880723023463449
13381 297460744615922529096
13382 297516313658082915648
13383 297585899265390784776
13384 297798677844702147477
13385 297799050128636522375
13386 297957239950895533125
13387 297988631854952333184
13388 298035585164145231081
13389 298217009898259833024
13390 298269107679251312513
13391 298290463215595564096
13392 298355955548440188672
13393 298387818946621410624
13394 298424249095810876928
13395 298549873839749700987
13396 298571183627615151552
13397 298685427199494308181
13398 298912619072165835744
13399 298969491079052683344
13400 298985392604724406217
13401 299143690300986802873
13402 299474973378003510360
13403 299542010785273203129
13404 299544415700559939000
13405 299860369035220578312
13406 299864556318680956512
13407 299915867700213433461
13408 299997127805044197528
13409 300019384798807490495
13410 300126786232375755072
13411 300424645967858518203
13412 300602102551667503272
13413 300749219575110397000
13414 300845564710926326000
13415 300873407479511343750
13416 300916511283684264768
13417 300917818349150393736
13418 301082300470725661125
13419 301133905532251302203
13420 301288497714331218000
13421 301353517741067340003
13422 301465323457608843000
13423 301551576181833266289
13424 301699590076677931047
13425 301915997713882785051
13426 302029597315638782963
13427 302045501833211019457
13428 302063329703860490304
13429 302222049168310577208
13430 302463967050360394461
13431 302554722557723328000
13432 302759384907918347136
13433 302947893372990587904
13434 302968963981811345625
13435 302988848915233668096
13436 303373371345448352319
13437 303383454493632805376
13438 303411011165377750089
13439 303509773157572713375
13440 303988905078286449987
13441 304151781708707502843
13442 304207533823174851961
13443 304286768073564003000
13444 304294076150793232112
13445 304390859932514956608
13446 304420531130575393625
13447 304461150151443202827
13448 304562249210342778083
13449 304563305482207160571
13450 304595745197678206272
13451 304978004044903025928
13452 305175703550270427000
13453 305205608234225972224
13454 305284564944806672232
13455 305295813895163555464
13456 305567832302880329728
13457 305662858989036381469
13458 306032313516061400576
13459 306211919241784716153
13460 306426074838299462592
13461 306462436763584257864
13462 306656936087320471744
13463 306743344508513596320
13464 306960433631001206784
13465 307079765767695729627
13466 307103878012314741696
13467 307124204247022034024
13468 307125244905326947736
13469 307253097020385936000
13470 307385402863589583624
13471 307527979998685330521
13472 307565070211061338851
13473 307578328699434148503
13474 307985227869742896375
13475 308043392570215346161
13476 308118006905431519251
13477 308204018638011767609
13478 308327146210714971375
13479 308346391092481872507
13480 308384941572346392000
13481 308409451185188808000
13482 308565609673992487362
13483 308633332655258281125
13484 308706000241473931824
13485 308710889362370017341
13486 308758355030634607000
13487 308801364693112295424
13488 309016035818009676000
13489 309042789844582158400
13490 309098425201629875000
13491 309108594562050548664
13492 309198605662045218581
13493 309401371077762704832
13494 309469299202032094216
13495 309496276460655177920
13496 309549686428122901488
13497 309618490448276834552
13498 309753460405007759287
13499 309971733359170720201
13500 310074394749280810623
13501 310425112913405884147
13502 310448966413200844248
13503 310575684301311709000
13504 310979672173558573731
13505 311214134921674155561
13506 311325844054773017673
13507 311584131171395633152
13508 311596481658551975424
13509 311602272704410175306
13510 311781938193763842168
13511 311815176006877780328
13512 311863000534257155256
13513 311903810174822557419
13514 311910834250980514368
13515 311958058474891221750
13516 312015575905066560618
13517 312096022538574456000
13518 312221828425274486784
13519 312294670676242502976
13520 312547866246211566789
13521 312562472374705317128
13522 312599977776198259875
13523 312615017823555617625
13524 312773088251276352000
13525 312981636240278897976
13526 313073548275101442192
13527 313094763070765426296
13528 313133035129903030887
13529 313241074042837134376
13530 313289560693559471112
13531 313339277096321445207
13532 313737275698160858173
13533 313792930974017162808
13534 313865721461352879000
13535 313911231766514081856
13536 314016026548051972125
13537 314221366074986496000
13538 314314936792016020840
13539 314439995392337133144
13540 314775585646540408728
13541 314795699738234647569
13542 314844951414556745875
13543 314883616249953749096
13544 314980556296350096728
13545 315021415405020403625
13546 315082373660675108488
13547 315366904607333192712
13548 315697079356532842176
13549 315791002623254378688
13550 315896753466567000000
13551 315991074476424953125
13552 316028151864795870773
13553 316062714258069315264
13554 316106290341817692661
13555 316208885533558749179
13556 316225650477721960647
13557 316263086588084379625
13558 316315019004094152504
13559 316336330633204211967
13560 316454756862180863528
13561 316510325082459109000
13562 316536605137411416576
13563 316565754220464129117
13564 317029109644076945472
13565 317204752621441537125
13566 317330859150712591119
13567 317376330860444401728
13568 317388620306906293734
13569 317632401878329356273
13570 317859542854477480467
13571 317996888009743839232
13572 318037191258224914056
13573 318065836129087609953
13574 318071295304633949624
13575 318380801483630544048
13576 318438459624283867953
13577 318445563275542620125
13578 318486007250274040443
13579 318628145381100025536
13580 318857692517073982125
13581 318926836284685083000
13582 319000616865206030664
13583 319056075881979611392
13584 319197795167994266888
13585 319504487937870879000
13586 319909922874802371979
13587 319974848669713510000
13588 319980688619964183000
13589 319984732164018848472
13590 320177727480813943104
13591 320295168246469367133
13592 320469982713398261744
13593 320611798837472380875
13594 320698234317470464000
13595 320722167258662367744
13596 320733819381777048000
13597 320747704562389466936
13598 320790746328841258496
13599 320985755106771396096
13600 320999488269049129176
13601 321090464765430553375
13602 321558793771598045208
13603 321600996998522365761
13604 321714786836277505125
13605 321840891166364940104
13606 322066396142942552712
13607 322130853197003664261
13608 322203653257408709904
13609 322357938453279475929
13610 322451752124541095000
13611 322618256622428696055
13612 322650646247692163072
13613 322697030208140749824
13614 322813980213030063576
13615 322816107754138824000
13616 322872255307213103375
13617 322929890679383027712
13618 322937417109879868744
13619 323295812967011157000
13620 323330639995582133824
13621 323401261640264727381
13622 323555379940857456000
13623 323783719798583031435
13624 324011175410798635968
13625 324175449130725229336
13626 324197833609448128512
13627 324581848721728241553
13628 324596499350285961981
13629 324617890355347672421
13630 325159005822293450808
13631 325217484244967107248
13632 325264753568246992416
13633 325394024076792745984
13634 325441998383651118081
13635 325486084822670961280
13636 325521790957552559643
13637 325550133870220483848
13638 325595933260858018304
13639 325656617959870719704
13640 325665019706599629000
13641 325693427391852387875
13642 325800260215166984247
13643 325909847346450868683
13644 325942080350937942528
13645 325953626222078547875
13646 326053689814108389861
13647 326158914492231093000
13648 326161181096828130816
13649 326432812574383070400
13650 326570331872457763272
13651 326840202689556313000
13652 326909758142948604633
13653 326945099889270619848
13654 326970579873829472000
13655 326973156255615547125
13656 327034032221490048000
13657 327042245891256653583
13658 327070141481129626125
13659 327403760695139538683
13660 327586109187050341992
13661 327680509752291930507
13662 327765103039439013312
13663 327900823620170441823
13664 327960437637537836586
13665 328057415169922134424
13666 328105702465848216000
13667 328118049069635799000
13668 328195277889886229193
13669 328270590217320177096
13670 328278827075679937457
13671 328498153418248750008
13672 328592287317556453464
13673 328626995885421059953
13674 328709450681368778385
13675 328838333858245870750
13676 328949894659453378883
13677 329329869533828072000
13678 329544048513184103872
13679 329572192607002495936
13680 329580610114362752600
13681 329709099764018953125
13682 329771373927805057248
13683 329785212129789813696
13684 330039698068790683587
13685 330046482952647279000
13686 330067461194674415856
13687 330477658248701219256
13688 330545491091061916859
13689 330652018798946949312
13690 330875730146719797767
13691 331020365375837906496
13692 331582796723227396536
13693 331647516053753647104
13694 331669346056904447811
13695 331777016427295837125
13696 331797572006070596608
13697 332195387592520315656
13698 332281590919924628411
13699 332319373656977468736
13700 332662286836111176000
13701 332663772202223406399
13702 332804367370194052249
13703 333122745817592528616
13704 333265452161534297496
13705 333678389191974583848
13706 333685312119653458328
13707 334065019037044640625
13708 334172977549861814786
13709 334276018844060574216
13710 334399909343027119163
13711 334643486780995327971
13712 334644746557628351845
13713 334680064447131661375
13714 334877510593363681125
13715 335379230007156189279
13716 335466682269133054094
13717 335482302442553962488
13718 335536543214780499144
13719 335629368619309904832
13720 335640613220013935808
13721 335650650390419240448
13722 335834736162498931176
13723 335852983903095815427
13724 335865547438479192141
13725 336133406513240895104
13726 336142674678766180680
13727 336213357230376091648
13728 336514675786460444672
13729 336575436258797373365
13730 336717483537427993000
13731 336779632608123611907
13732 337086454932036448704
13733 337095954882318957416
13734 337130040759435495936
13735 337163771752558535232
13736 337368353789542347909
13737 337461646203606155959
13738 337508836920639209917
13739 337569100257798045000
13740 337663995737655806856
13741 337765364354492837091
13742 338204574353198178045
13743 338430665405885165568
13744 338623194811771291968
13745 338697278666493201000
13746 338723062608754173896
13747 338767559036109434133
13748 338773723663355255457
13749 339102121765402935296
13750 339135835593445867431
13751 339220882702965529413
13752 339344534771923701384
13753 339449743436882231608
13754 339462957408120415296
13755 339610640026262088176
13756 339770555505664605504
13757 339919412336122744125
13758 339971048767254588992
13759 340020457158094695424
13760 340073062270067487699
13761 340179567873759341000
13762 340288058887328097000
13763 340408465907100684093
13764 340413090873210368000
13765 340800234325655923000
13766 341102112028803351261
13767 341149704310134485064
13768 341286631222823208000
13769 341478081706624697107
13770 341776783250170370739
13771 341796447581569686125
13772 341825456389918528342
13773 341866433283027828084
13774 341870086485313939000
13775 341887392912957562944
13776 342013938964220851776
13777 342202409262858981375
13778 342322992844723513224
13779 342323678324110336000
13780 342380416534442993889
13781 342649354409999751744
13782 342690439102748604315
13783 342793441516547832525
13784 342983895850072588293
13785 343043850619522038987
13786 343044044507746993320
13787 343071181534521659392
13788 343126352555166331125
13789 343157222851867144448
13790 343295671559851444833
13791 344034507224255046264
13792 344176890030055411875
13793 344199107086390864945
13794 344235946102310918656
13795 344255568062146199424
13796 344302563256289742312
13797 344402568729999109512
13798 344824265512795480776
13799 344849295838634612424
13800 344933760052708308216
13801 345350523385938562856
13802 345413524678161482816
13803 345473654670820266309
13804 345664287234286591627
13805 345752201535647868864
13806 345807678593248326000
13807 345807984011062991327
13808 346007823955133193000
13809 346044618282449582804
13810 346065967945754056000
13811 346322744190393667424
13812 346340747592480033757
13813 346356338750132984000
13814 346541784994265620104
13815 346589040590184480768
13816 346605166617822180224
13817 346804521442021311552
13818 346836727253276620568
13819 346985933978684944125
13820 347356828038625461000
13821 347620541688198613952
13822 347664721637409848000
13823 347716035461105065755
13824 347737363512664238568
13825 347741747912806281216
13826 347775432761056462344
13827 347788775681849541312
13828 347825206583059198968
13829 348080851462906851471
13830 348104963920838003712
13831 348346056045934137464
13832 348425571809319039000
13833 348521586173031696399
13834 348548123684598995304
13835 348553215012407867261
13836 348762097129331681649
13837 349093131052053945375
13838 349182355146748770339
13839 349514823962646401976
13840 349529460907553377416
13841 349747283284352031897
13842 349798563995727794688
13843 349891052459185487061
13844 350005898467071816697
13845 350103864432775072256
13846 350109264416891425875
13847 350119732212969174792
13848 350263368211460977000
13849 350490617925770219625
13850 350577448253776107000
13851 350688346961727894301
13852 350701395302538495936
13853 350854526963682432054
13854 350977310772059953683
13855 351023713584747548625
13856 351116639352723697551
13857 351356098900518712728
13858 351371869518985646688
13859 351508209583744971576
13860 351722283441578830144
13861 351880092421956044847
13862 352122276292681386375
13863 352256632187268741751
13864 352280746329077389824
13865 352436173038842552000
13866 352684850277637882368
13867 352826829352507975192
13868 352869915243512780568
13869 352892413951881064443
13870 352894929834840690752
13871 353116080565554450879
13872 353156608423022614875
13873 353221143270761755864
13874 353440562251353327387
13875 353538916206213450375
13876 353570611197853413000
13877 353837736494663981931
13878 353900743186175025237
13879 353977087713956035875
13880 354001327967932787779
13881 354013315666106709375
13882 354317736527723560536
13883 354402992164226977881
13884 354447196665140307456
13885 354579213597345277632
13886 354737745319418215209
13887 354862159933060430469
13888 354963901757970616839
13889 355244227054286106537
13890 355308660844765056009
13891 355373250694461850816
13892 355463227001826257993
13893 355579832677942588625
13894 355731389339284190043
13895 355825664080662275136
13896 355909976275373664768
13897 355921514923210787971
13898 356038517111013009000
13899 356140303940536899875
13900 356162814112634919000
13901 356326874261408866816
13902 356409842648384273112
13903 356503489796235799656
13904 356677813664298040824
13905 356687115346366511616
13906 356788716451017669000
13907 356970637139350688272
13908 356976843375456330984
13909 357079264997965555409
13910 357130783215243409671
13911 357207107739642713637
13912 357272323886072492891
13913 357387298867678186952
13914 357494913500913981000
13915 357699566348787040768
13916 357802677549962660213
13917 357928722429742795968
13918 357948919563610578112
13919 358203803192834767272
13920 358359900816699859896
13921 358369069616220156416
13922 358450122233615937336
13923 358526979573096696768
13924 358583306615243715096
13925 358815676441028742936
13926 358861092095235783573
13927 359108498600716108608
13928 359134022165871708035
13929 359142645707189606808
13930 359154305137289384632
13931 359196898559355876672
13932 359298349567755199875
13933 359432811498211294688
13934 359515530289001558745
13935 359630273002777554176
13936 359653602077170856000
13937 359732531487173146029
13938 359916211281604681944
13939 360060492453366932864
13940 360104360964642567000
13941 360145211133222022625
13942 360256040090516024000
13943 360265568605003346103
13944 360350276370647797143
13945 360353565342726330375
13946 360365370333987277656
13947 360435165265224154287
13948 360683444976107867432
13949 360737444551616761473
13950 360857688961382210871
13951 360858126673758259000
13952 360932107894014702691
13953 361522362768267556161
13954 361536570365359910976
13955 361706590870618005441
13956 361899193779540872000
13957 362139312422017913536
13958 362226197174278004568
13959 362478788926775074944
13960 362614814932887591471
13961 362636583686040920256
13962 362778733612994517000
13963 362832413561982348488
13964 363187648959035793984
13965 363192139159871269248
13966 363280010605033853177
13967 363281563248954415065
13968 363410178951229786432
13969 363605110406566652295
13970 363614281314444328896
13971 364004972655894906147
13972 364218309135393266232
13973 364279022969007778632
13974 364321068294648007296
13975 364765883607363076111
13976 364918576072520155257
13977 365137412901802579584
13978 365236983701019670968
13979 365484311152241608873
13980 365545082027065946103
13981 365570756557722700712
13982 365667560090593750431
13983 365857780528396068003
13984 365935756660152371000
13985 366242322042436714875
13986 366246932707015682049
13987 366256334508161300632
13988 366295720902627647439
13989 366317708134966104888
13990 366624894357933614208
13991 366876820798919441829
13992 367000792268441168600
13993 367121201165791437456
13994 367413253800776512875
13995 367445136497302070272
13996 367597709126862456879
13997 367614981814572902375
13998 367655253977355946875
13999 367679359628826438375
14000 367976303579366213193
14001 368074337638568833125
14002 368074972534151950704
14003 368261324083223602759
14004 368338175779567776237
14005 368356625336424622833
14006 368615979159774569587
14007 368708897749305012328
14008 369056056336301880000
14009 369082595210780530296
14010 369229651854518780299
14011 369292834456272614160
14012 369318583759326194448
14013 369375343184933688512
14014 369437383180809125000
14015 369474261110777610125
14016 369546421396510756944
14017 369835835980293051633
14018 369881291237922160704
14019 369966792798696982168
14020 370067778354550017105
14021 370234568011037596776
14022 370260141351907360203
14023 370383561319434481000
14024 370863036304644822624
14025 370947164415877224000
14026 371003311644120613549
14027 371045212025437769400
14028 371089161033235513596
14029 371107738896694137000
14030 371139501299308560819
14031 371227827000753562112
14032 371291270136050544336
14033 371424340927643499496
14034 371470189486913272782
14035 371699328480976222272
14036 371912042642181547968
14037 371956824032693884523
14038 372171441441077485480
14039 372362694454145386693
14040 372375055029091952691
14041 372395581508213579680
14042 372614001298744212000
14043 372643066197180193051
14044 372644298518987836017
14045 372814617896687015595
14046 372904699097892924872
14047 372915780529195205568
14048 372982900060980790282
14049 373143398959019169936
14050 373499067570364327501
14051 373577642845762924107
14052 373766541909718638375
14053 374084500861076616000
14054 374230760918978186496
14055 374232558436584390144
14056 374322845577248672832
14057 374530994952761208744
14058 374609658342114500032
14059 374638927487451472125
14060 374642478552350025017
14061 374715163988211904048
14062 375024203689370161472
14063 375043339849726830464
14064 375070839112642151808
14065 375100010718481664369
14066 375117739977418995375
14067 375129520200067382568
14068 375240496536840153375
14069 375288240658446073296
14070 375396031126294986752
14071 375464933532381815577
14072 375477715897703161344
14073 375654681410252775167
14074 375722278450024102289
14075 375727224329445033864
14076 375809256680191603659
14077 375826453103191036375
14078 375925789112208916581
14079 375977045281328859375
14080 376007580375121158408
14081 376278438946054491125
14082 376639707552646966848
14083 376730555353358409216
14084 376823627214114507336
14085 376852044187276198632
14086 377098680154343530383
14087 377685654142035456000
14088 377739986015291087097
14089 378044419450538661912
14090 378150841147871945664
14091 378212805925403692581
14092 378222651463894848000
14093 378401771892934329696
14094 378619568652376118151
14095 378783941746644186688
14096 378860806165129827831
14097 378966783175445157056
14098 379072736866433242269
14099 379076368350191644125
14100 379262622998602756231
14101 379357440853148907912
14102 379524727736734192704
14103 379602089881129352384
14104 379674962398797444288
14105 379764912125935381626
14106 379911470313380755113
14107 379924076761215547743
14108 380177891402944635000
14109 380278933447322637000
14110 380313908262629332173
14111 380577136788187184664
14112 380632257352932105339
14113 380643085936503930176
14114 380860456405044172375
14115 380946925505349665189
14116 381511021262564977875
14117 381532111634584415232
14118 381539963492188549048
14119 381559883274125144064
14120 381598519491961454592
14121 381824105698674176139
14122 382063023008312038848
14123 382194861840058706432
14124 382223667933797113125
14125 382324486358394125000
14126 382696567463338856000
14127 382803344825224177836
14128 382815182757550213125
14129 382831332847650441027
14130 382915729552520770424
14131 383211968288806771569
14132 383313900563949062097
14133 383322028861530577000
14134 383685413945050927080
14135 383801627212006145688
14136 383874983134603723000
14137 384015836299178937672
14138 384029478989182608192
14139 384231200927322810880
14140 384270771266784071488
14141 384273102394585789875
14142 384321306026492678935
14143 384446482418105505944
14144 384492503448761671656
14145 384535704051389227707
14146 384538495719967415281
14147 384559576830072116109
14148 384777273062476765683
14149 384990298669057753224
14150 385002533007915451272
14151 385035469382861490375
14152 385269328348085215125
14153 385371488841337266625
14154 385586365570166128797
14155 385744976664901254072
14156 385774418023235990875
14157 385975365635748145257
14158 386070519428808466616
14159 386071441201062010368
14160 386209865233910907000
14161 386609402591207432000
14162 386656353450586418472
14163 386720681632890918768
14164 386765789383506850317
14165 387288817594805497176
14166 387314064867461861376
14167 387532733218460336871
14168 387795153557481901056
14169 387949686816877115112
14170 388120913572884809408
14171 388134467858391547293
14172 388240571665266884928
14173 388290868643103323625
14174 388773016034412953125
14175 388830469879064199168
14176 389132206592909927112
14177 389169049255004636072
14178 389190900728946589208
14179 389211442838713404000
14180 389322971056022913000
14181 389387122544239163569
14182 389475343225749816000
14183 389543080561760152216
14184 389618397752758684965
14185 389696385935758025943
14186 389821640502555133327
14187 390053445817949433576
14188 390122699967015664103
14189 390194496214705590408
14190 390341593041757999551
14191 390599631938129283432
14192 390625438485286348344
14193 390716739694949022208
14194 390763248017452926336
14195 390917421968839149349
14196 391164167392983871488
14197 391362387020241019208
14198 392297358662355148119
14199 392351833429677541819
14200 392549376329397532609
14201 392631097567893010407
14202 392706583557315711327
14203 392879055512572744472
14204 392955737210182987533
14205 393056670779803000000
14206 393160298450481898992
14207 393192115717232195000
14208 393232796240725647297
14209 393291504551166521608
14210 393547101167584826973
14211 393629839904216217016
14212 393880187794760673552
14213 394024216783543252480
14214 394221788961092146152
14215 394388290063758554928
14216 394478664599830242250
14217 394561944618554888000
14218 394640798086033259544
14219 394646698553648903208
14220 394702782720883575211
14221 394759315634241614336
14222 394771676741622093375
14223 394834653573240576969
14224 394850298728957420657
14225 394953427393814016000
14226 395094595539584436678
14227 395154506136206692395
14228 395435252403175060440
14229 395490730996286399376
14230 396048708462064756625
14231 396105688261330124168
14232 396196919578699984017
14233 396382259469585779208
14234 396482706765622330776
14235 396640244730848768000
14236 396738310034600633043
14237 396738972371590377984
14238 396767600593409066625
14239 396971152023030020800
14240 397027157183774347328
14241 397279214246470413312
14242 397376834144986297000
14243 397619848658565477000
14244 397622685408030190017
14245 397641420757969432408
14246 397646157885415448373
14247 397763678060217324891
14248 397949933125404924264
14249 397950252935811154488
14250 398108802771152006625
14251 398229898753718510696
14252 398366440219049778784
14253 398385237073127962112
14254 398394540838264247856
14255 398399160740882835609
14256 398773214710527979621
14257 398777230635939844416
14258 398840793462676178649
14259 398878483735989385128
14260 399028714576862418559
14261 399422505163470909848
14262 399474372984030904833
14263 399573434605430883672
14264 399630005696557759032
14265 399852569244922811199
14266 399880738001478569472
14267 399947832859666968000
14268 400318492776418569024
14269 400368542735683101573
14270 400371768640390920704
14271 400566813022462652874
14272 400576983379035364837
14273 400620550559845423500
14274 400715461714439898936
14275 400775875936316645184
14276 400841694110773149696
14277 401117605492982952392
14278 401179856519025317376
14279 401387277244495594113
14280 401577218257824366219
14281 401661042337641122127
14282 401768656412203159723
14283 401778403232789511656
14284 402013909782300417875
14285 402188003481109966848
14286 402626394744835082913
14287 402644614456322711144
14288 402716585698529067000
14289 402763942072186465463
14290 402938313501917497752
14291 403153158574355635719
14292 403253993921053184000
14293 403496960172700880096
14294 403528701178840019328
14295 403621047904144881483
14296 403886863594372256000
14297 403984774682699831803
14298 404071707245402746368
14299 404415236606558278500
14300 404438219627424885000
14301 404667532766763000000
14302 404807706538772901624
14303 405244182369123084267
14304 405450794798083841625
14305 405666161705639016000
14306 405819932756199101784
14307 405849765957790038976
14308 405868094174549411496
14309 405882260136999710720
14310 406026867789768214171
14311 406044524343383066232
14312 406076384643683697216
14313 406092324988637249625
14314 406173309919456275567
14315 406187928201173531608
14316 406665767306124721304
14317 406792170614235475251
14318 406878051681174417344
14319 406910177552664991296
14320 406986379948260109368
14321 407065483560185226504
14322 407180833712729742393
14323 407339847393786105344
14324 407644998625657800000
14325 407667733713218402424
14326 407919402531916821000
14327 408047595658354842463
14328 408252676443026550499
14329 408273926980372045992
14330 408599888461066882125
14331 408652354749436303688
14332 408959302551330384063
14333 408995557286113101213
14334 409079145368588306066
14335 409263135943351717125
14336 409460039321546777408
14337 409536679627514950875
14338 409571420686785041048
14339 409635201305118297600
14340 409719234461346095104
14341 409768410151054144008
14342 409792040315523867456
14343 409802390796069901000
14344 409841796204799810488
14345 410046636305769136128
14346 410180152754440790848
14347 410230075355868944169
14348 410442751284082439832
14349 410974490321283262976
14350 410992520711167782296
14351 411127159408990526376
14352 411259822506767803625
14353 411271099288396461504
14354 411490924948045269125
14355 411576338316209070375
14356 411588612053649082143
14357 411860078206872952328
14358 411869001439397797057
14359 412190998452480776256
14360 412282366732099122112
14361 412539313520994118641
14362 412569093187492171560
14363 412571279758656976776
14364 412575061933930581504
14365 412652911938463339416
14366 413113585661146202112
14367 413196525066940124328
14368 413326151159008941000
14369 413445249852666156216
14370 413479464747139072000
14371 413583098551137216000
14372 413684460261679029696
14373 414597689932946593528
14374 414787200211254798144
14375 414795165592053851640
14376 414806463949385313000
14377 414831416812130289608
14378 415095583222384371027
14379 415504449231060773376
14380 415614689444627601201
14381 415652922173309929920
14382 415987198252492845888
14383 416146953826550923776
14384 416533661523617215032
14385 416742151407621601653
14386 416876435662263451336
14387 416911691883299431553
14388 416947151753770535317
14389 416998678590077571000
14390 417096717941099742875
14391 417150982755413911368
14392 417371589771949276191
14393 417412086200493781976
14394 417453756696009953712
14395 417593884320464067125
14396 417667243686003645336
14397 417757638786076286000
14398 417803389659645171875
14399 418018845206890307016
14400 418171457264155370496
14401 418338743192274686383
14402 418448395960028435008
14403 418574097031011111512
14404 418594664878888889664
14405 418604202688369875840
14406 418606793215671144448
14407 418755353218471190187
14408 418794024286437331707
14409 418841107802517608000
14410 418857286606329019176
14411 418908325216964002056
14412 418917971607589564416
14413 419111930271479549832
14414 419130836013339764496
14415 419132814763204353581
14416 419233113632833534125
14417 419450327277266259000
14418 419721902763155883072
14419 419870537158883984901
14420 419960979814196979648
14421 420001983505426037625
14422 420068210618711858112
14423 420609735445994710623
14424 420657763457814365483
14425 420693784073368659000
14426 420722307778028697747
14427 421051217205135177171
14428 421292794330864681407
14429 421303436281334248768
14430 421361070401787406625
14431 421433253074183850864
14432 421448632664919731144
14433 421657182263955593592
14434 421712846696447003880
14435 421843339451656059840
14436 421967980840227036488
14437 422057417697249607000
14438 422078731412249710071
14439 422098000024429302336
14440 422235676878654369816
14441 422325547751935560824
14442 422349351833930668875
14443 422497199700291313871
14444 422571751745311704384
14445 422715692122663993352
14446 422824268398508900352
14447 422883493490575286533
14448 422887067090773191872
14449 423015423229210705992
14450 423617163722062323741
14451 423647429141431665261
14452 423718088298422035384
14453 423788983043933269152
14454 423831984100226007040
14455 423988546834814406984
14456 424130477226904774872
14457 424415814990448154048
14458 424908508212639809533
14459 425107346767110280000
14460 425147003865771655104
14461 425352239109692137152
14462 425582349045695077824
14463 425605208476933581768
14464 425706661077228639927
14465 425833628472460511424
14466 426014663077666146393
14467 426110421627375817761
14468 426215912061233358792
14469 426294364182853402152
14470 426746240200570814047
14471 426848016273250947128
14472 427017492330023833875
14473 427036167668440931328
14474 427047592813602487272
14475 427107075238628051904
14476 427822486006512744000
14477 427857551682067759616
14478 428020758846384044544
14479 428084366326989392384
14480 428088841321228161984
14481 428178225810039493824
14482 428341062164276312415
14483 428412142827055280257
14484 428434044600009692979
14485 428705737641837030375
14486 428732042355424184832
14487 428761009189471663936
14488 428783554124089442496
14489 429135350441823632061
14490 429244272436438815363
14491 429441932251657773000
14492 429711330686332968000
14493 429764425289678062584
14494 429947028001551643128
14495 430939294839768412152
14496 431253813712889696256
14497 431400757369324165696
14498 431471150690755103955
14499 431802931363250890625
14500 432225466018279833744
14501 432256678836900221096
14502 432274727636647026166
14503 432373794209916273000
14504 432595119679172862867
14505 432702967110427719720
14506 433072095470174275479
14507 433191122073812858184
14508 433428520626417541680
14509 433862429288670498816
14510 433990095551664566616
14511 434089071029767608000
14512 434199494148298789176
14513 434613966226293672000
14514 434838553989679023912
14515 434931651807315258141
14516 434974083490833088419
14517 435016382710322325367
14518 435139219389102530904
14519 435175736988467577375
14520 435248826102709074827
14521 435466241489755294280
14522 435467898364727545856
14523 435489283980074140488
14524 435536548910797824000
14525 435596655893872892328
14526 435702263183888225096
14527 435997395899891854119
14528 436111162543094079853
14529 436158903743969096691
14530 436185457802547026112
14531 436213939203814078125
14532 436215729740698770408
14533 436327173893035203877
14534 436328946719031602880
14535 436456618698375956555
14536 436474788959984773824
14537 436506687630633436992
14538 436658534712375289496
14539 436663612405888875000
14540 436845951425151366336
14541 436865758980744614696
14542 436867010277192494272
14543 436972088700317813832
14544 437018493109655228625
14545 437036290012224000000
14546 437123477917002865176
14547 437219479442077500168
14548 437685816812273205696
14549 437728205114304193017
14550 437776048839499620831
14551 438187882162308282368
14552 438225667493085434088
14553 438590227396772342528
14554 438659483780681386496
14555 438666806814911608752
14556 438723396878772056779
14557 438890717405919811032
14558 439131459932034877952
14559 439178890802639020488
14560 439254734986715121656
14561 439254841166034264000
14562 439262959369077153856
14563 439315277977623288024
14564 439329030944573952000
14565 439336745499069372500
14566 439855351590203711533
14567 439988623131377500992
14568 440230380877094978989
14569 440600441409896218624
14570 440662530110007435776
14571 440976828736263632904
14572 441010475302430889856
14573 441330930705933848125
14574 441529103186264011464
14575 441688983972013275624
14576 441765575811588024360
14577 441921627444309915448
14578 441923434088995363752
14579 441976101300338427305
14580 442024553325456797696
14581 442130684193886051000
14582 442143684929740562496
14583 442482032958987403655
14584 442499331613855380417
14585 442542786571036836783
14586 442620443759419658936
14587 442733119974244204875
14588 442942138696176318528
14589 443041828573754056248
14590 443380723492308957693
14591 443449823181973623288
14592 443611404888047093672
14593 443616577441254688653
14594 443683503553447984437
14595 443744898457119488649
14596 443875127441014951227
14597 443934386333045352927
14598 444384510829944806079
14599 444528028180355392000
14600 444549789425741021568
14601 444659475690212013504
14602 444826742846299284744
14603 444844390081710528000
14604 444852594018892639125
14605 445088546988793344000
14606 445238097062969187000
14607 445272025216710135808
14608 445319782861222702125
14609 445595847682391204552
14610 445740813918543249288
14611 445846033790586257283
14612 446411083049151301557
14613 446542767240797021184
14614 446802790655971241037
14615 447079390623770688000
14616 447258723930284367744
14617 447522352829262705176
14618 447761242857338500363
14619 447835182431055237000
14620 447845656570611492375
14621 449025458984044660809
14622 449470139003305798833
14623 449496323828383621896
14624 449633887512851853000
14625 449794210305489382368
14626 449897826610639251000
14627 449950345798565068821
14628 449997670391368782501
14629 450250149808390992957
14630 450281988872935816896
14631 450295940795520830976
14632 450362171066114080072
14633 450397350713297222144
14634 450508012288854048837
14635 450649929752181148591
14636 450674968610525759408
14637 450690983299126975041
14638 450698769178993755693
14639 450729150839152888248
14640 450811054817463098304
14641 450945346557111004963
14642 451030717878134429763
14643 451088650152306830881
14644 451117959023938533327
14645 451126180257822911296
14646 451255386304968202431
14647 451579839250372867125
14648 451668248675056865088
14649 451683465844096309248
14650 451748839399267658248
14651 451960367266803624768
14652 451983878293715744256
14653 452298173984471531717
14654 452436013941692625000
14655 452614250497538854872
14656 452963129515934206464
14657 453335489400954147624
14658 453681009326081025125
14659 453767500883950813000
14660 453973343986678891375
14661 454344266422226142144
14662 455074848582977695744
14663 455169923334486378557
14664 455220573986957507911
14665 455285897089869886885
14666 455653314572685814179
14667 455925603526855811496
14668 455949691472676668085
14669 456285955052421703125
14670 456513858703305482625
14671 456562036060905477096
14672 456694347297525528744
14673 456768349471966946743
14674 456795620597482803000
14675 457085659947138063352
14676 457102331815885180416
14677 457281375280750680751
14678 457371343639991884311
14679 457630618752997801111
14680 457703098428058338375
14681 457722724706993269125
14682 457743457879441228621
14683 457918005223636509545
14684 457982817594057968121
14685 458361023611885351424
14686 458518556125894969341
14687 458582624574711989625
14688 458725065148812852936
14689 458938548575619846552
14690 458973838403925802867
14691 459224939184913080235
14692 459282969374935399902
14693 459362499806045586240
14694 459405163192119495624
14695 459413192643128865297
14696 459519787552628108943
14697 459644531688032138000
14698 459940817181664791847
14699 460600174368521952921
14700 460610410027607887859
14701 460746145396166837571
14702 460946417894164186929
14703 461359266089305545864
14704 461391729752945218500
14705 461645025224075100037
14706 461915018271085452255
14707 462266629656824349000
14708 462277702102900858776
14709 462307694065938413784
14710 462309224639392596375
14711 462310209055088066673
14712 462345177541905567000
14713 462491447548502528000
14714 462511976624035785603
14715 462820933820884081625
14716 463402764070322055616
14717 463415075510577025024
14718 463430896306487143272
14719 463891068873760298680
14720 463969093960241048088
14721 464041454113727662536
14722 464049515372560133904
14723 464066535287566511235
14724 464379640047236545632
14725 464454931096882566421
14726 464506130388080761344
14727 464593625381245527125
14728 464680236687102072000
14729 465136626790368449163
14730 465162179926127058297
14731 465174796347577564703
14732 465239533525631842761
14733 465289161391484591616
14734 465393414099329725464
14735 465461738450384709439
14736 465512199033058906176
14737 465591199839354106875
14738 465690304829950933824
14739 465844824314088571352
14740 466175076402309785784
14741 466339359875468150799
14742 466660196288913753847
14743 466962997487391772129
14744 467136888071226900625
14745 467167575168520572528
14746 467293513879952670456
14747 467700026527410072760
14748 467942992802574165513
14749 467947448532364535000
14750 468970831600754726187
14751 469005920287504599727
14752 469170492248557008000
14753 469209635974622088000
14754 469389672725439041856
14755 469946957017726881000
14756 470066344385704290224
14757 470082712440586400064
14758 470211585049404563456
14759 470378032704917850240
14760 470406552272321289625
14761 470546427835077673625
14762 470749044624723144000
14763 470803565148403020625
14764 470868482110336475256
14765 470869953924166655040
14766 471241920746043331192
14767 471286690578892753000
14768 471374083799690186024
14769 471535635086675092297
14770 472087128353581048707
14771 472529455089689088000
14772 472560277726548063351
14773 472788977448433248792
14774 472980237910176342528
14775 473013665350058182257
14776 473143790191485651264
14777 473192806888419326163
14778 473335433537908062303
14779 473341781506033878984
14780 473362022895214912632
14781 473575601185160644359
14782 473624614687912351335
14783 473739215446970449704
14784 474001044943270900328
14785 474101908669344501000
14786 474313389548747046480
14787 474604312081362840000
14788 474901239691682331192
14789 475182678353930595783
14790 475284735533834970688
14791 475469825682698847000
14792 475478840010517623000
14793 475608355026652897201
14794 475689265569045190656
14795 475761461387501702952
14796 476006399983345643776
14797 476047223049189168559
14798 476146050611906996811
14799 476284375791830220615
14800 476930260980478408896
14801 476974600937814961800
14802 477037822293573771061
14803 477419411640703527424
14804 477468663286635696312
14805 477575582677795234360
14806 477615022184909926863
14807 477640591542002738304
14808 477819922489825501999
14809 478045948321442971197
14810 478652787293281316352
14811 478782225547539915456
14812 478942056789535479833
14813 479083067817467841000
14814 479162826912312924381
14815 479571174324066864312
14816 479593445031667459584
14817 479612930010968282256
14818 479635996911277661000
14819 479782105817338233000
14820 479805548502883768200
14821 480095562968624777544
14822 480181446779980988224
14823 480268707490970748441
14824 480602540819877343875
14825 480620629390375257875
14826 480932997147073136232
14827 480966151478466796597
14828 481028063829134879232
14829 481219898970842087499
14830 481257167754051390897
14831 481499598247391744000
14832 481644631919861980479
14833 481851703798420715487
14834 481852391877740784320
14835 482023839490215940008
14836 482505293425171434903
14837 482871891407835259115
14838 483030174158288406000
14839 483300576161514925632
14840 483400135425053174517
14841 483542964470990983104
14842 483568175278634838119
14843 483893381493705672125
14844 483979805204045424057
14845 484132740706229706000
14846 484169402861767245896
14847 484237932716249485137
14848 484497653288260050432
14849 484788447060916928832
14850 484817139863737992584
14851 484819805067699910536
14852 484899086228106152512
14853 484975964590621276248
14854 485003771151900185016
14855 485018683696662368517
14856 485281730379970412280
14857 485321789671685733312
14858 485355253455392389875
14859 485436057084781949699
14860 485485515841328363088
14861 485486373438735563349
14862 485512933329802150920
14863 486311773494560832000
14864 486542930873229978328
14865 486553551472022915573
14866 486916594703354015928
14867 486983849990784931512
14868 487119902351269321953
14869 487181588613585098688
14870 487182539177079170607
14871 487235583542177241408
14872 487279671184807752888
14873 487692618820904849625
14874 487849145439829695552
14875 488404338937240660480
14876 488927862170553953728
14877 489074177971546771968
14878 489251463860558676375
14879 489293369428148766208
14880 489320971676325552771
14881 489364400172761568000
14882 489649944020408903368
14883 489867105544964854336
14884 490226864920413086375
14885 490524277167035327125
14886 490596227046013536000
14887 490620660861161804120
14888 490638411770143147875
14889 490725044936326724608
14890 490767571229616547776
14891 490781841176079024208
14892 490822862870346552000
14893 491301310164385686336
14894 491427980625536343081
14895 491470018416271645632
14896 491674056165159254569
14897 491912488842207013000
14898 492452633700640319616
14899 492663576520775276344
14900 492698541544944210567
14901 492817554887105448000
14902 492876851158108053000
14903 492978022634645656453
14904 493243896702643238152
14905 493288786005174835767
14906 493530317425706254272
14907 493602143173777157247
14908 493646901922278831168
14909 493736147876491359112
14910 493881293206674796544
14911 494029070445612271752
14912 494142325532008853427
14913 494193484578679409160
14914 494251111415516296751
14915 494682150390430976064
14916 494840238174870090328
14917 494861832366693062472
14918 494913370391768750877
14919 494956753151126910273
14920 494981976086875914875
14921 495297987881699790144
14922 495358413548848759000
14923 495367673339515110498
14924 495532928705396557248
14925 495595316761216210539
14926 495632032566144832000
14927 495753659619498948024
14928 495821343570372288000
14929 495821858110676388648
14930 496125396494908237304
14931 496172908967883658875
14932 496190794717625879781
14933 496525826416446963864
14934 496531552735467648000
14935 496553383974982564503
14936 496615671089340161625
14937 496757049682239230976
14938 496907910008744472000
14939 497401706825362978856
14940 497468922073077794112
14941 497559149602426410317
14942 497771573290078875912
14943 497840896144168911000
14944 497879874088282568512
14945 497884428134463425536
14946 497902955778964008000
14947 498069811601230719032
14948 498219418057789837080
14949 498289669020683950536
14950 498318920991440011008
14951 498369760325994618432
14952 498570935737380238376
14953 498607845827810853888
14954 498653578012513798485
14955 498726295430345479224
14956 498753826249468608000
14957 498863139218322255000
14958 498953464769818737000
14959 498976359831637695000
14960 499001902810538805288
14961 499148580464033115483
14962 499211349554365816832
14963 499219736827814526375
14964 499322062384902292536
14965 499355238979808210944
14966 499502325237414714397
14967 499576893161676246189
14968 499603468875281634968
14969 499619035062852681249
14970 499896606631502899000
14971 500262106883684929875
14972 500303562526541384000
14973 500548819906070208000
14974 500698654403117625000
14975 500751830824885150056
14976 500785389956523368151
14977 500843250306149373441
14978 500850499804860786399
14979 500904256800802374576
14980 501256096329296093184
14981 501481654426258847397
14982 501494439281604016625
14983 501656808710414853496
14984 501724381940354664000
14985 501749449664290778503
14986 502035283412937217125
14987 502037579365823807488
14988 502207795178689564224
14989 502730332754072228416
14990 502755195429868501503
14991 502814919050776151118
14992 502889780519392135779
14993 502941260331582356375
14994 503015621931332052543
14995 503088466352300829000
14996 503206070451992872146
14997 503226438475730671000
14998 503273193979061017512
14999 503476920037162411704
15000 504023061037750889733
15001 504351340204026606291
15002 504485002909614396033
15003 504530703318485332125
15004 504552241392810875082
15005 504689447785509439488
15006 504791187807667185152
15007 505067410645349797791
15008 505191938159959340472
15009 505229717514780254997
15010 505409128012042123779
15011 505492738705828312712
15012 505634156972694264977
15013 505803068495184246696
15014 505946390135780699541
15015 505955042096986027000
15016 505966069224182816424
15017 505998811708835410728
15018 506101690276232022063
15019 506264029010340381144
15020 506469698703839916864
15021 506583732058965109584
15022 506856000304182288032
15023 506857849050977714934
15024 506979922921415843328
15025 506984341755199968296
15026 507171949238769592960
15027 507232112358990805696
15028 507277272244020451264
15029 507334559193775667907
15030 507905538685646187528
15031 507960091651894722603
15032 508022523632846889576
15033 508068431344352817477
15034 508153302991997365248
15035 508182678431729119000
15036 508199455270520789256
15037 508483611753033609000
15038 508503139853660006328
15039 508565889191077896464
15040 509241032545658468363
15041 509315214750930374904
15042 509458325096939484672
15043 509483053090116886671
15044 509504068875668637303
15045 509601197759384676500
15046 509689885347639360000
15047 509723021670250122189
15048 509789557097350350912
15049 509883786569921000328
15050 509894760957319927000
15051 510183936169733007000
15052 510335207548234973632
15053 510352733617373469375
15054 510374635392135906639
15055 510445632200796046125
15056 510497958989335209039
15057 510558872117586351003
15058 510624124190259376024
15059 510659842754199796840
15060 510979982789535425703
15061 511341928974114061824
15062 511367020729631315424
15063 511368347834729388523
15064 511570155930932534401
15065 511730419989341007000
15066 511753705492446829503
15067 511965816490774591848
15068 512014590416406144249
15069 512113783371078969171
15070 512282224968637249152
15071 512283049354562322375
15072 512422434435643441353
15073 512633491639655637888
15074 512690836131258527232
15075 512736813801471668032
15076 512861845736843678088
15077 512991476518175875584
15078 513021896489199553911
15079 513329461619451624000
15080 513508023489514638312
15081 514009905804714904767
15082 514076711739101678232
15083 514098976612278904379
15084 514099452061523194048
15085 514234633047007144328
15086 514284457615271401023
15087 514435588552026935703
15088 514520566523979036966
15089 514748570750042481216
15090 514768399586013089088
15091 514797275784048685967
15092 514816487963403057432
15093 515106832314986919000
15094 515361194576856289909
15095 515610505424277594072
15096 516080682334428939000
15097 516234145559042456000
15098 516434412491312161301
15099 516468727171113216192
15100 516766037009120497053
15101 516944489036167511963
15102 517129841558124703125
15103 517139413038766405125
15104 517366540936906210368
15105 517459008115010150280
15106 517515393640666547672
15107 517639268101843629000
15108 517736175445036590217
15109 518100449038762330449
15110 518120938167825873160
15111 518195383256363643523
15112 518197103641238021000
15113 518880375418461549129
15114 518981150425980865077
15115 519016690106195464008
15116 519105985859803831704
15117 519153464518177761496
15118 519196737478988153592
15119 519207759350469397000
15120 519826229760847582125
15121 520025319791234455653
15122 520183838796742984500
15123 520366430178891686215
15124 520455182538990081285
15125 520539672539481102144
15126 520539969898651456000
15127 520599712672563928768
15128 520797225181703698872
15129 520842022260004487168
15130 521205924992055843547
15131 521434551570642073000
15132 521620687456071021000
15133 521837545687363047051
15134 521907779130787591848
15135 522290061566013458816
15136 522327584146949812693
15137 522519354495488579823
15138 522621249472160517861
15139 523072317417505718408
15140 524297963706463314368
15141 524350589867950291264
15142 524708181303783896601
15143 524801513265616448000
15144 524889851956839125568
15145 525057650900062371000
15146 525275929911059236000
15147 525333889051949250000
15148 525523522919170269312
15149 525568527412803039555
15150 525844864000166966199
15151 525899659622184646461
15152 526089280869329700224
15153 526131362261607403448
15154 526416443120877413013
15155 526637569231477647909
15156 526694339840801642783
15157 526964648957535804561
15158 527001699719444654952
15159 527246970760106690184
15160 527343069150985659264
15161 527929158736097137656
15162 528174118413173729448
15163 528180540193386627904
15164 528298133007954352617
15165 528415559642667353832
15166 528416563896394875000
15167 528496959754151524864
15168 528631748811639982656
15169 528785893780226993547
15170 528802663320333283392
15171 529267672220224882392
15172 529330050761011341679
15173 529750678005034537464
15174 529833997674781100119
15175 529869191124441168000
15176 530289770006201959000
15177 530419610983873456125
15178 530488568146472785304
15179 530609450777867006000
15180 530933854049324266392
15181 531175721456130471000
15182 531587830500360235000
15183 531796109091054385032
15184 532393167483877261149
15185 532500659508036484872
15186 532669651864102790037
15187 532797363654419151288
15188 533005872014556751895
15189 533189268286507903681
15190 533299460855988456000
15191 533336635363592876032
15192 533338635994758467776
15193 533585202836480428608
15194 533806948909590580224
15195 533956167111274155801
15196 533978738257920096960
15197 533982125498597737416
15198 534161673641493724365
15199 534274973978340931336
15200 534349137183179788288
15201 534485624683662673875
15202 534500667290585405312
15203 534524619358984613688
15204 534822154560623112192
15205 535451069510249256000
15206 535471484111483669568
15207 535559997929386333176
15208 535766147620271720991
15209 535833000951546320379
15210 536098517997910712000
15211 536266610941892695137
15212 536275136751895268000
15213 536281207934044765933
15214 536374336331579473000
15215 536452519486998941064
15216 536621229909317693448
15217 536636919667952436849
15218 537015863553796328904
15219 537190848680215800672
15220 537560030271868047360
15221 537634113134945351616
15222 537662265587280332408
15223 537864628702423499750
15224 538093022499002613760
15225 538099068120604779789
15226 538169406698643858656
15227 538170283130052899053
15228 538281442720599538681
15229 538295045661320527125
15230 538705517443754176000
15231 538932931966373156856
15232 539295599833166961603
15233 539595275637355948647
15234 539645495753808115776
15235 539980851611504203875
15236 540119935556569368000
15237 541023121813507893504
15238 541245129719236868016
15239 541248341594214584512
15240 541274061268771032384
15241 541299065116465793375
15242 542443181453000466912
15243 542582761946750343000
15244 542603794579315469000
15245 542633514308548060392
15246 542768171171168892248
15247 542866263064877364704
15248 542945207301069485367
15249 543298176846339195008
15250 543451865917605993621
15251 543479687569217677824
15252 543616905797502585048
15253 543819349439974404875
15254 543962375902968795136
15255 544143441215808094472
15256 544490321714383794659
15257 544526002657877568328
15258 544575178010472219000
15259 545069565285291222939
15260 545124563445920428971
15261 545234140764630755928
15262 545295556505133889000
15263 545311728559356794000
15264 545323801226021008093
15265 545697825244046512128
15266 545761778464286147016
15267 545986990300586759505
15268 546093596570493699000
15269 546106166662462700112
15270 546269810402713872384
15271 546337151627922894519
15272 546418247410638603000
15273 546460857156138214589
15274 546502342684837377384
15275 546592456528843032000
15276 546793066913256847873
15277 546808562591315430744
15278 547118720299766671875
15279 547250011754802040152
15280 547379556156974587501
15281 547528548585975054336
15282 547635795659099696241
15283 547841995020395712000
15284 547911037153818906624
15285 548277426002562048000
15286 548283005783590764024
15287 548444219782849079816
15288 548655152055995093256
15289 548810760592271214072
15290 548823526881495715304
15291 548844211877999078125
15292 549694391885698143266
15293 549704014777930121144
15294 550144097468266019264
15295 550182323948439342888
15296 550213822694636545536
15297 550258052161606021107
15298 550278030111634685952
15299 550302780585955696264
15300 550473012735390405999
15301 551054930848845616152
15302 551167818426090964224
15303 551579701205716808625
15304 551599050967844958568
15305 551788338377170997928
15306 551793085945993627407
15307 551806366205882918592
15308 551806760334195317952
15309 552217135657664752723
15310 552296762119348462125
15311 552402088517604897936
15312 552478772366097325021
15313 552485090368373423625
15314 552621162061941100856
15315 552775109254137411759
15316 552931693993242438147
15317 553016118949837609472
15318 553122408401533230750
15319 553228092774413462016
15320 553244715964355749416
15321 553251382043390895375
15322 553680602278179767937
15323 553814922255625039464
15324 554200019406743510528
15325 554222688736932901000
15326 554334841756833725952
15327 554574520076868420409
15328 554659258579648176123
15329 554759665934506578000
15330 554885370487245500416
15331 554923140649731008181
15332 555540750689246312328
15333 555651712589139758592
15334 555927603440446980288
15335 556598642169521258216
15336 556926931817256459375
15337 557015264588010704896
15338 557157787681907231001
15339 557276825953323153811
15340 557315155499988161997
15341 557811703686095641503
15342 557929300486868234568
15343 558024752842065637875
15344 558084745690139534139
15345 558136648009798671177
15346 558490628476144000000
15347 558816883584005627847
15348 558984093114649603401
15349 559050488590497813000
15350 559262479240439405613
15351 559393421363284625000
15352 559565974321493048000
15353 559729494314454016000
15354 560002609454741699337
15355 560007051035314337000
15356 560036347302923615943
15357 560251749548225518784
15358 560264223404085802875
15359 560334088491567038389
15360 560444368041907969032
15361 560631326984436309056
15362 560931737057292555864
15363 560958031210664263176
15364 561070188562029119064
15365 561137688211398377625
15366 561304730421356366016
15367 561575987104955080167
15368 561763766294183214216
15369 562262066767939284117
15370 562793053962554880192
15371 563119464622873886000
15372 563154696411467977728
15373 563261885404557151176
15374 563398101142496825472
15375 563806482025037692392
15376 563922370055532715136
15377 564014708806161178566
15378 564039023619107532951
15379 564054643964541131883
15380 564152020114306707928
15381 564202781877044209536
15382 564307956339696334376
15383 564434718375482764992
15384 564467305952953567808
15385 564604171248079877824
15386 564665986125515475929
15387 564986049808190445981
15388 565045516557694911375
15389 565110485201078415144
15390 565123911794894652480
15391 565140664294851101184
15392 565267894087503569408
15393 565362711612450297000
15394 566102913100124648248
15395 566215197608479326264
15396 566240079564409827096
15397 566410204071045936576
15398 566639267921012200824
15399 566664727829906671875
15400 566784339709271778549
15401 567855121350626036928
15402 568210764502642868451
15403 568397549946615950008
15404 568534771092929518423
15405 568914030867184322112
15406 569009357960406793976
15407 569061011869837110000
15408 569382037298086391288
15409 569779999889200988608
15410 569885266811804942089
15411 570003325907869962171
15412 570044664219168992000
15413 570134408392021473000
15414 570189238670168732160
15415 570485903179308216984
15416 570500352629006783256
15417 570696873499011940352
15418 570780246856760919000
15419 570957002564541687549
15420 571271887650808507651
15421 572094154063436929344
15422 572295110049607770000
15423 572636856846677712696
15424 572830838014953313341
15425 573113009768598936000
15426 573170900110272263709
15427 573197119081573784616
15428 573228158712663694968
15429 573240143145242625416
15430 573240240310152994488
15431 573300214924551429672
15432 573497656504165679552
15433 573585279576600235112
15434 573858449433499478976
15435 574005378666501873000
15436 574139804177835034048
15437 574157203819427473544
15438 574207067624286625984
15439 574280044948013594112
15440 574513658719767373824
15441 574629619109919760296
15442 574877870209477093896
15443 575655510259895299507
15444 575750317132465465536
15445 576180897715938761064
15446 576408107017196959232
15447 576428934689447577920
15448 576879935613070228776
15449 577060967485271000375
15450 577079658314417696256
15451 577138869057678166512
15452 577318425958897714728
15453 577827729462091384835
15454 578044132524112947875
15455 578159073165432987576
15456 578305452535638755733
15457 578445619415705196552
15458 578609869481361090009
15459 578808655992691180875
15460 579640707230441705856
15461 579717179443748835125
15462 579993580335413097000
15463 580410378734873076000
15464 580488490669356635968
15465 580871511256731130107
15466 581064858178723774063
15467 581329423763707871889
15468 581734329152098193071
15469 581753363099445534816
15470 582103439149315277376
15471 582107775778492859539
15472 582274053456875462592
15473 582556405639344671232
15474 582569008809865802361
15475 582786228376477841625
15476 582821181281272975776
15477 582875197683600289104
15478 583126706641063709601
15479 583235545069887143616
15480 583309033098985864125
15481 583342170798432796875
15482 583416668363334203125
15483 583500267079023534912
15484 583744578682443755544
15485 584678374206576269256
15486 585133276937647374008
15487 585167674879583360208
15488 585453037356589304448
15489 585758530531734617941
15490 585824911679529296801
15491 585938065504110935616
15492 586031724609669605232
15493 586166836073366941029
15494 586735969493963115008
15495 586796754313597464000
15496 587117118945659950592
15497 587184050802957452397
15498 587408207893780658112
15499 587480598687572949177
15500 587870146599161411223
15501 587927143021400193375
15502 588113581615957103336
15503 588261807036605737152
15504 588298993134265830592
15505 588548142213581285307
15506 588555804363338105784
15507 588647692936123243848
15508 588708555807214913616
15509 588870915907686867000
15510 588937962552480115848
15511 588984772620004514000
15512 589150004186594054421
15513 589216833486292491144
15514 589272095489879786257
15515 589278474612868926249
15516 589399142930738074125
15517 589471458963740045784
15518 589517071724702618371
15519 589693236268360674177
15520 589875379953332106816
15521 589976369980265314557
15522 589995025946498342044
15523 590216875117774613352
15524 590406770923502091776
15525 590476055016339776375
15526 590810333150274537664
15527 590882441334667812792
15528 590973044636674325808
15529 591062420459568512000
15530 591430375052178270875
15531 591601201192516045888
15532 591613302360934081683
15533 591789921481736112744
15534 591930943831126867032
15535 591950754670170907648
15536 591952755224770520616
15537 592060491696241190357
15538 592172873344158849099
15539 592248985717937426424
15540 592331690263392722097
15541 592390054876629312576
15542 592554576145119064568
15543 592663650515784154125
15544 592848874046916979875
15545 593100824542265122902
15546 593149801472635470336
15547 593434841366591583625
15548 593471670610799804824
15549 593518642016250097000
15550 593545097750758936909
15551 593556600528860184216
15552 593626413327194108736
15553 593772814698719073327
15554 594623897194848192000
15555 594634426261404145344
15556 594662092024180544000
15557 594886661463558809592
15558 594928185491749004441
15559 594942262199995720149
15560 595263033314894829528
15561 595854293610558495961
15562 595941648727389144453
15563 596770930837610678331
15564 597214745363897205272
15565 597264438284943673608
15566 597338076796681058488
15567 597576704122112832000
15568 597768910208882135360
15569 597935506645550395504
15570 598220771168559665152
15571 598402024594623436096
15572 598485318362793696744
15573 598563035911504595736
15574 598719896838656467875
15575 599332991272801092125
15576 599424527487870052605
15577 599435410009023530397
15578 599557564635015302001
15579 599577948622349526375
15580 599645250465072889077
15581 599653688068597608000
15582 599722946513795344968
15583 599855691541110960375
15584 600536871235529978176
15585 600539395564747767375
15586 600619884489242666496
15587 600669273744977487687
15588 600748883752012120125
15589 601060412538429821432
15590 601142809709862265608
15591 601249142850744123288
15592 601289136693137407697
15593 601407840318071963904
15594 601467427878421832000
15595 601723803885575984424
15596 601813160918995647375
15597 602319193541171555967
15598 602904586230274019328
15599 602941943165233610744
15600 603549939240014300352
15601 603619800928348905792
15602 603719286420212562600
15603 603910104505030106875
15604 604237180620456085248
15605 604334818659218430933
15606 604355692430520014040
15607 604670845734917178048
15608 605444144037098786208
15609 605529973149394638375
15610 605536198570159463096
15611 605713801650209554113
15612 606340668723990998616
15613 606468043580861314125
15614 606636664265099832327
15615 606690857721842203401
15616 606944005487029935296
15617 607095266141518082019
15618 607217261242063991246
15619 607432620653041071168
15620 607519735721619576219
15621 607657570358727594888
15622 607788112856125179125
15623 607956945945721122240
15624 608139787406414606226
15625 608580972350559458432
15626 608754506044700799693
15627 608786434189802583000
15628 609072062792520044088
15629 609170783298712525072
15630 609406295154703458048
15631 609863391402533691507
15632 610083631816546548024
15633 610089507330381763776
15634 610366732376067503928
15635 610549132896762142824
15636 610972632903628359000
15637 611036736659735113728
15638 611248378188947625000
15639 611632719577506503448
15640 611690416684360406848
15641 611765475716768148405
15642 611874092694703215104
15643 611950948249084656128
15644 611998757658878001984
15645 612084873389645603304
15646 612255990139179925896
15647 612525983569784856000
15648 612674122347427856625
15649 612746797642826057848
15650 612872433880698392128
15651 613066269071749009517
15652 613158839981696001357
15653 613220305762094121000
15654 613320963510160892168
15655 613502208458053039125
15656 613667390250011863311
15657 613704253408705958625
15658 613897664849942956749
15659 613905793208524759033
15660 613953322872612077871
15661 614422369557149614272
15662 614487286543898093023
15663 614566627012558405269
15664 614664487721334173760
15665 614755700518578159781
15666 614893447834567127479
15667 615296635255400083713
15668 615592319607145681983
15669 615759484725399231000
15670 616002641190031531625
15671 616004315557225497000
15672 616084828239045090744
15673 616432725958231623168
15674 616529325765514889728
15675 616618847552560624233
15676 617750865071820785088
15677 617930814474426724875
15678 618013500364747685016
15679 618047368862695947000
15680 618254916686718875928
15681 618441766202935607751
15682 618677502884849523375
15683 618766229810962233000
15684 618944776406331128000
15685 619049421634340406528
15686 619367745428152857423
15687 619772474907797367689
15688 619788400427127841875
15689 620317996933399717680
15690 620975141176779554347
15691 621027410824819684287
15692 621033391310338672497
15693 621199116380130783768
15694 621433218276485681625
15695 621481317543969031513
15696 621562039500545706024
15697 621768373116623657379
15698 621851082735026053000
15699 622388166927130566144
15700 622557956118540222872
15701 622749669536876132979
15702 623021019571393717248
15703 623682702281637775296
15704 623690343017745514632
15705 624256195206357000469
15706 624521209358172865375
15707 624535684382402164125
15708 624639027914339320701
15709 624836937573690903432
15710 625072861738075764104
15711 625106863483725569625
15712 625239291672232643763
15713 625303741950296887744
15714 625804207244867743911
15715 625957357000269562632
15716 626016784989330889875
15717 626336868890752929000
15718 626936916943367209088
15719 627216170848219735552
15720 627232306906090156544
15721 627343343467021143424
15722 627515869895513965639
15723 627731783414994894552
15724 627745126487294829888
15725 627775781057789311801
15726 627792710689371283875
15727 627816720418387986824
15728 628049697249269723328
15729 628167807920728018944
15730 628445218722307623000
15731 628738403446767538171
15732 628936435405417139000
15733 628982201191540204008
15734 628984725853863000375
15735 629083360534533439752
15736 629084269689942834144
15737 629190541637477001728
15738 629206076622982275963
15739 629269663739680717299
15740 629279268424519230784
15741 629500865709496828320
15742 629592194759822880768
15743 629626545833104100456
15744 630118475908014306304
15745 630498246938831771864
15746 630508963441856919875
15747 630609003625461037632
15748 630988459771030280192
15749 631083438301615587288
15750 631093708671994864322
15751 631102822734309889544
15752 631302676430566970557
15753 631439594204356712320
15754 631444632716093390523
15755 631645788311087140864
15756 631861781587191508437
15757 631904880343704205329
15758 631981261451955957759
15759 632002725743461157358
15760 632069006229270792000
15761 632379482423981038656
15762 632655206758485061632
15763 632794168588226589000
15764 632893171972341794696
15765 632895068637237861000
15766 633204782824015879659
15767 633236770361505268224
15768 633347731019022115131
15769 633449454535120781376
15770 633778147943417550528
15771 634013297031150225000
15772 634098546232162784136
15773 634450229609882868000
15774 634696889380299730664
15775 634999975876404702837
15776 635020426039129760448
15777 635268996666605154672
15778 635780396941937849439
15779 636070196232768187072
15780 636285187928754785421
15781 636502211202228761565
15782 636772792147764547392
15783 636827795444510908875
15784 637183652548101695848
15785 637210212376278177000
15786 637243197079214978649
15787 637806889971268052373
15788 637878072905568171469
15789 637901925535231471296
15790 638006060824087626216
15791 638905055207849159184
15792 638927691385457113920
15793 639205766697857760072
15794 639302222220036304384
15795 639400471807885410125
15796 639725436467110079541
15797 639989132492709409312
15798 639989669008423379392
15799 640013453895356537984
15800 640022590443781777743
15801 640361897073299085048
15802 640702653785878046363
15803 640797142202491210839
15804 640801667788468193007
15805 640869539259382785352
15806 641008324294275023784
15807 641031366128447642985
15808 641108883308251682753
15809 641231830951862061457
15810 641414151224306290376
15811 641442889125644192496
15812 641497682814638524875
15813 641717806272987161088
15814 641841229076454852984
15815 642194095717247090472
15816 642723127392873855384
15817 642746498703637227263
15818 642822639941821626504
15819 643351537294803026963
15820 643514679414213618375
15821 644040146452790236149
15822 644084911431427784472
15823 644335582019226279875
15824 644574731495243597928
15825 644591703729595678056
15826 644710350387564240624
15827 645101772990638288689
15828 645621142693917036591
15829 645698791167719936040
15830 645752165982697843615
15831 645812865422749831625
15832 646306228917189503208
15833 646532410635230913001
15834 646724244700179280943
15835 646822428233217796287
15836 646902905554629360000
15837 646933262436104450625
15838 647199257203216541376
15839 647212189393273952331
15840 647556972327271299384
15841 647795222191545524551
15842 647985712458086488512
15843 648065372235923671120
15844 648270013018510909000
15845 648293532622595188875
15846 649127193981850124073
15847 649182743424390392217
15848 649342775840361949801
15849 649455264870939536373
15850 649481468861806051653
15851 649714463200065536000
15852 649760732968984273000
15853 649880448252841392552
15854 650035948236861698568
15855 650744709206859217125
15856 650889561651302905848
15857 650968367895168772176
15858 650972708788065517000
15859 651076179888912325632
15860 651103655844105541224
15861 651397033024894217152
15862 651399709483100111625
15863 651552619534842366432
15864 651789964197036999360
15865 652175214654445185249
15866 652549006661564968137
15867 652560390440627968000
15868 653114653079196323736
15869 653595442478997939648
15870 653972091082630984125
15871 654053769000223248384
15872 654063558852132163189
15873 654209004322100858176
15874 654474883587439096000
15875 654580863235546910208
15876 654811929137214678277
15877 655119021012293492200
15878 655144208990847137016
15879 655305479504893625408
15880 655516172229012346616
15881 655835449244856064912
15882 656023779342765288000
15883 656182620547935150592
15884 656488208840035328064
15885 656723257824922363621
15886 657042803611153407000
15887 657045384896046342168
15888 657211729888916055000
15889 657215188577601571008
15890 657240157993649762168
15891 657581733092827184733
15892 658002996707556988089
15893 658669162163063653000
15894 658900076450869026072
15895 658900971489882862125
15896 659212816033942375744
15897 659280588049486283328
15898 659394457102817077824
15899 659478676244314377087
15900 659574721298803204531
15901 659810615092922577375
15902 660225211677373041999
15903 660252908502353810952
15904 660318980804446875912
15905 660528114495717888000
15906 661064040691359789393
15907 661223026710952026048
15908 661233071960685546875
15909 661485972584864562408
15910 662190725015583898680
15911 662864454417607749125
15912 663038778406768735608
15913 663182122940952148989
15914 663499519915332043216
15915 663559307791733866968
15916 663679301045785522624
15917 663772349435716917279
15918 664201858253323866112
15919 664277212420825053176
15920 664550812683348796296
15921 664617188195610624000
15922 664649936888710689000
15923 664814197082867832000
15924 665082442901324627712
15925 665410746780044108207
15926 665475686734054916096
15927 665576163474266006144
15928 665704713567033091224
15929 665805833640624294891
15930 665808070265317586880
15931 665839323569661303608
15932 666068327026260504976
15933 666543121333648094592
15934 666580001302902778875
15935 666598491923952480256
15936 666835976663978869008
15937 666872943739144640127
15938 667102576369423621609
15939 667199165542205027193
15940 667350531362822895224
15941 667412212224231930456
15942 667509744321403727625
15943 667892882226590428672
15944 667904605181568879488
15945 668178013086517280256
15946 668194210198066400576
15947 668222433960634103544
15948 668321378167695821576
15949 668434021146851391432
15950 669529745968496277312
15951 669676673101847053032
15952 669855966750932259032
15953 670020370961118798556
15954 670030057342213064000
15955 670313483808688629000
15956 670845336622477197272
15957 671854473478500669000
15958 671891620975386116032
15959 671922908219692584000
15960 672046009700202201519
15961 672087771123920424000
15962 672109357439380581000
15963 672143327782791982208
15964 672187774755198236661
15965 672226116719903237583
15966 672346992921708218625
15967 672444009029001126736
15968 672486610852379605392
15969 672672987282245768000
15970 672768568627105110147
15971 672782529671608363371
15972 672881750324506340856
15973 673263347048666232768
15974 673307299166470616375
15975 673575617995884526104
15976 673834628115259784000
15977 673871663798284056651
15978 674483747320489419621
15979 674851005201992673600
15980 674892782647522822656
15981 674984197150219894392
15982 675082886506541998875
15983 675231899990335610104
15984 675262319830109307576
15985 675324130431524700672
15986 675391894561192274984
15987 675583812426643085448
15988 675802717914793310784
15989 676019646355789268001
15990 676156072676608957888
15991 676299861332806246776
15992 676508728667396365069
15993 676704510070140385512
15994 676925895123447810120
15995 677282893510579949511
15996 677283180598521802611
15997 677352664992150779625
15998 677675920344389104320
15999 677798792998616744000
16000 677804092117624035648
16001 678772277456468104000
16002 679219350853401938008
16003 679580675181841963985
16004 679648037098878888768
16005 679819815096161537889
16006 679863182233931961174
16007 679992333576608823741
16008 680075463757192776000
16009 680106304579627072000
16010 680178081304464610231
16011 680203405802442072889
16012 680935283219123619624
16013 681042634706321229125
16014 681082468819179643125
16015 681303371121131351040
16016 681517030902960413051
16017 681682649695379171875
16018 682023857026165612875
16019 682084527357219174279
16020 682214295883315608000
16021 682238339160892906483
16022 682269811797368550392
16023 682518313752265652571
16024 682612664214104317512
16025 682917394687649667000
16026 683050631454352287000
16027 683359290244852255125
16028 684088868777266533672
16029 684896402426509000000
16030 684939210220849647583
16031 685005643561604873625
16032 685010732527755885888
16033 685073936927208234987
16034 685693183566948921000
16035 685725485671644268032
16036 685750464941287590208
16037 686770695272403287000
16038 686975990883735109375
16039 687012893982858972312
16040 687271860490816088488
16041 687472179038743358169
16042 688244982563929243752
16043 688868821344747363840
16044 689124458897988732108
16045 689347228322902968000
16046 689361802123781241000
16047 689545731465542133000
16048 689608490095193599567
16049 690027159677901214923
16050 690035337568660337856
16051 690052482712773512072
16052 690270603019661041651
16053 690283874502777422448
16054 690509753229966623226
16055 690613574006392633792
16056 690820116706490720768
16057 690910685142947194023
16058 691131642608081532312
16059 691207926986790531864
16060 691264038438039096000
16061 691596813858205747681
16062 691647432689001284216
16063 691861786474855444344
16064 692148891764185021000
16065 692906756692305684312
16066 692994721614204102912
16067 693062625855055005648
16068 693297151074833851000
16069 694078165688435632305
16070 694209746785954516875
16071 694381717403652096000
16072 694491669292475567808
16073 695348195491256029875
16074 695360685113362888893
16075 695405626575222576897
16076 695529933882137468352
16077 695562554931466871376
16078 695578653480976793073
16079 695612236736121776064
16080 696102171032794491576
16081 696143372853912616269
16082 696277046516320989909
16083 696401986175093737448
16084 696792479327054491528
16085 697108458090087209978
16086 697126282040448734929
16087 697501453373095321125
16088 697643964867352648824
16089 698108780657734205760
16090 698281208604962204040
16091 698556096038803294656
16092 698657911359176517560
16093 698708612036715359625
16094 698719996190446355125
16095 698841007446967661376
16096 699133653528704793000
16097 699615102904933439224
16098 699683623684455324824
16099 699782202019859868000
16100 699937322135612835456
16101 700036722962828240184
16102 700204671399083851637
16103 700379809738770607992
16104 700618973411088878328
16105 700780465160058831912
16106 700814908539357414264
16107 701105440034345524416
16108 701193584976059879424
16109 701211301035055695703
16110 701402214238406456256
16111 701607832935193211517
16112 701718865656839136000
16113 702211731007921158024
16114 702219852002287901737
16115 702249057262043928000
16116 702500416642884029625
16117 702501997407306380947
16118 702805947458357951208
16119 702909633003167631951
16120 703082456917279508160
16121 703114999379819936000
16122 703215373843003896000
16123 703302992953962102793
16124 703351572625178568000
16125 703435169815275328704
16126 703636055977513113000
16127 704398289418785286117
16128 704705973677829207847
16129 704944128872985136856
16130 704952278993090582272
16131 704959882810254914752
16132 705069050802571499625
16133 705438647092426980824
16134 705514865637642041592
16135 705625363911608852985
16136 705836705268638125000
16137 706466558440256082840
16138 707008540072499634151
16139 708118465415420647224
16140 708227741212314825024
16141 708902644711679373312
16142 708908250580610472847
16143 708911064155911276296
16144 709401509996092641000
16145 709465298312767493952
16146 709552788190751179584
16147 709678906396750388817
16148 709835098632541054075
16149 709939107344408740344
16150 709971583233015853568
16151 709985752115544443448
16152 710146620791502515712
16153 710225307567716629472
16154 710423067684663478971
16155 710541753573011291217
16156 710609944828060001088
16157 710645167761549636096
16158 711148637171908014408
16159 711302621920608837483
16160 711498652429769788311
16161 711526624855971949297
16162 711575718547903576003
16163 711654318842861494458
16164 711822038915442716352
16165 711990417516904219239
16166 712599274574172581381
16167 712960336752326208000
16168 713020553468245295000
16169 713366474919468656643
16170 713655015794917357896
16171 713880279811369944000
16172 714042366385918248000
16173 714072393743585406146
16174 714251100329297091288
16175 714599369229341146005
16176 714882383058565331064
16177 714976060684490520552
16178 715033192551720667443
16179 715355616202426336375
16180 715453665426037468125
16181 715472346766743512037
16182 715603838301563108625
16183 716147635100718977000
16184 716286825279279296497
16185 716345621519400900125
16186 716639625610447128256
16187 716835487697853144264
16188 717199448831197605000
16189 717654086416330236000
16190 717751391527751700672
16191 717995794647117382578
16192 718020394144418255345
16193 718191218811801532616
16194 718354747221893145000
16195 718684505546923916000
16196 718703876258271029672
16197 718811121906498024000
16198 718913063283045540273
16199 718962012922489911224
16200 719180845208672094144
16201 719394547395604266368
16202 719545101697603180736
16203 719668168989696678024
16204 719747486804605510125
16205 719922564009968929344
16206 720232676999533873000
16207 720504506747550069125
16208 720634934829433724793
16209 720848512486805248728
16210 720910562840510321762
16211 721269621315742832496
16212 721444274551007704333
16213 721552724466641651493
16214 721569512052835875000
16215 721817493263498372832
16216 722261835790604352000
16217 722780525865718075392
16218 722971045684379740995
16219 723005713550638292957
16220 723379385404356750000
16221 723574208414205465408
16222 723677304746915280125
16223 723866924940393745728
16224 723905190371804714000
16225 723923372575053043848
16226 724048655769808232409
16227 724337850841502217749
16228 724831049288065991752
16229 725489045556390089000
16230 725550562220198176000
16231 726079620984046875000
16232 726164276201247873024
16233 726668052429018968136
16234 727095988898069204232
16235 727311885009853586625
16236 727333897372394671359
16237 727369837934094628875
16238 727380669837421297152
16239 727390945277624254536
16240 727698867464771839000
16241 728084865617363427875
16242 728771374685382808472
16243 729412399094584402288
16244 729633707932437578088
16245 729776200454745432625
16246 729781168483502408000
16247 729808747808905379160
16248 729943473825783957285
16249 730350953561518329313
16250 730944676858874049901
16251 731071897566445661625
16252 731353589738544697344
16253 731495761979950130653
16254 731542925219188479488
16255 731633632375117563000
16256 731705746674483270144
16257 731848869059355230904
16258 732322765092458723904
16259 732506362723947581523
16260 732581241957487364904
16261 732665995959586624000
16262 733548000305095691625
16263 733726250727826120856
16264 733840038616688447067
16265 733974385561977642264
16266 734058118135529069337
16267 734244965300762461000
16268 734491086606140627745
16269 734556890009851993000
16270 734707077595213759911
16271 734881549565118171125
16272 735837081685610946048
16273 735883654108082059125
16274 735887114016835908547
16275 736388262154485676736
16276 736676528753606611456
16277 737007818154183431667
16278 737063448192927955701
16279 737293023655006567112
16280 737345769620639198283
16281 737469102875064874496
16282 737569063539726453000
16283 737571035538095253768
16284 737681180026464817416
16285 737710612037755444296
16286 737829750808055884608
16287 737925594169816446849
16288 738117462764081173501
16289 738147918394167460543
16290 738313300125404082280
16291 738394938628083009000
16292 738950056256841966000
16293 739403480109478885848
16294 739426765987764240750
16295 740317869486557973000
16296 740405033228499984000
16297 740454040859400504000
16298 740580000742854179901
16299 740739975959135572875
16300 741041522321352560757
16301 741755541918450403799
16302 742076464441577993000
16303 742187478348260674821
16304 742444059084583589496
16305 742471190618117484888
16306 742729571264849129477
16307 743047201325522032128
16308 743270562307766497284
16309 743451692054209630912
16310 743613760258844902875
16311 743885537489321625125
16312 743909257146229767649
16313 743964508351444361625
16314 744010951262334657984
16315 744794125888408368409
16316 744848274794577716672
16317 744869131779328317125
16318 744970750218156419776
16319 745237270460243008000
16320 745242134166116116992
16321 745651050056095841875
16322 745654978311427110528
16323 745906524004238059008
16324 746073585148848413184
16325 746255383395969202047
16326 746308711275407919352
16327 746482848648180553000
16328 747313280810045120808
16329 748574273211441370750
16330 748801610950717277352
16331 748955197943436865024
16332 749089443796939988288
16333 749132014803084476928
16334 749441905393735736000
16335 749722506705503787456
16336 749881466196415243047
16337 749903752607295942656
16338 750042953553957336000
16339 750058923928582984807
16340 750201009077088172000
16341 750412600749453613608
16342 750470237287684893000
16343 750601808815408685928
16344 751015580285460686625
16345 751099718195977791823
16346 751174534260919841625
16347 751212015437106658071
16348 751449718017612281304
16349 752057943152571066375
16350 752127610250813320125
16351 752395341926633886117
16352 752406872256454635432
16353 753228236044118575377
16354 753488615192325647544
16355 753521342327241579000
16356 753845769984468560616
16357 753969158105436754875
16358 754043297363460147736
16359 754218931391674646625
16360 754410363925771689192
16361 754566059514106373625
16362 754726230329489348931
16363 754759707096461976000
16364 754804561015440782936
16365 754821127637650008000
16366 754974159998787414504
16367 755730483900713822592
16368 755835756584755549248
16369 756010170857270825496
16370 756429060181701545288
16371 756521330226707082375
16372 756546266900326751000
16373 756683453486656229625
16374 756754627618650561992
16375 756834653982643242552
16376 757177612062620577192
16377 757500713513369371000
16378 757998296564677654239
16379 758213859049085658375
16380 758349147390715625472
16381 758357310718032675776
16382 758487482925525355464
16383 758490573285677742363
16384 758589171652916577792
16385 758903092556205697785
16386 758920397248038879000
16387 759134482696578807000
16388 759966330888292220541
16389 760115923250160852739
16390 760395617949850344000
16391 760926493463301422712
16392 761138594967093505344
16393 761542256887660913301
16394 761942793720167408069
16395 761985915433509056472
16396 762081822186174585333
16397 762100850024764246737
16398 762177979638178637625
16399 762192645670120246848
16400 762211681048182252888
16401 762318588305347871616
16402 762673720420202473792
16403 763661790057540007179
16404 763681847263491179448
16405 763719600948962498856
16406 764509955178175581375
16407 764782981129196171541
16408 764977614942528544256
16409 765043768520093680128
16410 765189847660621719232
16411 765400518358716397248
16412 765576891006825467061
16413 766861498652398270875
16414 767309383931167361375
16415 767363914637974724616
16416 767699762752725114312
16417 767828992670275351816
16418 768410836201865799117
16419 768614390432224340823
16420 768628298222723622600
16421 768694638412320165000
16422 769197871947960840411
16423 769482632058512750469
16424 769591585192407866343
16425 769593262630056228000
16426 769923402837295616000
16427 770146362702884859328
16428 770307828005481707331
16429 770759532059261148703
16430 770772034685514304863
16431 770997739082903934875
16432 771071318243340751000
16433 771257452887788851439
16434 771265594646038842840
16435 771487287514523181000
16436 771509455627620528000
16437 771573399927803475912
16438 771672799415810721240
16439 771747407212967122392
16440 771907484585085361695
16441 772398702891769268952
16442 772918785407593161792
16443 773281406313009858357
16444 773413927097410779544
16445 773669175187880424888
16446 773796309374008007360
16447 774264859032258063288
16448 774938795783676325893
16449 775671447953117847313
16450 775834094479650990875
16451 776056470067716784128
16452 776104784614442791053
16453 776477096929478278152
16454 776673907911384128217
16455 776739036578891958208
16456 776764684562653490067
16457 777023033866140068091
16458 777221360626117424472
16459 777786427344479468552
16460 778060327140862058349
16461 779356908360173875375
16462 779469331201216621056
16463 779779945145093256000
16464 780224234049885409848
16465 780282613589222757888
16466 780752382173853681375
16467 781056232160299164125
16468 781367961532609371375
16469 781675027691153634792
16470 781695997593054093459
16471 781750538002121577344
16472 782123537929373745183
16473 782179187201561342375
16474 782374508722328056227
16475 782421012360372994056
16476 782444260585618925112
16477 782448470911858960664
16478 782519773842371176768
16479 782683991908896286125
16480 782779090435355507130
16481 783064521616591587464
16482 783127712172681792000
16483 783292468790117883961
16484 783845311552322903793
16485 784371892476281193000
16486 784543757320469999125
16487 784766148153334477039
16488 784998134869003776000
16489 785404172335213495701
16490 785472529106795025125
16491 785486732085549170560
16492 785498588813485311037
16493 785575751860204767000
16494 785681801987346636813
16495 785861873894022621696
16496 785864922717840875000
16497 786237147473410988992
16498 786363795410874472064
16499 786504521324123734375
16500 786639989428855930368
16501 786770523369275858875
16502 786850600994646671448
16503 787106927721968899136
16504 787219311946116440664
16505 787326152883013590336
16506 787575418294538882008
16507 787661676305275851144
16508 787979526110238302568
16509 788281392005957304000
16510 788386198837174290297
16511 788495688691751279304
16512 789100556281350243840
16513 790178991708219369984
16514 790252073877215991041
16515 790615227106155761856
16516 790869558668843460807
16517 791350610799601216000
16518 791384536511880038000
16519 792030563385286771000
16520 792348042627340565912
16521 792369916083553584699
16522 792523214734983038083
16523 792695910474408973240
16524 793226579502274997625
16525 793252458445743070047
16526 793465870821561249696
16527 793499369721297470901
16528 793658698985010339000
16529 793669803242744637027
16530 793969761415590011889
16531 794063738886672631104
16532 794162875011526545408
16533 794292108228927072576
16534 794424831151314032488
16535 794987565440220210240
16536 795261276794171336877
16537 795355825169389813056
16538 795403205525930176000
16539 795568919450824151451
16540 795575804566081940856
16541 795879127593542708352
16542 795945574199170305127
16543 796115340563228793289
16544 796211403596713592000
16545 797008244411847811915
16546 797012735531312448125
16547 797174396510815977472
16548 797590517078295411568
16549 797732516449848750875
16550 797961721640371687224
16551 798189632067808798272
16552 798209158510995548408
16553 798233544856495783000
16554 798494506596978271353
16555 798560606389898991457
16556 798639595146672464367
16557 799059873237124393512
16558 799176327961413264408
16559 799263630048259750248
16560 799409637645446402029
16561 799598873595256875000
16562 800384184347533812936
16563 800405755850424761856
16564 800524395403269683328
16565 800546624413826171336
16566 800707759995096075456
16567 800751931664267583000
16568 801117060418938225088
16569 801122815139197751928
16570 801394573288854293125
16571 801618302213940510936
16572 801782864969525526528
16573 801883475339396691176
16574 801966505229320709096
16575 802537179627358343168
16576 802587718768156246016
16577 802905303414298216607
16578 803057665827241044360
16579 803159046876110770125
16580 803274113915710932619
16581 803329054692472990656
16582 803345322283751841984
16583 803415529740208279141
16584 803437369066410564024
16585 803795322655132457832
16586 803898676215681893875
16587 804243944309394603625
16588 804883659321198772224
16589 805002326225132023296
16590 805959246274181947584
16591 806099473832537828125
16592 806310174348355423581
16593 806951390940207316440
16594 807197721891047093789
16595 807475695297964901208
16596 807526586279073022299
16597 807923033586338126184
16598 807923153278477873000
16599 808038638244976151377
16600 808098638903946804232
16601 808232824116927145944
16602 808291149619496634000
16603 808338857832305856000
16604 808420129562154815433
16605 808515016115502753395
16606 809130059613085437864
16607 809191333151183706624
16608 809209476276420309272
16609 809704366778116382517
16610 809750455996058796375
16611 809775029609414511552
16612 810361003142353650624
16613 810494698317411498417
16614 810980776240368205563
16615 812011862396447645192
16616 812101934152526472000
16617 812427673846510528443
16618 812955728356067079000
16619 812963184638119068736
16620 812994162218445786579
16621 813536419270528184959
16622 813540890866472496000
16623 813659663773804131613
16624 813689666337672307512
16625 814020590360091336768
16626 814071705720689622375
16627 814177446128912588121
16628 814438536362723388032
16629 814966093866647279368
16630 815505151058652120696
16631 815582185138079733465
16632 815683473282868420672
16633 815691747855277022184
16634 815696411404035096000
16635 815877196519962890105
16636 815952279200692816000
16637 816048880827195077335
16638 816285716433275253256
16639 816530768954539821000
16640 816533961428526506893
16641 816588457845519671487
16642 816675717256600257712
16643 816688022276398178816
16644 817169852368358553528
16645 817321744696550708160
16646 817375438272962704625
16647 817640314728647535944
16648 817966796238982656000
16649 818753990280963151779
16650 818887165932852596736
16651 818968285523259144000
16652 819022405065071113368
16653 819485619347778986421
16654 819851376727404555625
16655 820471217516905500000
16656 820625144037752649024
16657 820859876307617970033
16658 821225164383504175104
16659 821474117756217132480
16660 821882503362119243499
16661 822201960231908926488
16662 822534051340797593616
16663 822657600141211042559
16664 822895328582923960000
16665 823099842152775055197
16666 823190466291651273816
16667 823340034680380188552
16668 823456415092440832920
16669 823784781541824648000
16670 823940377835379032375
16671 823963088148326433216
16672 824098793084537607000
16673 824849294063051682720
16674 824908628316899188881
16675 825462095055294299967
16676 825684164466981939973
16677 825887383549922318625
16678 825949075150073999096
16679 826001796682976744376
16680 826730591617992876633
16681 826740997987200231663
16682 826984129037341184000
16683 827368130036575939581
16684 828216706845365715969
16685 828295475153311571904
16686 828385780920684523875
16687 828708158559767003973
16688 828774072803248134381
16689 828876897905352005528
16690 828995421878462577375
16691 829222692271195812408
16692 829836122156079990848
16693 830060688675320424000
16694 830619813585321377856
16695 830772928020576583224
16696 830919867150864970304
16697 831909587057857159488
16698 832191029873860260968
16699 832221024720294920256
16700 832232938012940803859
16701 832525027083685945737
16702 833116475000185763625
16703 833153477192857485000
16704 833412828638494550719
16705 833573193774257664000
16706 834179289581947798125
16707 834268901975212361112
16708 834381507970134208000
16709 834561509852699416125
16710 834825876357397766049
16711 834918110008766069832
16712 835066432980255597723
16713 835525039992239233728
16714 835731437963036194125
16715 835796902362854200587
16716 835915896850466513088
16717 836127841468153899968
16718 836379991534813567829
16719 836557997286120609591
16720 836568471539270531152
16721 837095942580881628736
16722 837651608047116785007
16723 837733739347783148409
16724 837851752913588917875
16725 837959738127404958000
16726 838018614507936930523
16727 838210428036593284608
16728 838655663501520387432
16729 838672977209081112000
16730 838778557045078022464
16731 838925903095803823608
16732 839288841132896371000
16733 839314716698171192661
16734 839541443640262272000
16735 839582954678842117632
16736 839721689669608081713
16737 840224126741175537543
16738 840412211089651042752
16739 840491772808257667097
16740 840592203814877800923
16741 840722220384092235072
16742 840882193307311570597
16743 840937569336383179752
16744 841366376857591975936
16745 841504093648930327616
16746 841557809971037376000
16747 842430806075544265944
16748 842833556762854220928
16749 843648612824014159896
16750 843671692960855500807
16751 844022040145684309000
16752 844487453858749436736
16753 844829840341333633472
16754 844875024505073616600
16755 845071755047106315183
16756 845214525821715311808
16757 845377891138197313344
16758 845478049869297652752
16759 845577647170697796264
16760 845623360456163012096
16761 845644284956789425016
16762 845721441778969447848
16763 845888813793652100472
16764 845989134522158016000
16765 846202395836103164488
16766 846262630572774254658
16767 846583849871364691359
16768 846779215258746007875
16769 846850028284461595303
16770 846908960081525625375
16771 847177982329094403624
16772 847382421373908147000
16773 847521524377398596544
16774 847664236402759686456
16775 847669372638950730232
16776 848415631648512375000
16777 849174456783774768192
16778 849180486467302673040
16779 849621502053066002904
16780 849964500880103185750
16781 850364642160908551521
16782 850932979456716347256
16783 851216286053836083024
16784 851289512430723794883
16785 851577782443663609152
16786 851721811783167794112
16787 852342874119489872448
16788 852780610876968936000
16789 852890449567854867472
16790 852917018066554890267
16791 852936710028686291456
16792 853124474735252955144
16793 853649339316008237632
16794 853652167573865657192
16795 854464067490298947136
16796 854510925841857660376
16797 855030041572494885363
16798 855080347947331956625
16799 855119785147149470823
16800 855545109962424400701
16801 855588634281929027584
16802 855908954385641793000
16803 856047394926718407000
16804 856445322446907343488
16805 856725965011486167416
16806 856804979675808638029
16807 857029176275877239544
16808 857229593070638538504
16809 857244548854743765625
16810 857621632537052929000
16811 857960991744512384547
16812 858152443363314303113
16813 858195627963807496536
16814 858461126169007933929
16815 859083152308984622656
16816 859197492748783690875
16817 859497902619799219992
16818 859771543250239617088
16819 860229549846684507672
16820 860438351604464581312
16821 860468824112218510904
16822 860723364345086165824
16823 860822218182876579000
16824 860842610131769685504
16825 861400677954197695841
16826 861634607265172511576
16827 862050688966701192833
16828 862702826773833984393
16829 863144731049886315576
16830 863719209217239829272
16831 863942194926641376000
16832 864129754543040961705
16833 864160359135769037673
16834 864722861007191564625
16835 865160896779243908928
16836 865213286445353382264
16837 865306144956508700480
16838 865320805517396488568
16839 865321988646049514613
16840 865349330142854349000
16841 866081002902624214875
16842 866754317077240894848
16843 867328468004086518248
16844 867618365991747479928
16845 867779712742463703000
16846 867871473753843167427
16847 868214478019757037624
16848 868295395434253752000
16849 868379158636674683635
16850 868582992663590841000
16851 868603189299981593787
16852 868661690874279224832
16853 868835173913924665933
16854 868842690852085028352
16855 868869423618810017768
16856 869235667368201944083
16857 869265172044891845181
16858 869305681099798369875
16859 869386742096465899000
16860 869784077984450029128
16861 870127695306630417384
16862 870158338714974567375
16863 870337302718895517896
16864 870356518816214947608
16865 870406338257244827136
16866 871208934873697174482
16867 871311743845401491864
16868 871476389276758155072
16869 872176825234588665636
16870 872457471263961404757
16871 872558254642867273152
16872 872622358766456571000
16873 872749682730151860816
16874 872822339272738057896
16875 872832831830527132712
16876 873045247623450652296
16877 873358834831939421875
16878 873531033544250714997
16879 873724755787127072712
16880 874737897515349815808
16881 875072955356239918824
16882 875206108728455822136
16883 875811990077353873313
16884 876349595192662139813
16885 876930093212800433625
16886 876994977025713012831
16887 877057028747492761224
16888 877074430601857853304
16889 877197696840414855360
16890 877442867938544047875
16891 877723828561177565240
16892 878153285673590924088
16893 878293393280902209763
16894 878711245964597374875
16895 878905003265007106752
16896 879084991610989188571
16897 879438309210760093767
16898 879992814433969873000
16899 880017175908786254976
16900 880352663385325639509
16901 881322120174999472704
16902 881392848012909826776
16903 881778361366923048639
16904 882039459376935170136
16905 882489816596721678813
16906 882664155689532752403
16907 882834545292659301888
16908 883124009403122307366
16909 883184327508923908776
16910 883190089818588422871
16911 883606145674995379000
16912 883738247976013248000
16913 883895447489707072000
16914 884411134600605696000
16915 884635262377190217432
16916 884770954947249951672
16917 884905811025182856000
16918 885224708243981370909
16919 885599867685960167832
16920 885973963350690384121
16921 886156577932562937000
16922 886729607469630332343
16923 886861901311709734593
16924 887210026966226390427
16925 887761301145840236024
16926 888244344539951195160
16927 888327439476137665543
16928 888409607873732421120
16929 888461371092909816000
16930 888467475495666689272
16931 888533296342327536264
16932 888952341150982871848
16933 889069319339080009256
16934 889368457120673900032
16935 889616695489840046421
16936 889633257152921701875
16937 890293439041348325256
16938 890373991151161600776
16939 890904470721393260277
16940 891150171602394525696
16941 891158860832064190912
16942 891208298042316867375
16943 891702107880367281472
16944 892106649927920727937
16945 892426831359740540171
16946 892532784189836800017
16947 892569807199355495768
16948 892634929090655391368
16949 892650117402876236677
16950 892687667837275162125
16951 892799557407518843979
16952 893508240928337948088
16953 893648308083601913199
16954 893712873231251985375
16955 893935664358854519528
16956 894216098937723934248
16957 894429023628872001088
16958 894587789097065899719
16959 894695027687308409625
16960 894851225388142932672
16961 894887933002873569305
16962 895136786677330772211
16963 895298248945611236817
16964 895387109863094896833
16965 895417822387321529625
16966 895444817285042035200
16967 895472873981006769000
16968 895857253876657265193
16969 896427382598271123840
16970 897678843832335140459
16971 897836538651472562688
16972 897859783590648054848
16973 897980859509507724223
16974 898030824857621091000
16975 898392259859841747000
16976 898466751271926676008
16977 898941381446928456000
16978 899081173074426844229
16979 899120260960251969429
16980 899126779617636446088
16981 899762943069702233704
16982 899981792902201420125
16983 900420004337427562625
16984 900503970751149704576
16985 900619434574079854536
16986 900855467532709740792
16987 901037335690550953125
16988 901490898913245468217
16989 901509903017695854792
16990 901561023599063446073
16991 901956216061502318080
16992 902069781199014273813
16993 902290130009095875264
16994 902816375818588788375
16995 903094157917450044000
16996 903331995169822277904
16997 903503663510628952863
16998 903845040972301063909
16999 903926701551515398289
17000 904160936498728363000
17001 904180906874171456829
17002 904422737404973367000
17003 904481788045507137739
17004 905444763127967741049
17005 905487846000689721672
17006 905865519168764743680
17007 905929874507456136000
17008 905956769658908707740
17009 906049754361304485751
17010 906071262674968733399
17011 906541401123814456000
17012 906579754621554797784
17013 906874302735765977347
17014 906967649182385148813
17015 907025205564695061000
17016 907217788671796473144
17017 907341097416325208000
17018 908074620783722076776
17019 908490400392183514353
17020 908563961002221754776
17021 908587183096563133527
17022 908644475473478310392
17023 908916428094660531000
17024 909057668425713648576
17025 909380923796697743125
17026 909596954105476905051
17027 910381582042036223509
17028 910495679305105862432
17029 910722938570693250912
17030 910761149529592695360
17031 911038492929943490112
17032 911045344745744936000
17033 911222169405804081000
17034 911523016289117914136
17035 911684597335697367000
17036 912155418193061029176
17037 912174602891517275625
17038 912316932773592058440
17039 912542528568564499788
17040 913313351113230788721
17041 913393148052384271783
17042 913627083522794849208
17043 913664298353689995840
17044 913787654702253176664
17045 914622064114347041544
17046 914661791045814868875
17047 914702964010135104168
17048 915257467515907766467
17049 916019470907613072000
17050 916105993614045915408
17051 916154431544593258199
17052 916839259074471411432
17053 917085639183317629928
17054 917198929650868962643
17055 917200127495664289305
17056 917358684029712385344
17057 917740834690674024576
17058 918371012253091451054
17059 918714339546692777352
17060 918883503591135225787
17061 918994520183686147656
17062 919343326055189862554
17063 919562869610874125000
17064 919670215381279159616
17065 920044971485410680000
17066 920110223328754702959
17067 920164059542074767875
17068 920748873450177967104
17069 920847982893358936059
17070 920872389809063450304
17071 920880703185043930875
17072 920942844767311675904
17073 921484281829739229000
17074 921537175396672971864
17075 921840071306810173875
17076 922346041152889767232
17077 922419503475583844250
17078 922932705168130830173
17079 923365863055083907368
17080 924004177365181831191
17081 924253451069569313840
17082 924323365893751302843
17083 924359817689917310520
17084 924487389227586404864
17085 924601610403081721656
17086 924655038519565509975
17087 925034814712412546688
17088 925496931694685904008
17089 925518418039728988839
17090 925776233830880294625
17091 925791205327244866584
17092 925963097464322950571
17093 926085820048463017125
17094 926092223074524597966
17095 926704557896130783296
17096 926749743863512309893
17097 926888825957937240888
17098 927193876806775773888
17099 927226331535034700351
17100 928015075857904429248
17101 928162763573588430589
17102 928216212973253300152
17103 928231657895683004598
17104 928555009800617431232
17105 929211798758534240768
17106 929589371012697039064
17107 929651512045443042375
17108 929867537573287803000
17109 930203092850449882536
17110 930816931400250264000
17111 931541622641574130368
17112 932168731056461353000
17113 933112221146438245659
17114 933147879169154859000
17115 934337552399608049000
17116 934647057000878119353
17117 934774333105353156416
17118 934839851067824351643
17119 935156275856002438875
17120 935177462910888338843
17121 935858628050968557000
17122 935875949309298339615
17123 936025687742091763752
17124 936343269947376764928
17125 936835295884492199104
17126 936938261154083335875
17127 937863608690204944865
17128 937990213351663437000
17129 937991121684971763528
17130 938092145464928932361
17131 938282428687891892507
17132 938399299073131778344
17133 939317616106141027392
17134 940474559680902142351
17135 940632370780469937472
17136 940781597553497346911
17137 940912060660454275848
17138 940923601742222940968
17139 941242774977896872663
17140 941321690347488085125
17141 941352952729034097945
17142 941422231605105051048
17143 941499902811296324223
17144 941518784208969544032
17145 941752607614375667383
17146 941915240069477082624
17147 941996442097652347413
17148 942013352557820907000
17149 942070125062557866375
17150 942233564234293170264
17151 942603885165414456712
17152 942785282755073034368
17153 942841834494780003840
17154 943241469071679594999
17155 943285078070687707875
17156 943399440456676467264
17157 943875923014138999976
17158 944084669750015625000
17159 944542330534560966481
17160 944769949433495557272
17161 945014916235097390319
17162 945193873589765291583
17163 945246353476129437304
17164 945297056579633131491
17165 945347152919830200640
17166 945403532372529162296
17167 945506210967324487000
17168 945712442378053861875
17169 946236524369635162125
17170 946545182501842511497
17171 947138591247906160432
17172 947161896752308447448
17173 947171715332483445903
17174 947245697518257045720
17175 947616132108408674112
17176 947653850093516937000
17177 947750941960915555008
17178 947897212305858750000
17179 948354217780312274787
17180 948837721724802336392
17181 949267904404968769537
17182 950003127979156294407
17183 950290047266057362683
17184 950473873811723074632
17185 950478897881762046072
17186 950641195794058416375
17187 951009032247255508625
17188 951109478375736175552
17189 951763990555132662943
17190 951833206431532152000
17191 952350534087537775437
17192 952445532093867513000
17193 952897381477804243000
17194 953158180879068861573
17195 953186313377866624056
17196 953214932659469688000
17197 953220739576967447040
17198 953670240792603818757
17199 953939941232250401000
17200 954048811560199684875
17201 954175527507248046000
17202 954224723429176973625
17203 954580660713730154503
17204 954771007367272769856
17205 954830614162817676375
17206 955198887785942205672
17207 955836379427261309208
17208 956314940616316370808
17209 956433521169500063571
17210 956534694240991405176
17211 956656046099378118312
17212 956691321098661164653
17213 956941333449340270248
17214 957640179292067965456
17215 958003105801882885416
17216 958254358724408269736
17217 958801454131180093469
17218 959216235683780036088
17219 959417599960870792768
17220 959495954167816025688
17221 959618627061418643319
17222 959989112255403063288
17223 960651914346962303193
17224 961188712580076297625
17225 961259277685427844543
17226 961558954254116306569
17227 961564840870274973143
17228 961769021013894621528
17229 962023755069052309368
17230 962162970824399137677
17231 962432842930357105125
17232 962828060683309551640
17233 962976726590499228439
17234 963588968968439755305
17235 963662504667687889623
17236 963773809081419764808
17237 963840719039370229512
17238 964127908076171832000
17239 964396637603529025448
17240 964707864674013238536
17241 964707946417000000000
17242 965053819960130726397
17243 965397369759051128328
17244 965424207031950226652
17245 966246270134038803000
17246 966373308016372272744
17247 966932291247525667701
17248 967474421875399209408
17249 967971555967433225416
17250 967980425036449831000
17251 968551965095954809024
17252 968659816798026904824
17253 968725395415733921875
17254 968928522677668121625
17255 968944437018316736488
17256 968955654181225256000
17257 969057108249287976009
17258 969239496192193503368
17259 969417325851267384000
17260 969619007235526417224
17261 969721336058938521912
17262 969728859781450148952
17263 970192279978346282949
17264 970621949060264119976
17265 970635921899123763712
17266 972062270118831449376
17267 972110784142752588152
17268 972153637777060841375
17269 972496180838723750720
17270 972582421132127610909
17271 973239734547320184000
17272 973260301077145867968
17273 973502721975505157163
17274 973732775888092017889
17275 973798440165251398971
17276 974163185731158286500
17277 974623757638675158504
17278 974826515794547850408
17279 975049651661080448375
17280 975435178208664957875
17281 975797801624211973479
17282 975962296955489013504
17283 976003668466954643691
17284 976042007886475888904
17285 976158696690217329471
17286 976583268752438176128
17287 976835252678988181752
17288 977060600642104467587
17289 977115056727052904869
17290 977284610738613936837
17291 977543744941955953125
17292 977959447370069913000
17293 978181401993487890471
17294 978449231424407915592
17295 978505383851242860032
17296 978602063027360792202
17297 978643593361466585000
17298 978688626700784557311
17299 978709886068751685557
17300 979610493577979601000
17301 979767896356684917125
17302 979977212914599183375
17303 980030800231006358016
17304 980082709149237574699
17305 980235972897127491664
17306 980542266379916472603
17307 980728649600346211509
17308 981835167310642953000
17309 982066473028042617250
17310 982802948957259393600
17311 982964526543621080576
17312 983711184450938745984
17313 984406090905649000000
17314 985540183729626363111
17315 986179139381303233912
17316 986817985936244280000
17317 986958674398119653343
17318 987118949603961578096
17319 987493992707142864216
17320 987695856190141903224
17321 988159315209357599000
17322 988572816963572274000
17323 988848892557597260224
17324 989113298369719363659
17325 989235634709064598856
17326 989290996760389527288
17327 989694695588012458597
17328 989750065294727302111
17329 989931570325127860122
17330 990054001518892650496
17331 990111156639780624696
17332 990619533483223549464
17333 991142388707491802808
17334 991409204746979144000
17335 991803849770240113600
17336 992211445230971708736
17337 992344664507259510720
17338 992410178867274219624
17339 992442482706968612739
17340 992466174881384224875
17341 992494745364531579291
17342 992956614588231634432
17343 993810055506139534824
17344 994002725582274816603
17345 994724817722772216047
17346 994985507548141416000
17347 995037137332360896375
17348 995211226625935527936
17349 995449710281114193625
17350 995551042230068674896
17351 995838560414546651621
17352 996392898234196281000
17353 996416462050978356927
17354 996550069811999818752
17355 996735599263942957503
17356 997115567229608009904
17357 997263393984115883352
17358 997432179942697009875
17359 997886683818759042061
17360 997941367702635978375
17361 999350495943308354547
17362 1000012687952163552576
17363 1000164458168918496792
17364 1000165811624292804192
17365 1000190563614872000000
17366 1000528948302183413568
17367 1000629317097908834616
17368 1000744077627689658328
17369 1001429202228718267368
17370 1001508392123854142976
17371 1001881967189415050752
17372 1002019454548491067416
17373 1002152725552461445632
17374 1002344960605959915750
17375 1002900510868074306336
17376 1002907594347760261125
17377 1003047823524000336264
17378 1003123874591051832801
17379 1003305694965185482227
17380 1003406859479094084504
17381 1004414970725549326008
17382 1004856293262726942912
17383 1004959751603869757089
17384 1004974054265690548137
17385 1005026995197121491224
17386 1005280678184577657408
17387 1006026377910332698647
17388 1006390966030495944128
17389 1006753357865425410513
17390 1006896021035752777176
17391 1007081017548471909232
17392 1007217170738503044264
17393 1007827127481048840000
17394 1008301177087964379648
17395 1008325497943688517376
17396 1008444303209955490047
17397 1008856130022391408128
17398 1009024205038312481928
17399 1009101072903126164416
17400 1009322413941889926125
17401 1009347236465879807496
17402 1009809637283577933504
17403 1010671859016346219875
17404 1010769614646195398904
17405 1010962402989389794125
17406 1011008401747040313288
17407 1011012752374363431000
17408 1011374464326348598875
17409 1011394126471038414984
17410 1011514818831993396648
17411 1011559905049044773331
17412 1012177485662968874151
17413 1012212079944519601000
17414 1012337246251639061208
17415 1012392623162914993216
17416 1012517548515679024000
17417 1013042807669485013967
17418 1013301579379404455595
17419 1013779947752853959168
17420 1013963753861052696000
17421 1013965727728131304399
17422 1014986850431412850992
17423 1015166313970357135256
17424 1015363276828088832000
17425 1015769516204706472125
17426 1015910888887212627456
17427 1016521589408018869000
17428 1016701622163752315427
17429 1016798585635197295875
17430 1016827346591120409687
17431 1017065492522416614907
17432 1018052704109935839744
17433 1018053431031777635943
17434 1018127630046396002679
17435 1018313679985012973016
17436 1018670668256882095000
17437 1018764862807075517952
17438 1018975977171000942912
17439 1019009978396745641208
17440 1019169114807651594696
17441 1019211573801044060992
17442 1019582424074010888000
17443 1020643813406669340672
17444 1020670529139307013184
17445 1020804180691616996688
17446 1021242457381001020928
17447 1021304717171995464000
17448 1021308058011613227219
17449 1021372841978346449683
17450 1021723178001487360000
17451 1022794138665506136384
17452 1022932725616280815119
17453 1023062179073354681625
17454 1023147016275064099328
17455 1023285315473937048897
17456 1024599760372533375000
17457 1024767457723582905024
17458 1024874980908112152000
17459 1025322225238457698032
17460 1025653456848595807232
17461 1025751591698270743917
17462 1026366112974992596261
17463 1026573622863217053625
17464 1027482751776355193375
17465 1027625383294981868817
17466 1027671561069970863375
17467 1027797319349307791739
17468 1027807034593077431784
17469 1027850089476089198888
17470 1028238594075569566872
17471 1028564794128779578125
17472 1028981234623958546112
17473 1029234866813524546119
17474 1029561478724853628155
17475 1029610867607697808944
17476 1029847186377078056000
17477 1030089249539294188608
17478 1030501615170947511943
17479 1030520054828252472435
17480 1030758062118682429441
17481 1031049230798096632512
17482 1031355899371653194304
17483 1031389559848058510736
17484 1032072978257396007625
17485 1032241326141609955072
17486 1032491239861360552091
17487 1032673538612169437256
17488 1032948935138789625528
17489 1033262604556849000152
17490 1034077654544458466007
17491 1034726044925213438616
17492 1034845889948190867456
17493 1035422783501235799761
17494 1035441844575550527024
17495 1035550618994303884719
17496 1036102510635039050112
17497 1036214540065771976000
17498 1036512077221651125375
17499 1036542082846004371000
17500 1036555976042673218496
17501 1036665481619254174632
17502 1036952441654165623125
17503 1037163280801030504128
17504 1037485622127402000000
17505 1038151530280649078784
17506 1038372990367292396973
17507 1038644893717374879936
17508 1038721692768952897467
17509 1039149702222388482817
17510 1039288496612327395083
17511 1040094161172008320203
17512 1040101858014642399032
17513 1040188348215758503944
17514 1041068222516958444081
17515 1041388349678863901624
17516 1041515209721308917231
17517 1041686193280652914176
17518 1041715157430355489809
17519 1042260744552834911741
17520 1042768549964924846000
17521 1043257301272487378259
17522 1043629213822156523016
17523 1043782865617330683000
17524 1043845678170056138104
17525 1044080285672610385920
17526 1044095052130942200571
17527 1044607233768599564856
17528 1045508934356104929984
17529 1045889702548610545656
17530 1045982340353306760696
17531 1046219631719755178448
17532 1046447310199568634792
17533 1046797551505649248767
17534 1047408112978086234375
17535 1048406446530463879872
17536 1048613118349886166168
17537 1048854201093365193891
17538 1049136875879900906250
17539 1049147803163048832000
17540 1049240686859572235392
17541 1049779307145789079552
17542 1050052441982943160125
17543 1050696775863398605571
17544 1051120756795898143936
17545 1051664227104099096000
17546 1052066338403507283311
17547 1052141376783604471273
17548 1052252804864552684328
17549 1052744516663091690249
17550 1052776296256408260264
17551 1053008301226155228864
17552 1053212443523194932250
17553 1053284791094230520728
17554 1053408761179130956509
17555 1053552951097968438936
17556 1053595079618092522875
17557 1053856785302532792000
17558 1054226918443279916160
17559 1054483062766100261567
17560 1054501963915756468203
17561 1054540780679200690512
17562 1054719767500180123392
17563 1054817376017719591368
17564 1054844538428128497912
17565 1054849175607678790248
17566 1054867476806113823424
17567 1055168986756847875423
17568 1055579096246086915776
17569 1055681265773728063377
17570 1055683829372565215277
17571 1055953760402203299000
17572 1056135345180475633983
17573 1056436599303906283008
17574 1057381230627988807996
17575 1057537485727461248608
17576 1057561777803088658646
17577 1057824096095066862016
17578 1058548816493787232432
17579 1058596667941916666745
17580 1059178800662173763000
17581 1059654488176425132056
17582 1059676295710101339816
17583 1059774048887549035040
17584 1059935492714602257936
17585 1060169296309134921000
17586 1060184991360519322597
17587 1060399646338408311672
17588 1060723546671772279296
17589 1061569112980691852992
17590 1062185919399021210768
17591 1062322096111046697528
17592 1062710467964484026688
17593 1062775349049204882000
17594 1062867413027064688281
17595 1064072670629534661312
17596 1064087167418137967832
17597 1064750679991503213625
17598 1064770953864854980023
17599 1065032883515372208983
17600 1065046317782607872712
17601 1065445041018450778875
17602 1065962820641470149888
17603 1065988430858923606125
17604 1066345696599922077696
17605 1068127824228449495049
17606 1068251094196723487232
17607 1068259822237703467008
17608 1068297562438188199488
17609 1068620554181522552203
17610 1069283498268383718831
17611 1069285937249164650750
17612 1069428956720703488000
17613 1069925226224942232054
17614 1070031112670938751424
17615 1070287216532255267000
17616 1070404859860501304538
17617 1070450240413032860472
17618 1070985212503492183625
17619 1071028518194177853912
17620 1071177582637299638592
17621 1071332250584325191000
17622 1071584334809550611712
17623 1071597902049189260928
17624 1071795425304023358939
17625 1072088770650761805704
17626 1072657021427791561008
17627 1072753969634316156096
17628 1072980453235823384616
17629 1073515539744740920464
17630 1073660134698215180928
17631 1073835905039988317766
17632 1074214200890438125056
17633 1075227887095524864000
17634 1075797790182577445347
17635 1075880444821536115125
17636 1076624421169525208344
17637 1076723797068414879202
17638 1077121506053701350216
17639 1077137246502324558369
17640 1077546040215955947000
17641 1077711592188511525392
17642 1077731768072658777507
17643 1077819219415989968545
17644 1077962571341552775879
17645 1078096710258533494529
17646 1078452061240234124808
17647 1078541363460610823445
17648 1078862976281051737048
17649 1079720371529012022264
17650 1079837623217062487232
17651 1080712175783003120448
17652 1080864542375061597153
17653 1081701399631097650104
17654 1081935504674508861000
17655 1082206347633547350552
17656 1082326979760930638280
17657 1082381503077228303703
17658 1082409618238500196008
17659 1082496769321887907533
17660 1082777549683914291753
17661 1082878835691346038072
17662 1082943851741957749033
17663 1083032829233406277128
17664 1083086812700533638144
17665 1083383784250691049000
17666 1083638667538799457813
17667 1084140377997727960000
17668 1084302454655549024532
17669 1084839558466696911424
17670 1085354289145241344593
17671 1085784784106870071133
17672 1085870100943179337149
17673 1086343056891010611000
17674 1086386273885194676875
17675 1086481904642949706983
17676 1086812067225052684152
17677 1086894187308963587008
17678 1086914720472147717696
17679 1087083400128945020928
17680 1087247684798295836608
17681 1087818067352785918968
17682 1088683336810044363024
17683 1089044181164537136000
17684 1089211109360543268437
17685 1089544507082418232125
17686 1091386547370376803315
17687 1091831665555723430520
17688 1092039012886429822851
17689 1092109682949360750584
17690 1092170925863668669473
17691 1092492951007096671578
17692 1092576101520750577029
17693 1092671237751318181376
17694 1093774446360341373817
17695 1093780586346319872000
17696 1093801320915858954000
17697 1093849488157964651497
17698 1093946196950275836375
17699 1094312781228194779608
17700 1095384194960303836224
17701 1095427679722713792000
17702 1095480386349280648704
17703 1095625906593071018256
17704 1095700074629207459832
17705 1095936801600505351032
17706 1096196500366990750000
17707 1096202782633763278656
17708 1096340923514348479296
17709 1096564307548401040041
17710 1096605916184990610224
17711 1096672730327700519357
17712 1096913372941673201376
17713 1097991177206578049584
17714 1098007257219504696253
17715 1098205278823770988544
17716 1098516421285324650280
17717 1099092597865988858496
17718 1099123416516547362304
17719 1099400982178551416000
17720 1099573712648846924671
17721 1099640593185377133375
17722 1099894354868884655808
17723 1099970866556879281048
17724 1100035298360179424971
17725 1100164309934527341000
17726 1100293679199832552071
17727 1100356662695504429250
17728 1100442284156707999416
17729 1100538371105064905832
17730 1101329420480032371264
17731 1101837750493605318648
17732 1102305374409479628843
17733 1103093540561451893328
17734 1103556251142673688024
17735 1104271317987715343375
17736 1104654911144689452744
17737 1104791623210567389312
17738 1105376030629625211912
17739 1106566188408705024000
17740 1106595641986406717544
17741 1106807616408801624408
17742 1107046762216363847872
17743 1107622846636316152317
17744 1107638708007161974644
17745 1108256775668589228409
17746 1108488297021209134875
17747 1108610423865020063611
17748 1108699332557959245096
17749 1108857185325443840832
17750 1108986552290616055875
17751 1109045472053653226547
17752 1109305370936703560256
17753 1109400634429629862392
17754 1109860764607752075072
17755 1109990080985286603375
17756 1110196238670523702152
17757 1110270585775107393000
17758 1110319777780853913000
17759 1110633753315321156168
17760 1111159168903145802375
17761 1111340911468469349376
17762 1112259746111667431616
17763 1112299838604651556125
17764 1112601730406733717696
17765 1112863178296844642304
17766 1112876556618991477824
17767 1113883313132081587563
17768 1114071001826857946424
17769 1114866546041686373000
17770 1115042678969806867761
17771 1115551244916665557111
17772 1115594666267908829184
17773 1115952188901734262897
17774 1115998033384581189696
17775 1116201687936363574875
17776 1116357412377904334792
17777 1116548363930119777629
17778 1117152838461228581376
17779 1117185021405564681024
17780 1117445658334999099344
17781 1117471719251767233627
17782 1118849324723631642752
17783 1118864041954918966539
17784 1119577875984369135936
17785 1119905919729082392984
17786 1120295799967949002944
17787 1120968189135333721000
17788 1121665898747491481592
17789 1122022479216929045184
17790 1122305286636442917288
17791 1122901220681815519880
17792 1123011101345009017024
17793 1123114908780589794147
17794 1123231221826316673336
17795 1123383028455735011965
17796 1123575855946176165750
17797 1123593020042387824657
17798 1123807563070940756736
17799 1124107530920053837696
17800 1124149397705516534625
17801 1124177018790236414003
17802 1124289267134374784079
17803 1124567031057266489833
17804 1124577324335243653875
17805 1124828842241992200768
17806 1125088584628612098824
17807 1125120219280813481472
17808 1125444359055399600637
17809 1125748919385893026952
17810 1125790779253834347192
17811 1126403849590519304168
17812 1126569054168703016361
17813 1126732625118297099000
17814 1127350070433694354968
17815 1127380857808523192000
17816 1127551396098934550016
17817 1127583573049041866000
17818 1127906101982348496360
17819 1128145913889498545769
17820 1128166623173219631057
17821 1128643486056100747971
17822 1129103220385365930432
17823 1130128770451224652992
17824 1130146434994060364491
17825 1130396805820916121943
17826 1130603107986245381544
17827 1131126525812070726848
17828 1131246664497555461037
17829 1131611911400781395361
17830 1132145802231476864832
17831 1132300019807947991000
17832 1132332229943760573000
17833 1132850424151089891000
17834 1134318255653601144000
17835 1134444203355134672000
17836 1135989843766547103936
17837 1136013078714541585929
17838 1136331799700352302376
17839 1136375866281619755909
17840 1136633983487247778624
17841 1136722704691020830208
17842 1136844305749719586656
17843 1136969368988156790912
17844 1137215699787995506952
17845 1137319582137494057848
17846 1137340576358752208625
17847 1137556423960579828296
17848 1137896919280530224991
17849 1138302093628682522631
17850 1138567419012561489000
17851 1138592343695257971000
17852 1139116417840328636520
17853 1139181062910177171465
17854 1139184564865450841088
17855 1139386536644489432000
17856 1139633101440673328944
17857 1139748942211548543000
17858 1140205928361762824072
17859 1140406821633895101000
17860 1140455376519083416008
17861 1140556888541986272721
17862 1140558555794875744625
17863 1140572022442997441752
17864 1140747690657113505792
17865 1140829192264756313375
17866 1141854847365163233393
17867 1142668421211006301248
17868 1142953636020360885000
17869 1142960200194482180875
17870 1143575763225446740625
17871 1144087966666115072576
17872 1145063728664205535360
17873 1145564004643338839552
17874 1145998810381876325056
17875 1146421971478849411584
17876 1146588296436161432000
17877 1146715076574113319000
17878 1146927332337879567375
17879 1147501267754396475375
17880 1148811925610312373384
17881 1148897150185305668264
17882 1148946374024985391128
17883 1149208533805511797128
17884 1149300496070453773991
17885 1149444660398149190439
17886 1150101153231192981000
17887 1150109699636087099784
17888 1150594420125001539688
17889 1150792123480026874119
17890 1150847246362552377912
17891 1150947727175697848488
17892 1150980541742111351544
17893 1151003856132923968000
17894 1151144688846501059256
17895 1151261543106218089000
17896 1152130580321742482643
17897 1152513633302678351367
17898 1152694639455431625000
17899 1153174017813316842681
17900 1153210455258055244568
17901 1153246788143960328000
17902 1153726392149600048793
17903 1153745698825180607139
17904 1153894362009891663672
17905 1154482296319961910873
17906 1154636114155307836416
17907 1154885548839423162552
17908 1155199449126535663249
17909 1155330061636872827979
17910 1155862921561923561957
17911 1155896575216850945485
17912 1156217501581020942336
17913 1156500730549771508349
17914 1157158620908075079000
17915 1157162831886490910208
17916 1157506795481638953897
17917 1157749765209886928625
17918 1157827046118223190976
17919 1158013293214702880375
17920 1158386142324141090243
17921 1159574542144280271360
17922 1159741582021568834496
17923 1159808175588109908952
17924 1159927790933444706927
17925 1160307661954692888000
17926 1160816031250129072539
17927 1161148037008976394560
17928 1161173618172175537664
17929 1161174850585540649280
17930 1161253330930820173375
17931 1161346269731933376000
17932 1161472241534689000000
17933 1161860509292929887168
17934 1161891682141571199000
17935 1161998664144011514639
17936 1162784710127975544064
17937 1163020617514074009600
17938 1163126309553818216000
17939 1163202040614640477941
17940 1163417606622475750000
17941 1163785752431156005704
17942 1163803017395008645928
17943 1164578098842543677760
17944 1165378817117163612672
17945 1165864684239183192264
17946 1165882564638454708584
17947 1165898793784349314368
17948 1165925527433409758652
17949 1166388818660857976184
17950 1167016391973318426624
17951 1167251208020110537408
17952 1167498341349797889432
17953 1167680788518802371632
17954 1167692780284886890944
17955 1167772226525603244000
17956 1168026316218457727625
17957 1169253582783056505000
17958 1169257003917168548096
17959 1170235829904401794625
17960 1171261418178798922248
17961 1171770412361951158848
17962 1171878722898264651816
17963 1172030636213807014125
17964 1172261589291610656319
17965 1172333772764175628152
17966 1172551521212568827064
17967 1172652892615866402043
17968 1173705179198227916968
17969 1173717892454675792616
17970 1173943192495051477395
17971 1174149972826119677375
17972 1174213245866204511513
17973 1174518237298252518000
17974 1174533172487413902072
17975 1174566569690253560184
17976 1174639981099882175424
17977 1174899115586175237440
17978 1175160832327053365248
17979 1175381459249177788417
17980 1175530564555579944019
17981 1175544309032196346152
17982 1175609099438139698703
17983 1176194128727513259000
17984 1176542190479653261992
17985 1176715222391959075917
17986 1177195076206294961088
17987 1177358660276907798144
17988 1177741116275271957864
17989 1178210101536574706691
17990 1178701354819375569000
17991 1179147455036472597481
17992 1179573416049001494248
17993 1179660845922759549648
17994 1179664466325063206131
17995 1179867390723364680792
17996 1179884595683178447992
17997 1180542768249748569939
17998 1180792116534456049832
17999 1181477415217178759715
18000 1182112153783664215112
18001 1182292337926922961375
18002 1182616502446276609257
18003 1183093375561893826632
18004 1185276631026952529856
18005 1185871323208372281000
18006 1186032100476105099000
18007 1186415423499339908875
18008 1186417580192120173625
18009 1186834509880134672375
18010 1187083394451286313625
18011 1187538934489911693648
18012 1187942748269786071992
18013 1188445182731703179541
18014 1188555391780408299375
18015 1189125953634079877787
18016 1189241567436397167000
18017 1189800118501309236194
18018 1189843038019233190593
18019 1189947143609204702904
18020 1190257922003505695424
18021 1190575211529517351083
18022 1190673957172795641000
18023 1190859935948152968888
18024 1191086729809881152248
18025 1191148925079903118875
18026 1191317658610466368423
18027 1192229522677857411027
18028 1192605140468638109304
18029 1193000795842443850899
18030 1193121838091465607052
18031 1193284543349705204151
18032 1193543181582929916111
18033 1194161763218438182168
18034 1195232037065436680576
18035 1195384864134717442368
18036 1195440434796565496448
18037 1195717839324503040000
18038 1195731288510430780143
18039 1196531600951761976313
18040 1196682580676432913128
18041 1196998968490740792000
18042 1197173654580890140875
18043 1197467131475476251000
18044 1198688568925973448141
18045 1198779803518289878808
18046 1198989795011217607125
18047 1199799830964685888000
18048 1200305820223202057001
18049 1200357614676945088000
18050 1200409231734503924805
18051 1200514128945286026816
18052 1201096474392304681848
18053 1201404741841761912000
18054 1201501743756812317125
18055 1202143324256883266293
18056 1202489894670098219640
18057 1202699035161877593375
18058 1202752538686750692375
18059 1203181329163571220456
18060 1203438512615210359488
18061 1204670901274736265405
18062 1204936873549231691449
18063 1205007931463926790375
18064 1205382470308026558912
18065 1205391837126569589224
18066 1205487764344659549663
18067 1205863588828434744000
18068 1205880537056378610609
18069 1206034189452879861375
18070 1206269455006545580287
18071 1206686127465816543000
18072 1206867809212215980193
18073 1207104111863400330944
18074 1207214410422216207375
18075 1207859946554578430232
18076 1207889823496771620352
18077 1208197873310481175752
18078 1208549090251527058125
18079 1208587365487860696000
18080 1208959721504612878437
18081 1209285787673048858136
18082 1209705265090519721433
18083 1209738398916298104000
18084 1209962883123030773016
18085 1210257363630362838336
18086 1210274726533245009000
18087 1210733437504600749376
18088 1210995070946323116363
18089 1211339202323241339712
18090 1212051319659468288000
18091 1212136689436399304704
18092 1212343155026431630848
18093 1213440104978890425000
18094 1213595910228028508272
18095 1213784505039587941369
18096 1214598883698622455488
18097 1215259729777947108528
18098 1216103636284746391000
18099 1216252186769416589000
18100 1216994821559395285888
18101 1217054192845202156088
18102 1217498864378166434304
18103 1217545305547993513875
18104 1217548582386691464000
18105 1217900305498248944936
18106 1218250639663552331928
18107 1218495810581045553375
18108 1218797025989811723000
18109 1219182605516488636296
18110 1219784909326895195648
18111 1220469095237276113992
18112 1220739438763942768125
18113 1220950575798016508928
18114 1221211461509847845037
18115 1221424719767046893007
18116 1221562454068193452544
18117 1221582095389365239368
18118 1222045082187179880448
18119 1222200308510259498000
18120 1223560975575185953524
18121 1223567164069139648376
18122 1224039441035953149868
18123 1224098362108065988152
18124 1224199757274405809625
18125 1224243170015005426104
18126 1224453024005584669632
18127 1224674315495926966125
18128 1224884285233599151161
18129 1225592128161008316189
18130 1225622751562982380608
18131 1225970455400553706389
18132 1226606756412733990840
18133 1226707955609815517848
18134 1226807634335591565432
18135 1227242991702231629216
18136 1227690616548132032751
18137 1227805930864397574144
18138 1228122319085552959488
18139 1228141493590737607875
18140 1228478338904766603264
18141 1228554439096438306125
18142 1229050957954818083904
18143 1229340079183742070328
18144 1229698408707442221723
18145 1229747683202959999176
18146 1230244272145603584064
18147 1230336800901463737664
18148 1230607547459912002563
18149 1230729289245752751000
18150 1231668572448003943104
18151 1231687727199042496000
18152 1232149004457970501000
18153 1232437053288426232221
18154 1233035091999183980143
18155 1233382391798300263000
18156 1233896558585409385875
18157 1234071558137589943688
18158 1234547728538528417832
18159 1234896204611868854328
18160 1235027428661415217976
18161 1235047394733302424456
18162 1235155893154080416064
18163 1235446001357494477824
18164 1235563402359306120256
18165 1236107396073491016192
18166 1236298415761389847104
18167 1236428819581503991807
18168 1236526814529335812392
18169 1236828536885219348168
18170 1237131595213140017664
18171 1237532440681232659971
18172 1239439136968937188440
18173 1239663454009102210725
18174 1239989738770512639000
18175 1240094432134710833688
18176 1240180733198824710111
18177 1240732510571694225024
18178 1240833143046049750232
18179 1241704372643595763875
18180 1241737652326927982616
18181 1241763481884416538376
18182 1241780877810188794351
18183 1242203349078657509264
18184 1242428987491467631128
18185 1242625245994362706875
18186 1242736086801992380416
18187 1243457089720697255859
18188 1243559720860498374613
18189 1243741519667950523136
18190 1244002271550507895608
18191 1244061439283249057016
18192 1244645602371775448000
18193 1244770421432698284579
18194 1244995636733633932875
18195 1245407338474992784000
18196 1245514709199215984256
18197 1245602268194481503488
18198 1246143699446679162584
18199 1246256874231428937024
18200 1246963858032005037288
18201 1246977841318198248168
18202 1247249403894718309176
18203 1247377224332162351736
18204 1247654945498402573568
18205 1247931911218009891328
18206 1248065652257940856977
18207 1248379139183810682529
18208 1248733645696296055296
18209 1249152128540692215021
18210 1250121538699759192896
18211 1251374937334194431808
18212 1251400155536765903032
18213 1251757544752532557376
18214 1251973621964967225408
18215 1252133820079247791000
18216 1253088653539459464000
18217 1253214966989003544064
18218 1253331890043332650551
18219 1253352317041905715089
18220 1253395703298651696000
18221 1253473101526452632000
18222 1253538584970731946432
18223 1253669388558957557208
18224 1254115675350945532125
18225 1254219133806892334016
18226 1254319542049105728000
18227 1254496450746417697000
18228 1254593701595962354536
18229 1255226152324345455375
18230 1255303106351779203000
18231 1256697248833999000000
18232 1257228622241060617512
18233 1257551518479815267072
18234 1257762023720381035584
18235 1258621795632005872704
18236 1259645199193841127759
18237 1259791242622289229888
18238 1260170382495679416125
18239 1260249964831259281152
18240 1261177578773305948333
18241 1261403771013913310784
18242 1261544199282774713250
18243 1261630021997933279432
18244 1261944976342135526441
18245 1262035036629520858432
18246 1262562626140994658753
18247 1262677182042736622799
18248 1263743960979689122752
18249 1264535880139859326363
18250 1264939243942604890816
18251 1265069811112662206869
18252 1265375625662050703640
18253 1265928878248046578657
18254 1266001842640168587464
18255 1266289073531252209738
18256 1266505990472930302648
18257 1267040142792076738176
18258 1267077547336400039331
18259 1267265228693482497024
18260 1267363127699822606544
18261 1267653284679474602091
18262 1267789641321208163977
18263 1267805390379808722624
18264 1268076260630747559439
18265 1268267043873205676664
18266 1268756719831437698043
18267 1269046461010697551000
18268 1269132817778490075840
18269 1269184852923620826375
18270 1269914171116933546750
18271 1270228210205457019608
18272 1270533590485641014113
18273 1270680888129237787384
18274 1271583735113369734056
18275 1272414405032907984981
18276 1272909861620380795392
18277 1274039257813109044056
18278 1274082913090795778523
18279 1274170066192250600408
18280 1274220282765341712619
18281 1275070121332100108288
18282 1275255798709634599104
18283 1275308044388862120000
18284 1275393097336212388296
18285 1275654132551731249863
18286 1276025950143402089112
18287 1276285434019784406792
18288 1276759280448119680758
18289 1276890561547346838456
18290 1277149371522381360640
18291 1277179320206584703727
18292 1278647095370767407432
18293 1278946188114387121000
18294 1279132854834494200203
18295 1280068959619796161816
18296 1280262873487867379712
18297 1280554697142108211005
18298 1281271037454946008000
18299 1281496109820096515625
18300 1282035978260787825712
18301 1282112845258462880832
18302 1282344915831835086504
18303 1282982444953584467904
18304 1284125026459686152616
18305 1284574390945609916971
18306 1285052744617691958944
18307 1285616139292761831451
18308 1285782980819263755192
18309 1285801056852563979000
18310 1285916905129838945544
18311 1286471921745602683000
18312 1286781288685245517248
18313 1286942544117822775400
18314 1287648391477575713131
18315 1288489656101648481000
18316 1288491496581149578376
18317 1289220119288183532625
18318 1289888115538430742031
18319 1290199412502707887369
18320 1292323245827017542047
18321 1292661990395903541176
18322 1292973029902204102144
18323 1293245696655365893713
18324 1293250045592339355528
18325 1293654998869683258536
18326 1293905848544530694144
18327 1294098188539038892893
18328 1294135524842587453000
18329 1294269195708334799343
18330 1294650474091846312896
18331 1294665332809243327569
18332 1295019910844292933944
18333 1295092928956708097216
18334 1296048505902426712107
18335 1296226404718829343513
18336 1297408445713296520184
18337 1297461526068123378872
18338 1297700988599379133952
18339 1297856411304928431768
18340 1298012170132569876803
18341 1298237277367929799089
18342 1299208659038379282375
18343 1299781705662978284691
18344 1299920084798608830375
18345 1300511783846194309000
18346 1300517498712853898568
18347 1301546034606027456064
18348 1302069150094312044081
18349 1302179572163850746184
18350 1302223439820095296875
18351 1302333268135290243480
18352 1302927480686789811000
18353 1303231279271100206391
18354 1303762583419752547000
18355 1303878936985222822848
18356 1304155190111984496000
18357 1304180469183317544000
18358 1304511999798385783197
18359 1305188793373027680117
18360 1305674246012715639125
18361 1306095986588309491113
18362 1306334962363491260928
18363 1306758632619886462952
18364 1306961676644203125000
18365 1307138255730659748032
18366 1307169107478119442375
18367 1307538258213679369003
18368 1307804774870476660141
18369 1308076587974869253632
18370 1308380003379691155081
18371 1308942527224419143784
18372 1309331140012809809343
18373 1309397997339215816543
18374 1309564916360841591360
18375 1310404338502788379032
18376 1310468414942417150645
18377 1310528024714126980125
18378 1310568704924203309032
18379 1310633642674553306256
18380 1310679741904071744907
18381 1311071802984651734208
18382 1311388070453613338823
18383 1311656729599304924472
18384 1311767003433602852864
18385 1312213678564671478080
18386 1312403007621407247000
18387 1312555537694002329000
18388 1312924533624916246440
18389 1312933361797777688640
18390 1313039831586707224000
18391 1313471649337227498671
18392 1313569583998880820507
18393 1313616565511971758072
18394 1314340719354888538599
18395 1314864129460458670912
18396 1315081985481975562488
18397 1315115897433884903448
18398 1316498499190325650472
18399 1316632312676795968000
18400 1316995180707973732875
18401 1317283876241547955776
18402 1317915541414038334976
18403 1318113245318576616000
18404 1318328366537031656625
18405 1318650393083866687936
18406 1318737552027319039040
18407 1318851420799603396608
18408 1318954108026014577000
18409 1319918418325352664000
18410 1319948723044534184000
18411 1320050045148137784000
18412 1320166731199943346291
18413 1320997730879801799279
18414 1321169871625657418664
18415 1321245552233435946264
18416 1321430402076446833353
18417 1321984446271795503288
18418 1322052418462291732125
18419 1322306294171108029875
18420 1322395712970254440245
18421 1322569791632315706552
18422 1323278561721060759997
18423 1323344319280118664704
18424 1323633869960997334311
18425 1323811547576629533009
18426 1324011904904725738443
18427 1324082148062730959448
18428 1324109734886975092875
18429 1324484785960199636500
18430 1325069866520481786677
18431 1325072254481987205376
18432 1325096774246571928056
18433 1325438322162368243382
18434 1325846869483947428800
18435 1325884346618400441019
18436 1325976612347515826880
18437 1326021891152879647125
18438 1326245726253838481000
18439 1326593208068827066368
18440 1326703280123694372984
18441 1326846806944327946816
18442 1326861220509656330688
18443 1327820475091796808219
18444 1328063989167375642000
18445 1328254794310894363648
18446 1328337590452113727096
18447 1328447004501492763461
18448 1328783721625908704520
18449 1328994416535601181184
18450 1329026253717231540441
18451 1329427290672040805973
18452 1329536871334716255757
18453 1329990113814702760000
18454 1330031992118839865791
18455 1330585504686877025125
18456 1330737741583685253000
18457 1330741651304967060133
18458 1331446854428173103985
18459 1331710061106704233851
18460 1331914840360437945185
18461 1331931470150740914000
18462 1332368217980244986625
18463 1332874376107297950465
18464 1333297827590757552125
18465 1333454220523959685632
18466 1333575700488492479928
18467 1333888026150951953344
18468 1334334573862571336328
18469 1334526487415966862199
18470 1334716811482848157000
18471 1334723182883575267328
18472 1335195197130001150125
18473 1335385622594742592328
18474 1335524218824553912000
18475 1336061252474800956117
18476 1336297930129274859208
18477 1336533140719558955816
18478 1336900882044099990744
18479 1337168912975181964125
18480 1337468698728041563593
18481 1338567645116092442688
18482 1339292948994879927750
18483 1339510441260158139483
18484 1339551081724766880249
18485 1339885727636875112232
18486 1339976985077075671872
18487 1340208404290984556952
18488 1340982395362842947136
18489 1341116399437410703536
18490 1341258611038744233717
18491 1341301497440377484186
18492 1342026044463011544000
18493 1342101040479692577728
18494 1342402907411706653331
18495 1342775590369620428168
18496 1343417380813767168000
18497 1343644316037646185472
18498 1343742810916202822125
18499 1344150460777072366152
18500 1344371801942995104977
18501 1344663754618875332544
18502 1344751445250540514152
18503 1345002298297457817024
18504 1345553650015679218625
18505 1345696762939962489875
18506 1345738325491169272656
18507 1345889294420095681984
18508 1346177123679908709000
18509 1346220796869298540008
18510 1346275114859479797720
18511 1346446305365836822875
18512 1346480849151861605000
18513 1346482935564477393312
18514 1346814768278802408768
18515 1346932361394900850752
18516 1347088761438879170313
18517 1347453406793475596888
18518 1347727500254663977176
18519 1348295468340393459397
18520 1348296297573901563000
18521 1348457807887337035889
18522 1348563290525930909241
18523 1349880986869742029248
18524 1349883880116466062375
18525 1349884002467835387072
18526 1350003114008283812616
18527 1350285356493148159448
18528 1351251066390684359355
18529 1351475559575317298997
18530 1352546396261810854776
18531 1352613585593425427811
18532 1352817713050360496856
18533 1353089594504304523000
18534 1353172645821325638673
18535 1353223046080675212408
18536 1353592554811927231256
18537 1353607643011071127752
18538 1353765820478964159384
18539 1354719529816423283331
18540 1354738706691271417152
18541 1355213706985642863987
18542 1355749023233878686504
18543 1356312314762895388096
18544 1356387733757084734944
18545 1356644463651582651000
18546 1356814722828308719248
18547 1356890156623599847713
18548 1357952744956197217464
18549 1358278892900722637208
18550 1358329028108302652311
18551 1358623743907456837125
18552 1358627644141000161741
18553 1358758154900793197276
18554 1358924363785525446000
18555 1360382355069120987399
18556 1361178762407717592248
18557 1361556997548804620109
18558 1361557188628704463571
18559 1361786997569649257152
18560 1361961465797597721147
18561 1362174073925124635000
18562 1362435098081240908872
18563 1362561116850955052766
18564 1362853021093525143000
18565 1362953182832623940103
18566 1363241951994630963528
18567 1364180853146522229000
18568 1364307484783656128625
18569 1364377846839055184682
18570 1364472270553069810125
18571 1365982876851946543944
18572 1366235628030199331496
18573 1366373977159281007463
18574 1366400627218069317000
18575 1366724972807566879680
18576 1366793878666083777000
18577 1367538837411501937000
18578 1368015327833548244032
18579 1368154004904104448771
18580 1368701247936504573000
18581 1368748189438672821408
18582 1368798569211362688000
18583 1368859238307351236637
18584 1368934964806567492152
18585 1369274165985080502784
18586 1369410212100344640408
18587 1369449016463636140032
18588 1369735324015364587008
18589 1369902771539986012875
18590 1370037564627338481875
18591 1370487576061421673408
18592 1370875950094533337000
18593 1371526287067874175992
18594 1371993811034051879856
18595 1372316444245790477056
18596 1372322781934687624167
18597 1372492517567052541023
18598 1373365842355071813547
18599 1373413853390695272000
18600 1373452979376694386816
18601 1373835872120158302912
18602 1373930964294760841697
18603 1373937908480566485056
18604 1374410945840065265097
18605 1374513162192735174792
18606 1374997742153322651000
18607 1375098523407973728000
18608 1375612944301526786856
18609 1375658166465251644248
18610 1375883391869539063875
18611 1376819815708277895591
18612 1377121605189874462016
18613 1377331210980409036625
18614 1377583519818145945851
18615 1377655113210036209101
18616 1377669361931666242712
18617 1378166734721854381248
18618 1378292142104658872000
18619 1378308185479959552000
18620 1378648894529311822872
18621 1378747579392507259208
18622 1378901068698680194752
18623 1379289219471879782976
18624 1379349115916721674517
18625 1379395032440410476864
18626 1379602625505661045125
18627 1380163141307069374528
18628 1380190595900938984000
18629 1380235795944186454056
18630 1380491636640868132173
18631 1380582612761393687256
18632 1380783809970153437184
18633 1381040618493266523000
18634 1381244113174768291449
18635 1381684217032090502720
18636 1382182839620925718383
18637 1382591630093037742287
18638 1382674091358930514417
18639 1383509736532554514767
18640 1383735870874864387881
18641 1384337316157343351713
18642 1384629523359482673000
18643 1385430900950118251411
18644 1385760721420524092553
18645 1386078949690674026625
18646 1386129671927094789000
18647 1387460151786784388040
18648 1387526067974750795000
18649 1387553711975944520904
18650 1387943310587935891608
18651 1388080547592543354816
18652 1388460391052183898624
18653 1388615276980431130176
18654 1389189042697043215719
18655 1389578250384237306744
18656 1389596420806385232168
18657 1389688263366770495592
18658 1389777681035995875000
18659 1390068429756604416000
18660 1391063836784854168125
18661 1391179467298378511143
18662 1391446985846328887112
18663 1391613822813881917224
18664 1391926770105842908756
18665 1391966447989634585523
18666 1392474345189594325568
18667 1392628750922594962413
18668 1392777507535953679539
18669 1392878789068198578328
18670 1393200582924161375000
18671 1394215932861136921536
18672 1394283647293723947384
18673 1394353567113572989287
18674 1394904449149935089464
18675 1395336937383842446656
18676 1395384207582864335599
18677 1395720869350618976256
18678 1395844336248272898624
18679 1395975897427382913005
18680 1396179486188446043259
18681 1396288249640766420750
18682 1396927734334596009000
18683 1397364874222629726232
18684 1397738354105675987496
18685 1398009118660746955480
18686 1398138992703791071552
18687 1398356946036292276125
18688 1398469386990064368672
18689 1399336873229941896817
18690 1399374162824662436139
18691 1399904508887152976871
18692 1400486149280870686125
18693 1400852436565742852608
18694 1401418838464650892224
18695 1401612088833473557159
18696 1401638341992253876511
18697 1402334343158549621184
18698 1402350812293239169361
18699 1402870169552161060296
18700 1402964577918158304448
18701 1403734133738566592235
18702 1404198310810358109375
18703 1404227940331760704000
18704 1404929641158295492968
18705 1405339314915930978500
18706 1405351365418366898679
18707 1405358157951257157144
18708 1405616441371295282073
18709 1405867745769401176632
18710 1405870370573110344000
18711 1406082040560368262117
18712 1406159608108274403904
18713 1406290306101662108608
18714 1406366548204989570696
18715 1406849789981259908856
18716 1407530655483561487872
18717 1407617816615919267840
18718 1408110100503275476125
18719 1408266947191374144000
18720 1409108930087569767693
18721 1409167379788516919593
18722 1409985067739583561408
18723 1410019388355076118585
18724 1410527477706959309607
18725 1410883167191957585000
18726 1411111602202083412176
18727 1411222225025904281928
18728 1411265461858096545792
18729 1411729095280755146688
18730 1412481519561812436919
18731 1413019706229407178504
18732 1413598714859213725843
18733 1413792621313558919433
18734 1413855687401178771456
18735 1414429505146367077312
18736 1414559667269560135688
18737 1415104912155513305727
18738 1415183865861660682879
18739 1415530221634712028456
18740 1415573215484342628968
18741 1415733300268258421898
18742 1416685115868759828000
18743 1416832869702069169272
18744 1418125482525934433251
18745 1418285643304628470248
18746 1418341171054650163767
18747 1418531591909515559931
18748 1418846143291294588416
18749 1418909636880302026824
18750 1419381984796230820365
18751 1419785556157642298625
18752 1420318008603066943881
18753 1420344311457854713896
18754 1421423657985899114407
18755 1421827972737385796856
18756 1422397957516696008000
18757 1422785558298765784032
18758 1422827515645002597312
18759 1423037896518727406664
18760 1423481436429979211712
18761 1423481768093452819752
18762 1424045278751638869144
18763 1425544393025979078552
18764 1426032678672879992316
18765 1426535744029793344584
18766 1427389484211520554816
18767 1427937338131054759944
18768 1428081284397087125000
18769 1428158140108976301480
18770 1428750584570475065016
18771 1428915379881574494000
18772 1429722440759602579464
18773 1430048548007174369421
18774 1430378129020418893432
18775 1431980045136210843000
18776 1432387582484638677471
18777 1432783838109667531635
18778 1433038288832320339169
18779 1433148020884811628936
18780 1434418277582033608536
18781 1434740518140236554968
18782 1435015178471329273000
18783 1435019511828741154875
18784 1435066689455342216000
18785 1435936360494933297000
18786 1436121109902028429971
18787 1436346788151515863896
18788 1436931713393462471192
18789 1436993806221809347960
18790 1437059726499907913923
18791 1437245922205338555401
18792 1437721654450221629937
18793 1437827970310424083944
18794 1438713251971005248000
18795 1439094758433129847296
18796 1439323387960615002027
18797 1439436481928309110968
18798 1441186584527693984337
18799 1441835277605411481000
18800 1443808783826552257569
18801 1443960101566940478976
18802 1443991331287212742125
18803 1444041400061284687936
18804 1444116863076159714624
18805 1444155364440606987000
18806 1444730930752663687168
18807 1445433788486292082875
18808 1445460073390312536375
18809 1445917219077523473099
18810 1445917654634904052875
18811 1446090247093640045625
18812 1446560687508956838000
18813 1447849620389249266176
18814 1447874937530783424000
18815 1447925345962469227000
18816 1449229506228308259000
18817 1449715672101692274552
18818 1449847542732781185000
18819 1449902694867225201792
18820 1450244325601231660981
18821 1450456211243883753000
18822 1450656275148073480968
18823 1450682198444948833000
18824 1452271615791408496000
18825 1453182711611573528937
18826 1453574239708030110125
18827 1454135542789274072000
18828 1454480743914861269824
18829 1454592212411862087128
18830 1455413305432130123625
18831 1455885476109035048448
18832 1456307445580880761323
18833 1456861500719894784151
18834 1456961973506593109101
18835 1457069646764347187264
18836 1457179006297845796875
18837 1457441979015037984947
18838 1457547912836429341473
18839 1458002843460090535608
18840 1458176601283168118625
18841 1458225718329594745720
18842 1458907339817916347912
18843 1459147058060707181439
18844 1459480872060164969864
18845 1460605934300638788936
18846 1460610836053843586931
18847 1461457623253690829312
18848 1462570941401010079128
18849 1463246251557296524227
18850 1463908248203819431923
18851 1464265535870792498571
18852 1465453807464335891904
18853 1465758680947494523128
18854 1466789269753057438656
18855 1468438014354349270141
18856 1468443901271068094464
18857 1468821006495433773000
18858 1468878749310836615544
18859 1469165005892373804504
18860 1469586888289303119000
18861 1469652900926019496533
18862 1470487022857350233281
18863 1470958578466338105333
18864 1471164939657506583000
18865 1471504189547628268389
18866 1471578199152110784000
18867 1471647959938351000000
18868 1471891775011268071104
18869 1471982916673066584843
18870 1472226541065879901911
18871 1472271142304873641536
18872 1472675760143016980544
18873 1472948436517599780648
18874 1473154669826676221112
18875 1473168819322154619441
18876 1473740822479950618048
18877 1473745147644545166573
18878 1474154151326784091584
18879 1474294773945806618624
18880 1474413611652310615624
18881 1474747594090197110784
18882 1475250496312713719625
18883 1475423118145512760077
18884 1475430440279644195776
18885 1476033846088339909000
18886 1476103051131526877696
18887 1476103105134027719433
18888 1476425706868491613416
18889 1476638413278197624000
18890 1476750652219595706408
18891 1476822867753779307125
18892 1477507739194769458176
18893 1477710390688586461008
18894 1478370349999747106000
18895 1478648387131965766080
18896 1479179211801911325225
18897 1479352590348160507560
18898 1480172061463812524808
18899 1480731237125774232417
18900 1480794448231235257029
18901 1481342636459516979339
18902 1481497906056528552696
18903 1481663958788880787977
18904 1482588551550440513088
18905 1483134561314557225984
18906 1483642480023410233408
18907 1483705697763944074329
18908 1483830957722106769776
18909 1483999087330349123625
18910 1484335044969561603000
18911 1484746136861820161544
18912 1485134632718706682368
18913 1485174771304536758264
18914 1485177783419624764743
18915 1485329078553769472625
18916 1485405063219527160256
18917 1485846348947518726233
18918 1485846364571990950464
18919 1485966282766133878115
18920 1486065517633599982632
18921 1486106330196127968783
18922 1486738358119551888000
18923 1486759472928212416128
18924 1486863349934618228517
18925 1486875206702543349601
18926 1487440340873648363384
18927 1487571709207376249856
18928 1487967537855808639000
18929 1488133651075471235619
18930 1488473125615344808387
18931 1489036591484422062875
18932 1489742089443663546248
18933 1489959492859427688000
18934 1490471266109957110161
18935 1490925235361149984851
18936 1491328704158803736856
18937 1491924959856411881472
18938 1492097426822661427125
18939 1492161001710305557176
18940 1492545238595304769512
18941 1493010511762373632000
18942 1493100946795024554624
18943 1493333314915587284664
18944 1493803694862876297537
18945 1493907282096209174376
18946 1493926406873083132712
18947 1493945464619494681704
18948 1494149330936352143592
18949 1494747944857718337897
18950 1494765328531436934875
18951 1494977345729595018837
18952 1495114095271012875000
18953 1495170338020476746048
18954 1495240462837985101875
18955 1495336397704413775875
18956 1495933162612690853331
18957 1496144219688573346017
18958 1496269410315621963875
18959 1497253996122558157729
18960 1497958690331335452103
18961 1498143044773354286853
18962 1498324135347303576039
18963 1498691772531002245833
18964 1498937577681276497583
18965 1499170041548164743875
18966 1499629475944729803375
18967 1499654483387893897848
18968 1499852096402999379768
18969 1500064402175486565399
18970 1500382484253812168009
18971 1500648191955328957632
18972 1501207711316551837872
18973 1501335525846139704000
18974 1501733690695937439000
18975 1501769189888793215936
18976 1501896307174921003157
18977 1502170988138530779699
18978 1502531960499968971859
18979 1504325966282449605568
18980 1504631272702129945919
18981 1505103466181898716497
18982 1505120455261847354103
18983 1505742674306069998799
18984 1506007658440187701253
18985 1506604066331902789797
18986 1506725779579616960000
18987 1507265707015290444040
18988 1507272008055262349544
18989 1507401898983206743517
18990 1507413391956791417952
18991 1508162647910732302977
18992 1508507493497262963432
18993 1508652127337456673000
18994 1508853005890990276608
18995 1510703192792021471936
18996 1510793304980904893403
18997 1510803033333648229000
18998 1511365111512023639872
18999 1511526521588970617432
19000 1512528638240540627343
19001 1512628564477651695009
19002 1512832519284883392141
19003 1513120137378487847144
19004 1513236109376951692551
19005 1513696535289902284776
19006 1514169650606956185024
19007 1514202152824910920014
19008 1514392097711703971336
19009 1514427522910082690147
19010 1514570328569511774223
19011 1515364219059862759623
19012 1515676303352257981857
19013 1516256312827346329967
19014 1516494938832804607992
19015 1516677649095596407056
19016 1516738616638347412323
19017 1516832766849614032000
19018 1517021083703840612625
19019 1517936578956346525704
19020 1518079280902431857064
19021 1518727940650344535111
19022 1518783809863582841887
19023 1518952792149314671032
19024 1519412096811651024320
19025 1519731893277496171000
19026 1520159553010313083232
19027 1520376065243889348096
19028 1520453853688457128896
19029 1520882783630734797000
19030 1520975176122333654352
19031 1521454667765395105197
19032 1521838558031407197127
19033 1521910519911420218496
19034 1522141898590271044989
19035 1522272878845399292976
19036 1522367664993027961920
19037 1522417340070945006696
19038 1522548808444538132544
19039 1522613207516459968000
19040 1522634976483605516259
19041 1522830374796713000375
19042 1523026542656565745344
19043 1523524272119809935661
19044 1523583501687861908931
19045 1523644596814812346728
19046 1523669210746199996787
19047 1523795868174258996057
19048 1524337447027642695000
19049 1525109918542102491417
19050 1525774374401554368000
19051 1526335121205197576000
19052 1526370962993260917533
19053 1527750393931438743213
19054 1528226915113722078171
19055 1528519234435509861125
19056 1528623749554684001856
19057 1528714330997875283808
19058 1528982817695356115456
19059 1529011206005250914765
19060 1529110855849444919289
19061 1529187793709096521728
19062 1529446258015470873000
19063 1530592881116388095448
19064 1531621987135603277824
19065 1532510083830290559624
19066 1533057992013286642176
19067 1533077811599668954893
19068 1533417482605549728824
19069 1533590997051403017000
19070 1533993747295667428008
19071 1534016982536365779487
19072 1534508405861687291672
19073 1534656174847995221568
19074 1535437298062689650811
19075 1535917192903071200313
19076 1536013235933346744000
19077 1536217897204203786153
19078 1536260651664225224192
19079 1536750230081661923328
19080 1536804305325208122021
19081 1536895146246084051336
19082 1537391490633606608000
19083 1537686562899895267186
19084 1538325035537352136074
19085 1538385022920536953344
19086 1538386059709552087125
19087 1538804925901877619293
19088 1539028058775553255464
19089 1539074659136209040664
19090 1539583498697842548288
19091 1539830465177676928704
19092 1540088601147363221864
19093 1540309688886869135144
19094 1540427063280461457472
19095 1542108170049991113024
19096 1542128683846253265000
19097 1542196033803492487875
19098 1542596462781294873771
19099 1542694367102098079744
19100 1543173534503924856533
19101 1543295079646923341375
19102 1543376276370824662648
19103 1545145982968795439661
19104 1545297110174442435993
19105 1545432390275977964952
19106 1545664824751395903912
19107 1545908736928157797923
19108 1546614936366949399895
19109 1546958947053682339840
19110 1548355768271954643456
19111 1548530308781273151000
19112 1549138772931319916983
19113 1549143241870823424000
19114 1549335535144520833080
19115 1550209424108204432664
19116 1550338039182314910528
19117 1550412682766061915528
19118 1551061953667055375000
19119 1551749695639155581625
19120 1551797031276832197312
19121 1551969174222970469181
19122 1553250354873063123375
19123 1553554288147345933176
19124 1553687673983261091639
19125 1554345403254470192275
19126 1554415548647375480976
19127 1554637450484207299392
19128 1555673588435980468000
19129 1555857268229913656896
19130 1555866592326881289000
19131 1556281723587106068000
19132 1556291784160552578048
19133 1556578163748864424203
19134 1556614225433415545208
19135 1558522115433062258752
19136 1558759543883406758088
19137 1559717982031008975301
19138 1560010999580429713408
19139 1560582307763599426488
19140 1560714993311534994024
19141 1561035163750134345000
19142 1561069343684554657128
19143 1561584001518560483289
19144 1562036316029298188072
19145 1562104550627123734296
19146 1562235225852423421000
19147 1562390592768178854408
19148 1562659050470364945000
19149 1562775754031998878456
19150 1563624876581647042527
19151 1563655794406642132803
19152 1563684044316104426625
19153 1563795032435939118816
19154 1563889176721683504000
19155 1564452550072353522483
19156 1564598695899319045875
19157 1564949345476821188976
19158 1565455162785099839883
19159 1565732036900608479000
19160 1566017044609154944625
19161 1566729459750161455875
19162 1567528278966893139624
19163 1567930263370660444437
19164 1568196828618955479000
19165 1568483996090597154513
19166 1569287602847407969071
19167 1569468236921564121576
19168 1571410828170467672472
19169 1572230111870178259317
19170 1572917984457139619936
19171 1573292181613289319000
19172 1573677170511885654579
19173 1573929234375435358183
19174 1574586986906737517688
19175 1574945509889783348928
19176 1575116607263766905520
19177 1575159382388504511424
19178 1575428859192003923016
19179 1575760400136207438426
19180 1575940474137073464000
19181 1576945929885311349000
19182 1577434887248132717784
19183 1577662637934745065375
19184 1577675011529353975875
19185 1577873551095423547875
19186 1578399763390408026432
19187 1579059556755917230575
19188 1579252438519200592875
19189 1579417102997268810093
19190 1579772311872432017067
19191 1581133461024229111125
19192 1581176252693126829376
19193 1581786081891923544000
19194 1582756485426777798739
19195 1582976219314827969567
19196 1583607478100667056128
19197 1584383353102878421275
19198 1584491306510018088000
19199 1585340405223811308891
19200 1587044790945936693000
19201 1587144425001662795632
19202 1587743931786614561232
19203 1588419864722288858176
19204 1588794421640491902375
19205 1589619234863199764042
19206 1589971356639073863000
19207 1591521795193297556043
19208 1592291869997332166208
19209 1592566453794125858048
19210 1592606584404621963008
19211 1592761997830641575112
19212 1593046731975177985688
19213 1593207066941139321000
19214 1593256812446808576648
19215 1593366255623071134387
19216 1593638622857029294000
19217 1593934678043446515625
19218 1594035672273730138824
19219 1594131290364490881003
19220 1594299007481515708392
19221 1594475875240956288000
19222 1595668784047490918493
19223 1596348621834795418625
19224 1596493349665103216061
19225 1596568199564353445703
19226 1596656942207416509632
19227 1596810731564007288000
19228 1596834122959499662728
19229 1598012664053536204929
19230 1598079459505218895296
19231 1598307892932994805952
19232 1599012839476763601408
19233 1599159343450282385408
19234 1599390235755132340221
19235 1599578129558849057280
19236 1600046773592125268592
19237 1600110744512194069064
19238 1600345038580853435199
19239 1600354331079731864000
19240 1600949668187936140165
19241 1601208934246388670840
19242 1601406559904166289736
19243 1602118566856007928000
19244 1602302626267842364992
19245 1602511970814781580736
19246 1602633424405369771051
19247 1603015738099934125968
19248 1603033721786109203136
19249 1603374782857244140625
19250 1604340531160738430976
19251 1604765385257645368728
19252 1604921915301262023375
19253 1605221888674571617625
19254 1605603278172775831488
19255 1606536553006068768000
19256 1606612219058653678872
19257 1606685161158513414144
19258 1606765431768188439169
19259 1606766644900209047157
19260 1607505098704294530312
19261 1607822377808982232625
19262 1607883222675198597184
19263 1609345585923605220789
19264 1609678718406584856576
19265 1610360171766159690240
19266 1610365507393996900261
19267 1610472337562124503712
19268 1610589027597725448000
19269 1610729577402010491608
19270 1611582262420182124787
19271 1611903812855608999125
19272 1612324456678692744624
19273 1612677385576702081000
19274 1612747569977185378581
19275 1612892499829437070656
19276 1613062877460406426152
19277 1613531598472503905832
19278 1613534360959787877000
19279 1614232409227184479733
19280 1614261426836424775955
19281 1614350343313017607752
19282 1614423007298987591832
19283 1614537997343215753536
19284 1614562574328488828888
19285 1614797368216694437256
19286 1615236582013793939375
19287 1616255823711478876927
19288 1616742356152728921480
19289 1616767151766651271107
19290 1616770189314838293589
19291 1617052852868031720288
19292 1617313017981741295383
19293 1617879143388710782125
19294 1617987392811690551001
19295 1618890764887514171375
19296 1618908484220980682184
19297 1619981568512278313832
19298 1620198521921857341672
19299 1620227077146725677894
19300 1620504849139335417375
19301 1621656601501831405056
19302 1621867933357348763177
19303 1622476107372992291784
19304 1623881494890771843545
19305 1624098680172693309312
19306 1624362468487643465000
19307 1625289648011758674344
19308 1626399252085721913000
19309 1626613325884785905875
19310 1627118426430188566875
19311 1627780499272227967632
19312 1628121216267477288000
19313 1628639235407244865896
19314 1629157449996489167144
19315 1629190038888167277375
19316 1629507306159992096712
19317 1629545974955821286784
19318 1629641346627898146375
19319 1630325356982830187784
19320 1630782596582068415941
19321 1630933483732804325601
19322 1631253105518521223375
19323 1631295127878090344000
19324 1631647935001618465750
19325 1631786556769947587529
19326 1631884843734842253375
19327 1632178937653433298432
19328 1632607469379915867531
19329 1634079237806835412992
19330 1635217012292246929000
19331 1635390450177143728887
19332 1635655949183378172024
19333 1636306938995171226264
19334 1636959328543363911625
19335 1637072755732806423040
19336 1637128747614695026328
19337 1637193293233983576000
19338 1638307582080988678496
19339 1638344520730990540125
19340 1639318675321525464000
19341 1639323065573065656000
19342 1639567445850966076991
19343 1639786633223026960728
19344 1640811038386431966264
19345 1641672268042211972469
19346 1642023940266813589759
19347 1642204260451432432279
19348 1642435300217349861769
19349 1642451457100599362763
19350 1642672069165279092024
19351 1642898808978820848000
19352 1643071381441209667584
19353 1643139932912784468288
19354 1643574567027122756936
19355 1643732220629292273207
19356 1643754117630162447000
19357 1643792539951453208625
19358 1643945176392433478928
19359 1644110814757054658625
19360 1644132943900317087000
19361 1644419689135073204536
19362 1645364760672853486539
19363 1646070003661772566592
19364 1646253433367671197888
19365 1646315262724221370944
19366 1646328745378053285696
19367 1646467235827501067253
19368 1646610228599052598784
19369 1647322790732075664578
19370 1647433949162313037472
19371 1648303301551920012125
19372 1648467653011923693859
19373 1648776140306779288896
19374 1649146000902315103881
19375 1649522550130959168379
19376 1650718084606472305144
19377 1650981141910060639679
19378 1652463517449103999640
19379 1653222663944675271000
19380 1653336948922673833000
19381 1654147966404458467936
19382 1654527523107807726651
19383 1655039533543989176493
19384 1656205181148069523881
19385 1656881450545738654503
19386 1657572388317371124928
19387 1658032060277179367424
19388 1658283166366555940568
19389 1658494393487383652928
19390 1658627668346691621384
19391 1659340215943637117625
19392 1659491306637110821000
19393 1659773976685311317824
19394 1660475315245361166305
19395 1660610288662820057528
19396 1660628298551850727281
19397 1660906185903756194823
19398 1661346963054324189000
19399 1661484190289337197875
19400 1661875959958118028936
19401 1662075498687285684184
19402 1662978465092376446625
19403 1663419104725029652728
19404 1663582938816553156584
19405 1664285654263359547000
19406 1664301275961751784000
19407 1666571634151852740867
19408 1667131469791735637592
19409 1667467229852050177824
19410 1668867878174525356608
19411 1669583653925568431869
19412 1669716541745230241536
19413 1670419619767730509713
19414 1671205761517458892096
19415 1671331165816212246528
19416 1671372685291490865216
19417 1672964218243516764824
19418 1673019933160920206625
19419 1673358070186116760537
19420 1673441914854148038216
19421 1673552843527476589496
19422 1673640981032959142568
19423 1673736791717699760051
19424 1674215154760531810392
19425 1675188701398773004500
19426 1675551760541025833375
19427 1676626232511474014463
19428 1677326740852480789617
19429 1677399803362852300251
19430 1677887650747113444847
19431 1678170679432956989000
19432 1678319658226974021120
19433 1679456678412110532480
19434 1679840475297876132696
19435 1680348297375122877567
19436 1680357593884820032000
19437 1680994145711502989568
19438 1681600884082046520264
19439 1681670592005881284288
19440 1681839067274953411032
19441 1682697110031660954511
19442 1682982412316506665728
19443 1683425199387929472657
19444 1683862945629198481000
19445 1685058156849213126981
19446 1685656044231559174593
19447 1686418951953498911577
19448 1686444145794024263640
19449 1686522377141553096054
19450 1686886548016321616328
19451 1687017856938566344920
19452 1687514483956630178304
19453 1687693071618309207816
19454 1687847541306649637824
19455 1688129124828054065703
19456 1688908614289848708939
19457 1689178407648315429384
19458 1690049001767092005312
19459 1690244181101411000000
19460 1690346958014280375000
19461 1690574842709119213875
19462 1690791109583476191291
19463 1691713177195307116851
19464 1692509665838765877432
19465 1692576573592397246936
19466 1693501834750824568232
19467 1694731373946580271939
19468 1694838206796603194664
19469 1695217585841200512000
19470 1695845979687328856569
19471 1695929279804765312840
19472 1696155711639444729856
19473 1696989631915525147928
19474 1697011607696089890968
19475 1697449947662128600512
19476 1697610295409992224625
19477 1698556792433571592704
19478 1698684184108844478000
19479 1700291125406394125822
19480 1700896775303471721696
19481 1701215482627608035328
19482 1701471457863766681183
19483 1701506255316635302281
19484 1702126239107808948399
19485 1702262577094688062125
19486 1702519197564275356987
19487 1702551605053752873000
19488 1702798545973202135640
19489 1703233124825179321855
19490 1703364759021947793408
19491 1703945060801675757000
19492 1704347734885880765625
19493 1705221864592360365888
19494 1705525542101806641216
19495 1705882549274059527000
19496 1705961061644335749864
19497 1706552393605757833408
19498 1706702571382369640625
19499 1707477502250481609375
19500 1707521114883926297088
19501 1707540933295237531456
19502 1708137596328914114000
19503 1709008660023071751071
19504 1709160957355606150753
19505 1709335233125459719416
19506 1709619522198802270875
19507 1710091010925576279000
19508 1710904722811553694087
19509 1710983106412272020088
19510 1711542761172282407768
19511 1711984657986063644625
19512 1712574640184135455296
19513 1713484962475342988031
19514 1713539085778835498547
19515 1714515920849890674432
19516 1714767626916217691064
19517 1715280284551344193592
19518 1715481020906971973928
19519 1715543208383591018952
19520 1715843405582162663625
19521 1715948855273197255104
19522 1716759976330101746043
19523 1716929147098385344000
19524 1717412105534083707392
19525 1717659297433403158653
19526 1718263380319927201000
19527 1718281672964381479500
19528 1718446582191834096758
19529 1719470815377037632000
19530 1719739921794334818632
19531 1719869920686970175088
19532 1719943859995223480072
19533 1720056275325031132125
19534 1720164926511910139625
19535 1720918011630812904000
19536 1722291244650196913609
19537 1722486972102531479000
19538 1722752729790917294736
19539 1722996923390059412648
19540 1723425473150953215427
19541 1723461006238138445824
19542 1723622744958830893359
19543 1723831473048965587125
19544 1723876868322882000000
19545 1724147566949932861464
19546 1725528619411963013375
19547 1725746258162883224177
19548 1726021232622269599744
19549 1727806641209870038272
19550 1727933354844726469888
19551 1728377819139773227608
19552 1729280101063625019000
19553 1729704204626128891713
19554 1730180331953233012125
19555 1730254988955672426968
19556 1730338402991753644544
19557 1730528432448529625000
19558 1730648831536590336000
19559 1730684143923525223875
19560 1731161726224682472000
19561 1732674862666869843456
19562 1732691774691666187217
19563 1733161040488647327168
19564 1733571426741296743809
19565 1734368924946018816000
19566 1735385044440394483136
19567 1735591303717665325659
19568 1736182393497512800875
19569 1736442795526471056024
19570 1736764046363480206401
19571 1737268185361238326881
19572 1737527206290929868087
19573 1739777694037628661864
19574 1739817188682381259416
19575 1740181175857583123392
19576 1740196635965638325496
19577 1740295646880988185261
19578 1740617886001373106273
19579 1740780396346468486464
19580 1740912586240872218265
19581 1741387436902193010632
19582 1741765476560181869888
19583 1742292997405581608000
19584 1742524755897612344896
19585 1742561675844092413128
19586 1742716326125512632375
19587 1742739825533167595394
19588 1742866858358886720375
19589 1743323761588163491520
19590 1743783594191611407000
19591 1743839464154498362232
19592 1743876680585805157112
19593 1744082268381298867112
19594 1744478701348339500544
19595 1744612857758977171875
19596 1744987657005410366367
19597 1745264854550721340928
19598 1747421163384951914496
19599 1747728126926863979625
19600 1747779061923879494328
19601 1747851652196203194368
19602 1748541452818299776000
19603 1748839494672596181375
19604 1749811767119796751273
19605 1751991164873832060864
19606 1752049017055635427864
19607 1753434741830222866149
19608 1753475450952741384960
19609 1753481466912937273848
19610 1753641315775961519544
19611 1753651053715116620736
19612 1753878288955396870656
19613 1754105285957332107107
19614 1754240970732211219202
19615 1755054796096278161856
19616 1755394378985042010432
19617 1755478993928073553377
19618 1755590468507076609928
19619 1755907476128546741000
19620 1756770841941261263000
19621 1756794568910916020031
19622 1757376820786945891715
19623 1758708099182089017144
19624 1758754208031243043257
19625 1758966069714225136128
19626 1759006539121249506816
19627 1759976232959421463987
19628 1760615154440991399096
19629 1761451077541329330696
19630 1761658447041367663096
19631 1762101200902775878747
19632 1762237299756200904000
19633 1762363657951414774074
19634 1762863649609813785216
19635 1764179592299516428920
19636 1764953176708668356432
19637 1765818767148336786375
19638 1766452753249670160864
19639 1767643438232594166615
19640 1767650563940061470544
19641 1768099042965822442561
19642 1769107951047408692392
19643 1769114591781780192768
19644 1770197010132526060869
19645 1770363176625419592125
19646 1770561112908327222392
19647 1770639686285690633049
19648 1770682469342610121515
19649 1770802956657614748771
19650 1771587866356694155917
19651 1771615565087015943000
19652 1772315012887975117809
19653 1773139443543420406272
19654 1773229405167662604344
19655 1773499781210720472000
19656 1773636551296433158608
19657 1773876797373410131311
19658 1774406853618254546544
19659 1774750307043604918599
19660 1775500534800258614803
19661 1775517748104879193779
19662 1776154631049768341736
19663 1776458688184570272344
19664 1776813265171391586048
19665 1777322025218766639249
19666 1777816195698497834880
19667 1778077065072822450489
19668 1778929492610268999000
19669 1779193093413045210264
19670 1779202398692186474552
19671 1779505101771271225344
19672 1779835599688537564992
19673 1780206047568678384333
19674 1780498264912320144744
19675 1780672197361389822217
19676 1781096594811716963816
19677 1781259640391261433312
19678 1782240734933853518168
19679 1782341402585813197821
19680 1783317138077430091864
19681 1783471334002661406376
19682 1783589500618318639224
19683 1783659773407879463616
19684 1784108032307181544411
19685 1784434618112300724024
19686 1784652148201661178048
19687 1784748318535634999976
19688 1784856216912119676416
19689 1784926022042455675201
19690 1785023554747898155509
19691 1785994098130734327927
19692 1786461885246357176949
19693 1787431771507904227368
19694 1787753565771869987928
19695 1788154790718625061824
19696 1788787118960057095733
19697 1788794777358216945252
19698 1788918513126895211544
19699 1788919322200824534877
19700 1788970716975865393152
19701 1790633211230040407685
19702 1790804643108665183883
19703 1791138558710544845984
19704 1793463400516658390072
19705 1795370326174394872000
19706 1795688651081417582707
19707 1795787315424753513408
19708 1796017703088107974111
19709 1796084127425793945250
19710 1796138132855608166625
19711 1796248518943369960161
19712 1796432083277877669176
19713 1796756005713051228538
19714 1797010861921014114856
19715 1797200336376959000760
19716 1797244274582761844736
19717 1797980618929174557696
19718 1798208624355018423912
19719 1798543938783436582976
19720 1799140678062545230875
19721 1799445292549462651392
19722 1801228326575830739496
19723 1802208903792099192000
19724 1802841525691599529584
19725 1803019709137705511544
19726 1803167017553500877096
19727 1803215345861944269521
19728 1804235417424101433681
19729 1804798214610338304000
19730 1804848561623239973568
19731 1804968738322344434385
19732 1806081817778163596125
19733 1806247482427442959632
19734 1807396062424339968000
19735 1807672735286203574789
19736 1808075682093290416632
19737 1809387259937083381464
19738 1809630733745969204499
19739 1811207413782828629568
19740 1811640231868801478696
19741 1811690327477879478000
19742 1811944626957829000000
19743 1812192774512407252992
19744 1812670070948262286488
19745 1813103043001627718341
19746 1813983744138467570712
19747 1814180884090800140088
19748 1815158138550659311591
19749 1815233302821475982692
19750 1815457383244685548459
19751 1815475444936490192184
19752 1815578854959955299669
19753 1817042390605781605448
19754 1817811889992385560000
19755 1818408637134771259968
19756 1818495361523516256000
19757 1818749605810887102024
19758 1819002741645553746373
19759 1819426182720860127232
19760 1820466881586328824576
19761 1820474930709029175399
19762 1820563310376753421752
19763 1821123759063035711375
19764 1821377804969014000875
19765 1822012424141401864008
19766 1822609249964032271616
19767 1823167411550155125000
19768 1823643369653615217000
19769 1824023974946973567768
19770 1824329299571826873273
19771 1824608679282365073552
19772 1824634630441864586016
19773 1824709072464403292232
19774 1825961616730246817367
19775 1826117153697958482816
19776 1826931039096668767128
19777 1827364087975620939992
19778 1827569623828918354875
19779 1828102258431382950016
19780 1828181290089202884927
19781 1828453980589460329112
19782 1828920708221246469163
19783 1828943862036178797000
19784 1829054855781159841792
19785 1829086104526676254656
19786 1829436836496393701304
19787 1829637507144230785512
19788 1829788105845485622375
19789 1830200278242198681000
19790 1830379614694398637480
19791 1831422060036260201601
19792 1831512595427952883264
19793 1831562089692777160641
19794 1832351166222795752248
19795 1832761299040072075584
19796 1833517570342520049624
19797 1833552729998624355903
19798 1834178263424115611275
19799 1834243945546109662656
19800 1834986332107338318216
19801 1835121509842024369728
19802 1835213301401473641375
19803 1836415339133384673216
19804 1836573223547787880519
19805 1836770235911768043432
19806 1837803006989125779456
19807 1838144571486532521984
19808 1838392239227424577669
19809 1838876395817144546317
19810 1839384387862774293051
19811 1840175276648387725683
19812 1840601124520846099776
19813 1840765187792092895424
19814 1841004134927685570024
19815 1842900161773141496125
19816 1843362714206737858680
19817 1843830485604709602056
19818 1843889445135100504232
19819 1845460546169078343960
19820 1846208391518063262447
19821 1846229717544932547072
19822 1846330389496796012992
19823 1846353506710282687000
19824 1846469491374548765907
19825 1846515564216175218219
19826 1846885417242381688536
19827 1848337222667097711493
19828 1848788919052292672000
19829 1849307915277137515625
19830 1849328134762703257000
19831 1849333683501649620639
19832 1849481243498591558856
19833 1849698688921025716800
19834 1849717937574058927375
19835 1850117647505931666891
19836 1850278287954216417696
19837 1850816493263392932375
19838 1851482826979802872128
19839 1851802639865277810256
19840 1852969246641100695464
19841 1854356082576169598712
19842 1855436743538304823296
19843 1855840268462209396003
19844 1856668390966682305957
19845 1856948537631513614463
19846 1856994725545117704000
19847 1857075557914909882368
19848 1858255635114213033888
19849 1858329095620569736248
19850 1858933303600906066625
19851 1859517747993210669000
19852 1860735077222929334163
19853 1860893788665699449181
19854 1861398094624095180608
19855 1861566223668309946368
19856 1861835776360670505024
19857 1862421391433512982016
19858 1862489209358022787269
19859 1862539648183612818000
19860 1862787826203336422208
19861 1862869177919055406464
19862 1863176507739080550081
19863 1863465953520776689000
19864 1863538856367433961625
19865 1863620923994671723875
19866 1863692541981486687744
19867 1863915432303243919509
19868 1864266668553213517248
19869 1864965518423835589125
19870 1865416056302000449368
19871 1865830936809473255232
19872 1866211095175804351000
19873 1866365543150847806067
19874 1866722669720015744000
19875 1867137570711929152000
19876 1867180154049989233875
19877 1867496021598083518304
19878 1868683335652196436744
19879 1868763581895232661184
19880 1870162268111963996625
19881 1870373501936885850912
19882 1870849764026656981848
19883 1870930086051404758653
19884 1871062257385507410504
19885 1871637536453315679909
19886 1872135988191105580125
19887 1872529761974772805632
19888 1872540884500667789499
19889 1873090723219752214269
19890 1873157731725625371000
19891 1873556676295401314880
19892 1874077737368621496768
19893 1874183739210980642367
19894 1874369908338848628344
19895 1874699178551477022528
19896 1875524645852069860648
19897 1876333947970879104552
19898 1876578126129203968576
19899 1876941885429436053375
19900 1877400315780255936000
19901 1877870142002625219631
19902 1877995478048695758144
19903 1878145401991017632256
19904 1878244186641190018469
19905 1878888736626352249617
19906 1879477935667602110568
19907 1879577791286722028712
19908 1879868588992292083185
19909 1880082128400828940224
19910 1880107842190994398584
19911 1880111019174962753816
19912 1880936821964172097125
19913 1881553001122383634773
19914 1881686354233660961679
19915 1881831749399644173651
19916 1882671292005481210779
19917 1882749572177718514807
19918 1883147936796927963136
19919 1883159609482228063168
19920 1883746022869955200320
19921 1883763327747167787375
19922 1883967071210986552903
19923 1884081766834360372951
19924 1884510690768829960704
19925 1884757356124742901312
19926 1885615347422616682483
19927 1885660363006221596249
19928 1885995159145402743720
19929 1886320396528624994301
19930 1886407668170869465160
19931 1886720352991579413000
19932 1887009734101049956125
19933 1887708547023635811384
19934 1887741927582956150615
19935 1887865322342467832000
19936 1888193294372893623193
19937 1888217699745416566464
19938 1888248251856660011136
19939 1888530883495824329216
19940 1888538767855929660016
19941 1889302996551865519872
19942 1890655693664723065899
19943 1890725290346907987903
19944 1890963954784245159000
19945 1891431541842983360136
19946 1891458477385499712573
19947 1891768114118222566317
19948 1892441603648560726125
19949 1894218720487052653512
19950 1894447614717560885248
19951 1894644261294658351471
19952 1895169229690504171005
19953 1895788152148970590875
19954 1896200595552242162673
19955 1896346046261097684288
19956 1896657301086925858936
19957 1897333715499731891928
19958 1898902079338346986176
19959 1898933694964030387656
19960 1899050855849724213000
19961 1899203067702265248072
19962 1899220029219174065560
19963 1900572334364908554363
19964 1901640198477060288000
19965 1902609125249548625000
19966 1903671443718192198869
19967 1904183552886435576000
19968 1904210544208519991808
19969 1904364117309292994719
19970 1904918249804465796264
19971 1906705220257788461056
19972 1907333726432500431000
19973 1907353354372282850761
19974 1907439357358420663176
19975 1908461464125318020672
19976 1908498164898642687279
19977 1908848884899036664512
19978 1909060699678795719875
19979 1909472264638910986112
19980 1909840499409441971736
19981 1909864500555857850368
19982 1910163469518592909192
19983 1910854606415618125899
19984 1910941781192696850624
19985 1911177285178490470232
19986 1911446121951848008952
19987 1911849200645664685041
19988 1913310916047409401432
19989 1914232697206363649745
19990 1914326198034440567832
19991 1914479795158851266424
19992 1916388195439857624576
19993 1917005000630279551992
19994 1917019317076166475783
19995 1917420062989211621568
19996 1917499348129486250367
19997 1917573669990851215779
19998 1917825324477719395375
19999 1917851684441888770848
20000 1918143863142960281192
20001 1918864735707966878169
20002 1918935835276101432056
20003 1919838411890628416271
20004 1920010830185249897095
20005 1920322947698372235501
20006 1920581180799031837693
20007 1921173162129301841488
20008 1921719148714111655727
20009 1921842031731201216000
20010 1921984506776894776272
20011 1922056626986035001000
20012 1922333384863986815448
20013 1922439638911066034688
20014 1922594960305702849257
20015 1924014254747184349659
20016 1924185128428434792375
20017 1924493059124122295592
20018 1925061240713851165744
20019 1925408420064825497893
20020 1925735804695441163880
20021 1925932257012841372451
20022 1926012303640772919936
20023 1926682034199267828169
20024 1926950748858115533000
20025 1927280848891345923339
20026 1928292771610605976056
20027 1928587376232572925051
20028 1928637163494439561800
20029 1930177900484411702761
20030 1930554089017795536750
20031 1930555906423964334261
20032 1931017837606651497375
20033 1933081187412096304128
20034 1933340157584711059249
20035 1933346783880601259625
20036 1933847111079928863000
20037 1934276644042205024952
20038 1934560994492009638664
20039 1934608310854656575355
20040 1934618372525993363027
20041 1934745692185717170984
20042 1935533252597901462207
20043 1936626877337652240832
20044 1937430250110089391384
20045 1937615535046618122752
20046 1937857421337504233112
20047 1938074780500698510125
20048 1938219190249868764875
20049 1938911850246295197000
20050 1939010457650240059624
20051 1939190671490881342625
20052 1939637706864456132261
20053 1939901314912667759016
20054 1939938978773236412664
20055 1940102738606031888896
20056 1940418745305371513000
20057 1941581195050052123288
20058 1941940939224300923727
20059 1941986473755200471872
20060 1942593558328811763037
20061 1943086735770005814625
20062 1943573366995623012888
20063 1944329947108403871744
20064 1944726254667185640768
20065 1944729666945518102091
20066 1944914888897914272283
20067 1945281269037669069689
20068 1945856670115724389296
20069 1946674953522997527375
20070 1947725488920199625000
20071 1947881205582650648128
20072 1948756497039102133656
20073 1949617247531016333816
20074 1949695922409184802125
20075 1950140358613800465112
20076 1950385465951276843125
20077 1951103748789300105000
20078 1951327479468512383875
20079 1951441573749612122304
20080 1952372836020300057000
20081 1952620991745347268072
20082 1952726313919864025088
20083 1953149745174751816000
20084 1953654617808284647464
20085 1954153197302396770693
20086 1955002045672019630592
20087 1956970824228268160832
20088 1957067042133002070824
20089 1957163274033592204125
20090 1957234417736749877096
20091 1957808946747221987328
20092 1958021656429028527701
20093 1959287104528804042048
20094 1959467208144498541125
20095 1959492275073959945536
20096 1959654692538226502000
20097 1961374048624884655125
20098 1961435912049621228032
20099 1961603750312169201000
20100 1961999575660950973875
20101 1962040593002540424192
20102 1962386445859618641408
20103 1962636032443730205744
20104 1963068795982785673728
20105 1964031325984187840016
20106 1964374581990720450915
20107 1964759433949526276088
20108 1966101244708228631523
20109 1966301246661853492125
20110 1966895978600221473861
20111 1966912095477035214144
20112 1967888794798920966336
20113 1969245176478023729376
20114 1969255024176870271296
20115 1969330343587814195352
20116 1970392884424335381500
20117 1970448889888516696344
20118 1970704448215189994664
20119 1970805483585557027136
20120 1970933898001261612267
20121 1970978177068299599256
20122 1971645386843719431000
20123 1971750662752194106055
20124 1971921975983196092856
20125 1972053403408889208954
20126 1972216734419024258373
20127 1973101127617047240351
20128 1974921032171640302442
20129 1975376027432312735139
20130 1975754450883320585352
20131 1976061921429971805696
20132 1976588217776778723936
20133 1976856376937980244625
20134 1976880156149105794125
20135 1978186040649036947456
20136 1978394816794571535906
20137 1979711484070166525250
20138 1980173121017619070963
20139 1982239162001919154971
20140 1982273184295430611221
20141 1982729181351520499625
20142 1983137248645268271859
20143 1983166664405597079435
20144 1983292617296672136000
20145 1983723271406469231912
20146 1984726747224622488808
20147 1984784245902534313529
20148 1984819757087965556752
20149 1985180742857167960104
20150 1986073100421413230773
20151 1986273770526222951375
20152 1986892718757023645048
20153 1986987656311609895755
20154 1987237209588459192000
20155 1987691755830317502875
20156 1988192590525880097723
20157 1988534346397431412517
20158 1988738070975707898392
20159 1988922686760509093000
20160 1989247201326152051031
20161 1989378760064725209024
20162 1989503049836816147088
20163 1989842065294613835088
20164 1990541226006852344000
20165 1990564299354732907176
20166 1990961399541501858744
20167 1992087918973332357632
20168 1992153434853003902272
20169 1992285809402541778944
20170 1992316702843998520704
20171 1992506406280878301632
20172 1993312524428515324008
20173 1993866671544412968000
20174 1994730042795055563816
20175 1994773986602023174767
20176 1995437485066429292616
20177 1995611926362386044375
20178 1995724728637540949503
20179 1996021319857100817281
20180 1996148130101837803000
20181 1996734249227483490816
20182 1997448800188964436216
20183 1997695134750801993624
20184 1998159591934229813271
20185 2000893872950978425875
20186 2000917714789364381829
20187 2001789631073687901875
20188 2003676146542085416128
20189 2003681743103214437354
20190 2004975058377502923264
20191 2006608040971310937979
20192 2006949525116407716033
20193 2007316124028089501725
20194 2007841173802976675520
20195 2008034262067023714888
20196 2008094062101516319931
20197 2010098583583318008963
20198 2010174065555658459184
20199 2011420264803054833000
20200 2011873182792350395392
20201 2012345833537317896072
20202 2012414279936216691528
20203 2012979120704976539232
20204 2013002235182569504328
20205 2013247893542687583327
20206 2013410066711547923568
20207 2015653326597979325803
20208 2016184942196108041176
20209 2016566012183208849216
20210 2016568815760249680384
20211 2016630208769652367353
20212 2017231184070928796399
20213 2017644705909934920000
20214 2017944408522231063000
20215 2018154057336389939967
20216 2018255303934432119249
20217 2018793417189527160000
20218 2018864574029334096000
20219 2019241000189102515625
20220 2019427999201149368832
20221 2019841774863877225989
20222 2020947125353496606448
20223 2021897846038382292519
20224 2022530811214021266375
20225 2022740481452421742137
20226 2023397094064630045797
20227 2023442600049138779000
20228 2023819415143507891000
20229 2024551361974667937859
20230 2025319847531951672000
20231 2025782041833502418115
20232 2025966007090490283000
20233 2026116254512987770744
20234 2026230552753724464875
20235 2026298095356770414361
20236 2026313713468230083352
20237 2026526648345380125000
20238 2027075555994466892824
20239 2027221227672002559288
20240 2027537514865318292928
20241 2027692780649171132616
20242 2028766258247344592704
20243 2029362572794302180253
20244 2030039166842170131375
20245 2030741247861625904640
20246 2031109193717959391946
20247 2031736026600633713256
20248 2032159279820465388593
20249 2032171143344981821000
20250 2033280914171021169408
20251 2033904277827867174912
20252 2034048168646168716216
20253 2034876902516888282496
20254 2034886458754292203125
20255 2034891182413343054528
20256 2035379536295324611112
20257 2035859762494390577472
20258 2035869445009820817000
20259 2035925975886963863157
20260 2036004013242192027853
20261 2036076031637050852891
20262 2036224375101084891879
20263 2036300736100303987776
20264 2036618927925344193375
20265 2036661225441822133056
20266 2036987162956899260289
20267 2037419257430935626696
20268 2037634285262205563577
20269 2037651862322566451143
20270 2041068811786841380544
20271 2041353509115977921375
20272 2043349706602186046064
20273 2043502822027472700375
20274 2043890216686384401088
20275 2044018754212689805824
20276 2044078831580959719000
20277 2044584421997728743288
20278 2045278846957757112000
20279 2046037559850276676983
20280 2046201036514801645752
20281 2046370665086731658493
20282 2046621705328250035048
20283 2047157979527632221432
20284 2048205737372812964856
20285 2048706071112401737920
20286 2048868597123373072320
20287 2048919174874571950125
20288 2049264083339194858344
20289 2050297529432076288000
20290 2050440389228044882152
20291 2051097776533031616000
20292 2051227604496862413288
20293 2051301249016450756416
20294 2051335306192947100200
20295 2052368588656757739797
20296 2053252785132938248587
20297 2053294222296837799496
20298 2053874840076562746880
20299 2054554426492871901696
20300 2054578136540913547928
20301 2054823768297505184616
20302 2055701158417761586641
20303 2056331379398874582375
20304 2056651698633803985168
20305 2057059528276365816840
20306 2057337220466996160056
20307 2058025045731141969027
20308 2058665154295429651608
20309 2059857271441883062331
20310 2060250256733622740488
20311 2060303051373684082875
20312 2060362783546505179560
20313 2060627446657809102248
20314 2060637050635064361152
20315 2060772019830065280375
20316 2061676759353207130567
20317 2062874716134056701695
20318 2063122357006044596808
20319 2063373137712844568000
20320 2063848301171676936000
20321 2064807406331267839848
20322 2065301545387765084848
20323 2066309035493496976000
20324 2066682727525248800704
20325 2066999475313571743936
20326 2067275194548023889000
20327 2067495680010096004032
20328 2067664694952702500928
20329 2067748480574040550104
20330 2068439727579715276488
20331 2069133843426773312007
20332 2069348414615140007160
20333 2070251987307308541568
20334 2070936562241737984248
20335 2070965034444571588323
20336 2072216127076570708597
20337 2072814865124554742347
20338 2073324852274629104459
20339 2074339639117772162136
20340 2074567096799464757184
20341 2075127420762949430241
20342 2075894754888680578125
20343 2076187774804947550656
20344 2076197846475032076923
20345 2077380592275010225896
20346 2077648622934731263872
20347 2077767926330595636501
20348 2078049248575692773472
20349 2078588086060911476625
20350 2079569580334983106587
20351 2079735071552386099000
20352 2079784640236303778931
20353 2080241364626919751257
20354 2080533253072020643000
20355 2080989473793702276168
20356 2081730335661904060224
20357 2083173580336894050304
20358 2083281807268059580728
20359 2083365395409492745577
20360 2083489470570459475125
20361 2084026164971659167168
20362 2084497051421047922568
20363 2084814648955277910944
20364 2084914466688084759000
20365 2085007419249050500120
20366 2085508313053122344625
20367 2085619599526252613733
20368 2085847064240101659000
20369 2086340186447929783000
20370 2086468702177875687000
20371 2088835350539075483625
20372 2091512021899616775081
20373 2091572131026786627375
20374 2092148494146172333053
20375 2092402937732326762816
20376 2092510289315665110528
20377 2092610037483660606912
20378 2092741804604926611864
20379 2092821997977526797982
20380 2093554887550853073984
20381 2094262511719514669568
20382 2095057735264689820352
20383 2095283508245003907584
20384 2095587484958515906449
20385 2096691558431140007064
20386 2098523038582632437496
20387 2098780856621398239003
20388 2099036228514320420416
20389 2100318920739635117760
20390 2100405725411742221625
20391 2101067136552754085625
20392 2101471638184060831143
20393 2101843376396869705704
20394 2102999879011816649592
20395 2103837917699754460224
20396 2104307072358284114568
20397 2104503402210631241625
20398 2104592534075658536000
20399 2104729825930251883272
20400 2104783366548789232432
20401 2104976323050211516815
20402 2105113989697973549568
20403 2105121108591624048399
20404 2105593531817377655592
20405 2106239885941878415296
20406 2106760219228233989056
20407 2106770422811701100174
20408 2106802797195675105072
20409 2107126098585162486000
20410 2107626453006766549137
20411 2107794614947328635181
20412 2108460659935610392776
20413 2108745284156851067000
20414 2108870873225566893891
20415 2108885926130345148416
20416 2109005201006185289067
20417 2109064582734223992696
20418 2109107283173062989301
20419 2112567324254563176000
20420 2112974125495545572253
20421 2113165997610833130147
20422 2114051368995803208699
20423 2115270391642673279625
20424 2115350529440279040000
20425 2116787370979217958567
20426 2117764222812294875000
20427 2117899653765060822111
20428 2118002110312319950663
20429 2118285189001253254248
20430 2118674622708965614293
20431 2119312970116334587224
20432 2119577761537021652328
20433 2119997435934233901969
20434 2120418604475071418889
20435 2121572213424720580608
20436 2122506139624295103000
20437 2122515927367755689133
20438 2122771186952226879488
20439 2122864417784341504000
20440 2123096916257580077568
20441 2123261941762749177000
20442 2124553353367313323000
20443 2124785810251361530728
20444 2124818909618845678784
20445 2125521805663883592000
20446 2125752496872945247125
20447 2126043156335434271091
20448 2127309556509028906560
20449 2127569860411544576664
20450 2128260299524116743979
20451 2128417655945311531008
20452 2128644642013723216000
20453 2129458256570074171303
20454 2129986581729833736000
20455 2130004318277085807375
20456 2130734130026046509384
20457 2130831844862288088248
20458 2130926445327606320576
20459 2131070506634848153375
20460 2131488379949526953992
20461 2132048533699647249687
20462 2132063072401309526024
20463 2132369959003991868672
20464 2132623216211220837000
20465 2132647541174521792512
20466 2133080929770017362408
20467 2133165466224993831183
20468 2133236331249459625000
20469 2134394091808060635000
20470 2134724882570223424000
20471 2135972047168018968363
20472 2138051670126845937984
20473 2139179267483522841024
20474 2139595616426211461609
20475 2139800541645664576000
20476 2140010015851483953625
20477 2140699266285913924416
20478 2141065440554004340424
20479 2141572577687738472375
20480 2142495978876322969536
20481 2142667583987359774625
20482 2143112318553962258496
20483 2143988065282197712608
20484 2144353930689228890723
20485 2145931011468675352467
20486 2146819294640268303685
20487 2146819344259054152681
20488 2147115731144655555648
20489 2147223838171909238784
20490 2148518481925061611008
20491 2149214711428866627000
20492 2149510658193838296000
20493 2149564266094562402553
20494 2150050911603267810527
20495 2150810448105390150375
20496 2151233638230114166625
20497 2151300225000569763328
20498 2152022079848170797631
20499 2152414921203686797784
20500 2152422504931978048959
20501 2152804325770240681968
20502 2154020563501293115720
20503 2154550672595066047750
20504 2154729020565392703432
20505 2154730262292188066304
20506 2156330336819903882001
20507 2156649461851626246141
20508 2157773768349046264125
20509 2158713225164866301568
20510 2159254473611027627952
20511 2160270777367267519311
20512 2160648173115072644129
20513 2160781795311721330112
20514 2161104799809301061625
20515 2161430901724087583109
20516 2162187692378058917663
20517 2162413391038686700551
20518 2163032139140496351000
20519 2163052108466240154813
20520 2163885196757050778795
20521 2165391333616310975656
20522 2165414373279520751817
20523 2165522878195110117712
20524 2166433940858278478625
20525 2167690612814170527447
20526 2167727173822879538688
20527 2168259430239797108032
20528 2169029050841099453760
20529 2169338017380572263797
20530 2169516326597069073624
20531 2170375897873423578624
20532 2171247397203155789952
20533 2172284261446733624125
20534 2172338030090516244992
20535 2172491729269965132237
20536 2173156485710691221559
20537 2173958752932102957301
20538 2174342099851319671000
20539 2174690731533145625800
20540 2174977376798597025480
20541 2175740200654734168000
20542 2175768438450449472000
20543 2177608544656146537273
20544 2177749083009829435587
20545 2179889868818138112081
20546 2180318072416083536391
20547 2180798315953122898296
20548 2180854869996801395250
20549 2181109294519840967841
20550 2181307546019289856168
20551 2181405211698082222008
20552 2181969882872895489003
20553 2182419322967668488704
20554 2182885475550212848896
20555 2183814039683058997032
20556 2183899624659123299208
20557 2185332584100585342696
20558 2185398826884347617305
20559 2187961819733757375000
20560 2188131842013643250361
20561 2189457666425871387000
20562 2189934130175964342261
20563 2190388188507783952688
20564 2191217158008021023244
20565 2191341193134396809688
20566 2193814662474885742656
20567 2193817566959886947625
20568 2194147109534773623048
20569 2194628872868567883657
20570 2194650368943002635392
20571 2195647582856646628008
20572 2197769996974799567376
20573 2197943179188873963392
20574 2200800169813111527375
20575 2202333827592533634216
20576 2204969089204552978944
20577 2207442089235325075623
20578 2207612413487526754625
20579 2207714973993984946176
20580 2207759305835756638413
20581 2208498498500038103151
20582 2208624892169012756901
20583 2208665758251970806336
20584 2208897196386105771000
20585 2209027816393772508125
20586 2210023231994290422528
20587 2210986265686160871853
20588 2211518169856666853000
20589 2212367081272916669829
20590 2212723179215813714625
20591 2213160669736848545688
20592 2214221066372652952888
20593 2214340141409837654157
20594 2214378562855553120124
20595 2214478716616410349077
20596 2214673328714467723928
20597 2214768455014738214592
20598 2215283262924431627928
20599 2215894540215895838208
20600 2216896575750154521125
20601 2217503182371982687000
20602 2217581597872444789531
20603 2217694724093547327447
20604 2218327673717474135488
20605 2218641292422906021125
20606 2218679431424971822125
20607 2218779595569180047040
20608 2221146699079921984000
20609 2221560703531518890625
20610 2221625686409563260771
20611 2221819974097646876928
20612 2222043812388004901625
20613 2223229262144479033256
20614 2223310121475468696216
20615 2223902134148777828928
20616 2224314671040455646016
20617 2224547104814328789189
20618 2225101332892845666744
20619 2225414569565466381375
20620 2225434642267509268687
20621 2225953522585784756375
20622 2226121057851294157911
20623 2226282573425112783000
20624 2226386774227367423224
20625 2226409668780007780125
20626 2226434319202975245000
20627 2226622687253576022528
20628 2226940177420020343736
20629 2227414792900908800952
20630 2227430221157713748904
20631 2227596526994643224000
20632 2228554800762255051912
20633 2229028202308537191744
20634 2229130154233554653907
20635 2229931158525663083757
20636 2230214376015061346456
20637 2230355917315016177472
20638 2230529405095273464000
20639 2230562353177346257125
20640 2231062697759142836160
20641 2231694780225774986304
20642 2232356204537600529024
20643 2232873106255491682437
20644 2232885218831851161816
20645 2233144961484876948159
20646 2234540674663630115328
20647 2235774294180927888696
20648 2236691319272320171625
20649 2236730675891677239176
20650 2236959717904841705984
20651 2236982745907217036736
20652 2237152603568484522375
20653 2237601504349174352103
20654 2237647711264050383207
20655 2237720818260574076040
20656 2238183684209074944125
20657 2238363939612507434000
20658 2239106120847761780736
20659 2239671939754699765952
20660 2239840162938797265007
20661 2240554739067056648691
20662 2241111831993652410000
20663 2241256363865175989143
20664 2241384372708145759423
20665 2241913109547403656000
20666 2242531863730138437000
20667 2242551522582041905152
20668 2242719645107537539125
20669 2244004151101067705896
20670 2244671113031863057584
20671 2245002048446541961024
20672 2245719889719601948224
20673 2245869840691141780752
20674 2246204308532281533800
20675 2246661494962048584000
20676 2246780910808381076731
20677 2247953220494792676649
20678 2248124819979821486760
20679 2248398747971964473193
20680 2249306144217164579391
20681 2249406773379412867584
20682 2249489282791569023296
20683 2249866235047272177609
20684 2250493575080272327000
20685 2251034998188955247808
20686 2251202682239953100568
20687 2251695952047321934336
20688 2252888426415898087488
20689 2253493521628064652384
20690 2253994901890612381592
20691 2254786092221623271424
20692 2256211602598234458303
20693 2258297186794358318784
20694 2258744308879712860899
20695 2258985274497280090944
20696 2259084831886317793176
20697 2259813758627337866408
20698 2259851945808057894720
20699 2260018174285458944000
20700 2260184351562106796736
20701 2260734095282336386713
20702 2260744430781895262568
20703 2260816647373719195705
20704 2262041967456342863064
20705 2262452941174828546872
20706 2262657398245877575943
20707 2264294532761995452992
20708 2265046773808245480333
20709 2265530601319684584515
20710 2266327258547996792512
20711 2266867322441490234375
20712 2268229738931900706816
20713 2268854736925953022019
20714 2269649264848112510272
20715 2269951029432375017976
20716 2271543160132216477143
20717 2271590709802878513231
20718 2272456947074185243008
20719 2272587228438667803000
20720 2272842089601583183992
20721 2273520384503128228663
20722 2274061264469366615243
20723 2274605458180046875000
20724 2276112043393364372625
20725 2277417998898382401432
20726 2277760227870083549229
20727 2278940060259535491000
20728 2279050346649182253875
20729 2279873393591241177009
20730 2280335202263305835856
20731 2280813598823847300928
20732 2281391123387145673995
20733 2283763437618469258032
20734 2284025069652659622072
20735 2284293659946897715200
20736 2286209933754082128576
20737 2286450710863774044408
20738 2286820674027128881152
20739 2287019668023184748472
20740 2287431964568789955000
20741 2287446865443362960064
20742 2287475949647699995968
20743 2287601359342261487469
20744 2288200088625387535872
20745 2288630455625985263415
20746 2288826356318083219456
20747 2288951216155039515625
20748 2289123261619864330752
20749 2289178198711365877377
20750 2289603499163997233399
20751 2291416882914203603685
20752 2291725542644151173469
20753 2291853184337273716341
20754 2292398002431601272000
20755 2294362842723974086883
20756 2294837477760664925361
20757 2295420054936409287648
20758 2295564168595646476288
20759 2296969081147316426760
20760 2297551041633135210048
20761 2298149680041203897727
20762 2298487982286444237504
20763 2299081929906876849000
20764 2299556290894697526272
20765 2300013781914358089216
20766 2300873565184631497944
20767 2301886093898925891000
20768 2302436019871516255272
20769 2302577395624104250743
20770 2303157890242573338520
20771 2303413549087245987392
20772 2303543781335452257000
20773 2303545047969544876224
20774 2304544636394642673577
20775 2304839569474646568000
20776 2305142313141046645000
20777 2305502319621475529919
20778 2305987684285194708829
20779 2306160225739370250432
20780 2306471449326866744832
20781 2306574395438789758464
20782 2306618184020476690728
20783 2307128537732610862205
20784 2307278164150405660032
20785 2308405604853101992000
20786 2308840561432097452305
20787 2309227119643328703000
20788 2309303038374549578088
20789 2310540018156979440741
20790 2311310462983800445440
20791 2311515319793460018875
20792 2311794393897769043363
20793 2313085381152836472000
20794 2313139838006470780125
20795 2313274778733942387000
20796 2313707294732350101741
20797 2314458137769639630048
20798 2314805110816119831000
20799 2314993419974516659875
20800 2315069544580728295464
20801 2315503326033709948864
20802 2315528911481822953280
20803 2315591650642407554781
20804 2315593848546585714744
20805 2316133563483817441000
20806 2316531612259759316032
20807 2317257762331928016384
20808 2317307763971136192984
20809 2318411700333969018688
20810 2318651391586448632896
20811 2319221432697171912000
20812 2320197338762454749696
20813 2320783948145382417000
20814 2320786636128900886375
20815 2321700747928571274048
20816 2321833476632316612056
20817 2322138125989483710552
20818 2323048660404545225250
20819 2323176958704627207000
20820 2323493633467082820744
20821 2324084968843866872000
20822 2324698094231388471232
20823 2325087487606001316309
20824 2326649103315823104000
20825 2327432804771930192727
20826 2328616579665191806809
20827 2329170054972412571136
20828 2329512360301967750208
20829 2329759389162592102625
20830 2330334637571690173368
20831 2330790706272236192712
20832 2331305738528128562375
20833 2334496787806641514875
20834 2334734378325649976832
20835 2334757990405733023040
20836 2334780353459483960625
20837 2335401628136950464000
20838 2335885483837235164056
20839 2336249258924463484875
20840 2336888034209269205000
20841 2336962693945103957824
20842 2339257212259122172771
20843 2339293934471805398997
20844 2340311406901973236368
20845 2341254527065824552000
20846 2341723015806977962432
20847 2342163806745435361143
20848 2342917867172202271224
20849 2343155821944043360653
20850 2343236504110046056512
20851 2343899214731687184936
20852 2344586726191549583016
20853 2345459252063463815552
20854 2345769810335508109875
20855 2346570021126387303000
20856 2346842625209332680248
20857 2347262067036414574592
20858 2347409995472888119872
20859 2347586298535385332971
20860 2347607634228419888871
20861 2347797774188388892608
20862 2348219618948948472000
20863 2348540359045396431552
20864 2349046430521313519304
20865 2351378594583192971979
20866 2353390746625243989944
20867 2353812911079309288000
20868 2354072938452680198264
20869 2354131414374214883625
20870 2354522456222845382656
20871 2354905845347660402616
20872 2355042542371384038264
20873 2355655433612541127704
20874 2355726475518357654720
20875 2356056415766389609000
20876 2356597141970669416000
20877 2357000337446866732257
20878 2357104867818604958656
20879 2357147086536006686187
20880 2357248638084566846256
20881 2357451521328352490496
20882 2358432586204158864393
20883 2359456096622879322315
20884 2359631344917673630440
20885 2362016945651080693248
20886 2362330161397443738375
20887 2362464692212213953728
20888 2362892148676780224875
20889 2363054907277395513000
20890 2363302661373275371659
20891 2364052481789927907104
20892 2364665559330000291904
20893 2364674798017046964456
20894 2365794987883771857875
20895 2366435568442855805064
20896 2367850582591246359000
20897 2368339845352969250007
20898 2368499772292320296448
20899 2370483332514058454784
20900 2370975088330920563856
20901 2371018807699919925795
20902 2371553742975744114125
20903 2371612532606908808616
20904 2372583254497862410088
20905 2373228831301417041750
20906 2373508250577634996224
20907 2373541379532368829000
20908 2373947546132805543999
20909 2374378310303654457539
20910 2374800133261590058843
20911 2375506032375858919173
20912 2375911141293055464000
20913 2377457003586495251629
20914 2377779161191614072431
20915 2380686382872899829000
20916 2381018042024940591000
20917 2381297290828730876511
20918 2382209643101535482606
20919 2382716795979074455593
20920 2383060079039628807000
20921 2383254279815054002688
20922 2383350541330352914125
20923 2383564044409986590208
20924 2383698639776191638544
20925 2384093406538030438953
20926 2384104030823982947311
20927 2385148849553328026896
20928 2385541145964008389896
20929 2386651786077360188088
20930 2386720074913846831224
20931 2387600738794913189184
20932 2390036149486967342625
20933 2391888403200755065887
20934 2392661974115473856523
20935 2392984956887173785500
20936 2393160505911609187500
20937 2393611643863501431552
20938 2393759949490026000000
20939 2394053407641236390504
20940 2395002682003601065977
20941 2395011764960668992781
20942 2395016537500280480787
20943 2395312123596218306991
20944 2397367001776837924288
20945 2397468708083101718520
20946 2397889353162777593392
20947 2398466260290671746623
20948 2399941964373069137112
20949 2399982990620726891952
20950 2400668805375496940375
20951 2400963706902849209875
20952 2401548732674490869946
20953 2401603984993258056375
20954 2401686022560628269375
20955 2401974881440473967992
20956 2402268603759986598000
20957 2402909174480897716712
20958 2403252293213515064256
20959 2403891452770292151576
20960 2404727339635468391544
20961 2405066738363687448288
20962 2405451451643557441992
20963 2406177447270200753779
20964 2407001905739618005293
20965 2407155180785069624000
20966 2408005212632030139219
20967 2408744850643128973248
20968 2409658790851140558912
20969 2410137705262852065527
20970 2410270537413786089553
20971 2411493254885798800353
20972 2411777914116388389000
20973 2412553840396207492608
20974 2412827167038488806375
20975 2412888223756850457408
20976 2413788118989230757375
20977 2414591663173289223624
20978 2415925815085470077208
20979 2416115039256152031987
20980 2416168708672760578125
20981 2416852088733235436829
20982 2416988517007074656256
20983 2417070963630123199539
20984 2417869793753802925264
20985 2418403395197388721473
20986 2420205669554205530088
20987 2420471237545958707656
20988 2421233970487369905959
20989 2422234765798570875789
20990 2422246645819412297613
20991 2423255355386875913787
20992 2423852610146848816299
20993 2423971455099190161048
20994 2425117698376761024000
20995 2425364953310035685312
20996 2425748576366561259800
20997 2426204273153925025125
20998 2426204680429331496429
20999 2426297977550639182627
21000 2427085722559496498829
21001 2429115781477274279936
21002 2429653830943024648872
21003 2429855862435994316616
21004 2429955868766672574783
21005 2430005871821487307712
21006 2430735342912643732875
21007 2430891306765139178961
21008 2431807349091494359375
21009 2431888778278041555473
21010 2432544304188579212736
21011 2432777137478500399704
21012 2434220781012421128000
21013 2434285193779002066048
21014 2434671925543085586696
21015 2434774392391953303153
21016 2435245145597445237000
21017 2435854157009822190096
21018 2435972770832520245625
21019 2436601558770877771000
21020 2437317588987256300568
21021 2437485021142204733973
21022 2437634981040389664625
21023 2438343240817946309848
21024 2439209414303360275941
21025 2439464077568970703125
21026 2439495254576097926208
21027 2439613238791131204984
21028 2439638239634234809625
21029 2440566273143588310000
21030 2440914781087220654223
21031 2441185455496801255424
21032 2441370832904638422333
21033 2441795588382618184024
21034 2442547520276214908375
21035 2442551033907509499000
21036 2442688785660062428875
21037 2444864947377524392448
21038 2446239854049468166144
21039 2446632412250159224000
21040 2447420077179950322008
21041 2447623515161214733896
21042 2447938853947963656000
21043 2448237859227010180729
21044 2448519515811424319544
21045 2449063226305603026567
21046 2449476612187486454664
21047 2450026747478280015864
21048 2450343246253915840191
21049 2450604645114103084616
21050 2450754240647275338048
21051 2451324760249335608547
21052 2453531510819391943752
21053 2453676631434967219281
21054 2453695420978579869000
21055 2454010509943953723672
21056 2454823865788133931000
21057 2454987628692618135480
21058 2455019386389583707456
21059 2455909809987661948466
21060 2456291313238600864152
21061 2456460580065068326041
21062 2456535066069406035259
21063 2456904759322825728000
21064 2457013437308558727144
21065 2457015976339410103128
21066 2457142866250441562375
21067 2457567719788100231375
21068 2458806860775766625000
21069 2459076294895621128000
21070 2459563056451287088055
21071 2459587319626428325243
21072 2461268388632663988504
21073 2461796404973656261875
21074 2461870205340789151125
21075 2462964641828498170727
21076 2465269443822427150419
21077 2465921419302768500619
21078 2466577983930831503271
21079 2467514285156013381288
21080 2468272900659833377728
21081 2468388120624708839739
21082 2468475597693982024512
21083 2471092134594562332000
21084 2473100309360354264136
21085 2473494340780513451277
21086 2473555368080249578125
21087 2473563783969526756599
21088 2474085372663879793728
21089 2474100142934025753000
21090 2474266894434072455536
21091 2475857653655842180088
21092 2476136501232020229213
21093 2476179918011386169856
21094 2477345791447988946000
21095 2477402161081109383329
21096 2477613806884072554048
21097 2478383919537622811000
21098 2478706696894496850873
21099 2479326262136328237633
21100 2479736266664772115000
21101 2479897183791259826559
21102 2480548522810926444669
21103 2480828550089650600203
21104 2481002564067590667624
21105 2481510696291420740856
21106 2483239447878680921157
21107 2483694397065998462976
21108 2483742237473163263688
21109 2484305561466732744000
21110 2485374414425436276288
21111 2485378396159788913875
21112 2486911370068234234125
21113 2487362392199661821208
21114 2489014475587795917125
21115 2489183842916083233375
21116 2489381685267070104000
21117 2489977529170961839191
21118 2490267649343952169125
21119 2490560413730101249992
21120 2490980547608415224271
21121 2491000747048532242125
21122 2491492486024786681736
21123 2491665795768913724961
21124 2491996666482773154432
21125 2492925950071979853912
21126 2493726981789952605151
21127 2495929604904792096768
21128 2496187278180508939264
21129 2496561556674704337000
21130 2496708534416221561464
21131 2497025725228170773595
21132 2497363316631655907624
21133 2497694577924594832875
21134 2498039285806786810816
21135 2498490846473361242048
21136 2499186508581581524664
21137 2499600325280936479875
21138 2500117215278271722497
21139 2500701452481232868517
21140 2502547690010861736000
21141 2502642107807961968728
21142 2503425282183910879704
21143 2503895460058757245832
21144 2504654914241943378496
21145 2505604673082281037813
21146 2506124568145408127281
21147 2506730100303847509000
21148 2507151411247287896000
21149 2507699807319991375000
21150 2508048849299652295901
21151 2508279818412240005679
21152 2508668111452101928875
21153 2509358942774805849000
21154 2509616912524810974648
21155 2509732675237083575643
21156 2509783290207643387392
21157 2510026737315680217024
21158 2510329280991018859008
21159 2511453866134137974784
21160 2511726202423431393309
21161 2512148844180416202125
21162 2512481851796976053029
21163 2512534623008260383000
21164 2513224878282805494717
21165 2513663131761324576000
21166 2513714720428997911224
21167 2514220410641823498888
21168 2514221268062397604263
21169 2514571906462319095128
21170 2516539707593300220832
21171 2517263506018105924625
21172 2517303097014836018616
21173 2517324619574631872376
21174 2518021783610754442866
21175 2519261117540626721229
21176 2519372749230440020125
21177 2520296145035128631808
21178 2521298589489610666281
21179 2521642775378494982877
21180 2521908173885768643096
21181 2522315596471545596625
21182 2522620766250585649467
21183 2522765447355124442016
21184 2523324368089317397221
21185 2524453538721766841637
21186 2525088095407734168312
21187 2526285241028264019633
21188 2526556075076534148648
21189 2527527261976656744259
21190 2528066055044417153383
21191 2528371920307988827107
21192 2528586633661531608501
21193 2528930827783882174464
21194 2529986711574085531047
21195 2530322521871521530699
21196 2530702265343352881625
21197 2530914692729899694589
21198 2530940679604891736000
21199 2531144316208655516733
21200 2532562302534756495848
21201 2533008673983555681697
21202 2533014958541225726997
21203 2533714630907938055587
21204 2533715640204466190319
21205 2534082037744970778849
21206 2534396331185169939306
21207 2534617354200078923776
21208 2534751595381018206375
21209 2534933380819794368869
21210 2535600178736542008936
21211 2535601144412468888119
21212 2535730036591927894875
21213 2535803778166894537111
21214 2536516528081379965511
21215 2536797299798493935784
21216 2538685707449492202875
21217 2540229735648346587125
21218 2540466616368695434875
21219 2540645727628567361283
21220 2542164202574742781952
21221 2542250214790139297080
21222 2542769341600412736000
21223 2542811339506946982201
21224 2543298749470343592000
21225 2543673881802791185119
21226 2545269520374822130379
21227 2545793921001692474568
21228 2547568474631498373237
21229 2547600321607896566375
21230 2548677641814627976952
21231 2549102819234560190784
21232 2549334406129535116008
21233 2551958604495583102701
21234 2552951288546875414016
21235 2553917633492269314816
21236 2553993390641263444664
21237 2554920853924534699968
21238 2555169534279340030143
21239 2555229731804724875264
21240 2556049004749552926159
21241 2556329944465433590272
21242 2556716874779427804171
21243 2556902183225231209797
21244 2557590012882757467433
21245 2558149695171757100232
21246 2558317858864172834968
21247 2558374443418573381329
21248 2558798185754449253888
21249 2560904061739551787392
21250 2561014879862811287552
21251 2561318129464609951000
21252 2561468354479682725688
21253 2561699039935596338232
21254 2561963810394786532191
21255 2562958394062288056000
21256 2563381847740767278797
21257 2563791239885240142603
21258 2564528794286960501000
21259 2565104363179519671335
21260 2565579881848422753216
21261 2565687264792795672256
21262 2565760477564117221696
21263 2566002487169790460792
21264 2566015114339750907008
21265 2566741055504558889411
21266 2566853074627628334912
21267 2567347269925414257216
21268 2567714263286667922000
21269 2569519064336299703992
21270 2570571994782554398125
21271 2570678677273625071552
21272 2572753483689694494553
21273 2573155339735039105536
21274 2573187308086366125000
21275 2575005341162041390239
21276 2575111546017901231614
21277 2575644040733368774897
21278 2577052747567839747752
21279 2578521072436236352152
21280 2578535809185525394968
21281 2578798096502345907768
21282 2579084795654520280344
21283 2579457538475023649625
21284 2580455372801285955157
21285 2580969011887260582705
21286 2581587149941711082808
21287 2583003819636052963605
21288 2583055312587220757832
21289 2584181683968199194672
21290 2584270463328172958976
21291 2584573735194404868096
21292 2585049414892373048256
21293 2585189749911892747624
21294 2585369285807627059559
21295 2585905374645403889841
21296 2586241196178707580912
21297 2587921520511368673784
21298 2588248324594130354000
21299 2588973136253765505153
21300 2589250960988547730875
21301 2589279707537715270897
21302 2589761732618134203957
21303 2590033568195827443339
21304 2592020276367575536000
21305 2595031830999099430848
21306 2595677887060658349768
21307 2595794688685115929592
21308 2595892668660410956291
21309 2598308183901231382581
21310 2598543811277683686072
21311 2598989985415722409875
21312 2599870821723004977000
21313 2600319053309981248000
21314 2601665493122128797000
21315 2602875819938756544000
21316 2603958737642523072000
21317 2604170758037804614197
21318 2605453098516922418037
21319 2605608483008413141441
21320 2606413379016440879613
21321 2606617947208464072000
21322 2607577861109587821000
21323 2608158575359529894520
21324 2608845524478391037112
21325 2609485838249121678392
21326 2609528356692013413384
21327 2609835354554800201641
21328 2609897120041562945496
21329 2610156574016534271456
21330 2610430569144460776896
21331 2612643103730538154269
21332 2613091506507844397000
21333 2613155252179887546768
21334 2613820074099004251000
21335 2613842376308919683928
21336 2615403901242601430208
21337 2615521329703726654483
21338 2615553780475819456000
21339 2616038322886028354048
21340 2616314059537205146119
21341 2617100266488666897393
21342 2617713658959860632184
21343 2618292440790521588375
21344 2618502752638940636313
21345 2619068935144300015104
21346 2619358362139505981787
21347 2619882533926776202272
21348 2620389175804742594616
21349 2620397529332759358000
21350 2620627842069228994128
21351 2621748468157802578504
21352 2621869395589447657416
21353 2622509110182970322496
21354 2622770199556613706600
21355 2625460821465240556161
21356 2625548286854811854016
21357 2626196298695217393327
21358 2626851889476873486792
21359 2627251482228507702568
21360 2627987523683524965144
21361 2628645011015424310000
21362 2628863750492862494904
21363 2629698687983620693440
21364 2629735567996220157231
21365 2629779831643704636771
21366 2630767891850818924113
21367 2630835714327020673571
21368 2631523099160041992360
21369 2632300913209361823000
21370 2632476395838683719656
21371 2632699848275453352032
21372 2632813882489245599053
21373 2633749791092055804168
21374 2634301481959693582344
21375 2635123322918902974795
21376 2635203386062283280517
21377 2635249340518533648000
21378 2635583132445313853439
21379 2635842720086947582848
21380 2636348544252201094407
21381 2637024955356429110375
21382 2637365684687232133824
21383 2637417260895134747904
21384 2637816863622213133952
21385 2637826135853337298233
21386 2638298383425715355072
21387 2638459624599311227344
21388 2639146093505330643136
21389 2639165491928973357441
21390 2639724027663776979627
21391 2639759995527433073568
21392 2640043159634843452224
21393 2641129643614506499000
21394 2641642321267809379071
21395 2641790722579855656264
21396 2642118810389194034808
21397 2644026320748343651848
21398 2644132957845443108352
21399 2644199212934231943452
21400 2644252614724765625000
21401 2644349054329998093528
21402 2645603683083863356231
21403 2645904052046772572328
21404 2648000172416665376583
21405 2648067682976126984573
21406 2648164530742378272261
21407 2649330163915482771603
21408 2649649836086785179648
21409 2649827739531294709569
21410 2649897766021835262024
21411 2650269871487342092625
21412 2652781749355324280701
21413 2652826946583826127843
21414 2653686211887066478824
21415 2654471418319900550007
21416 2654729848865609242875
21417 2654970775239188920248
21418 2655337896866204409951
21419 2655833114576411070336
21420 2656625223191965074504
21421 2656670593155389431101
21422 2656685097033496704000
21423 2656818722264412186936
21424 2657457342609789528809
21425 2657738930605088232448
21426 2658006778020647240187
21427 2658991860177140031488
21428 2659961865939733732104
21429 2660686221895944540480
21430 2660870458335141351936
21431 2661036280774561333917
21432 2661104123623639346688
21433 2661478724439417819456
21434 2661907734705821743232
21435 2662090155449667548424
21436 2662749643977235927800
21437 2663107887592840923872
21438 2664021433785831251496
21439 2664670246944878284875
21440 2665320234160102974000
21441 2665484962568654958459
21442 2666449892538811294344
21443 2666840137405742817792
21444 2667719300719980106999
21445 2667779819738069676003
21446 2668388456372149000000
21447 2669060951433481024000
21448 2669181302276890357320
21449 2669200230828842915939
21450 2670747805490324525056
21451 2670985190213853391125
21452 2671567920728186590656
21453 2672243011359333652968
21454 2672296185461151760875
21455 2672793521504500972032
21456 2674118500802451025128
21457 2674182902421365034336
21458 2674219033676518848000
21459 2675229993115694608384
21460 2675289417323032085212
21461 2675426302492039140408
21462 2676026747808802658088
21463 2677132893917894840792
21464 2677737623894907734088
21465 2677879207505535488000
21466 2678251718974844539989
21467 2679110053858448847000
21468 2679199776494599680000
21469 2680197275831484758769
21470 2682071722333398185847
21471 2682817457125314678552
21472 2683097794204015832000
21473 2683099405448816039875
21474 2683314462376073319768
21475 2683658340708717376459
21476 2683837897491751204743
21477 2684158436794995715184
21478 2684212518428706080816
21479 2684829257364525336000
21480 2684925219636613338875
21481 2685505577231993905125
21482 2686495395179301986952
21483 2687615998183638266472
21484 2688933822851943345744
21485 2689453480620553901576
21486 2690514177765825692736
21487 2691624194522935241031
21488 2692619313938541373113
21489 2693942132239363025601
21490 2694451995387478157832
21491 2695252567910869633771
21492 2695791393096733796328
21493 2695817892584287016000
21494 2696132410953149987000
21495 2696419659772836234432
21496 2696607177344283629888
21497 2696705611809613834059
21498 2697927976165359071232
21499 2698898226667156043712
21500 2698963570780271920125
21501 2699555741056625342976
21502 2700880979590841356647
21503 2701967184802364976000
21504 2702234949887533134312
21505 2702455207051552407000
21506 2702873268618560352712
21507 2703385791677706985304
21508 2703459142370247843771
21509 2703718083834097681841
21510 2704917709889909703125
21511 2705620690189740250018
21512 2705687637218822242259
21513 2705833544676910392654
21514 2706119509828489383447
21515 2706472913664743496000
21516 2707111880080299762616
21517 2707831038397100950971
21518 2708048323254170661128
21519 2708095013112978216000
21520 2708224691210499201832
21521 2708338245448743460728
21522 2708375397390312189624
21523 2709768491904112264808
21524 2709885602963463561000
21525 2710058975297910172872
21526 2711256730155665799049
21527 2711441887482122045307
21528 2712310819296547935375
21529 2713959909257757143256
21530 2715108755535523403576
21531 2715348350218259733831
21532 2715355639433708480664
21533 2716294240950504194519
21534 2716298071485814478376
21535 2716803765166960601496
21536 2717159542264822223835
21537 2717424599788664351488
21538 2718395081789888382336
21539 2719833005235125319624
21540 2720263005262794783168
21541 2720951064553083311313
21542 2721731496008367633616
21543 2722366254246526598984
21544 2722574573270436339000
21545 2724248230569896697541
21546 2724314430997954970712
21547 2724479597785215096099
21548 2726207175346114779648
21549 2726768110707045143739
21550 2727606652585429102488
21551 2728591360989220097280
21552 2728824931875267796032
21553 2729303991141891661953
21554 2730064553220857920893
21555 2730765060445124049984
21556 2731653030830966732672
21557 2733169678118463709125
21558 2733437958569759168000
21559 2734114555002041856064
21560 2735279104243564820088
21561 2735485965285359832000
21562 2735509784268155141429
21563 2736056387728185702336
21564 2738644606141313851072
21565 2738710595458791135000
21566 2739177405839049199479
21567 2740084241509957797000
21568 2740546786184589683392
21569 2740822011717222054888
21570 2740960926092922527232
21571 2741478092477811389547
21572 2741855748399075946176
21573 2742451943291216200044
21574 2742663049668697616559
21575 2743864330580586085320
21576 2744467903650309617144
21577 2745143540942674966848
21578 2745163894136324165568
21579 2745270505738592245440
21580 2745373455124616862819
21581 2746193875256518329799
21582 2746718870046050652480
21583 2746802942214135498603
21584 2749774348766101184073
21585 2749783648056207454783
21586 2750678884695257837568
21587 2751220764532504392128
21588 2751463232373578631993
21589 2751633169414857859257
21590 2752746190098816158000
21591 2753305640502523071336
21592 2753569563297356271104
21593 2753651835520042825368
21594 2753768770121594925063
21595 2754077119479118203875
21596 2754248955724375272000
21597 2756220886801476366272
21598 2756879432134552088000
21599 2757405724729560576000
21600 2757507448790372608512
21601 2757537688887344601784
21602 2758635940929437886408
21603 2759246164502860733064
21604 2759724181732295304000
21605 2760175244744959362048
21606 2760177592922385248648
21607 2760676984277725896000
21608 2760857170751747017125
21609 2761050016464260164875
21610 2761216036911534778758
21611 2761251056999620803072
21612 2762325560038963636081
21613 2762854139629191371400
21614 2763338382390125828736
21615 2763387142115566759416
21616 2764272196545130089000
21617 2764486461174899643000
21618 2764811139013308072051
21619 2765372875198855203672
21620 2765694968378969536000
21621 2766655781865058573000
21622 2767032074568339937359
21623 2767302444002683924008
21624 2769611271734366148096
21625 2770010146861579695528
21626 2770341390747259942249
21627 2770976434073276520000
21628 2771347584680437863744
21629 2772150335641356932808
21630 2772590764099107055832
21631 2773936830787491253248
21632 2773956179556124407000
21633 2774165262783035920056
21634 2774429327560499980371
21635 2775222582409807395264
21636 2775890208110520920328
21637 2776382786377949354424
21638 2776740862206055098501
21639 2777564334170028312000
21640 2777641337833714340352
21641 2777961089959661531016
21642 2778855914794763801088
21643 2779785843317616010752
21644 2779855905902219445483
21645 2780353991596747777344
21646 2780518428875586855176
21647 2780620328578675256128
21648 2781753892094158470125
21649 2782846939401771901353
21650 2783065715968333054168
21651 2783598803628768307000
21652 2783705012401440778632
21653 2784219358159136183832
21654 2785068060562693796625
21655 2785692566692822381056
21656 2786630827827081539304
21657 2786731576525971405000
21658 2787204925689867722123
21659 2787798960972825583112
21660 2788192942736791202984
21661 2789612133758824903191
21662 2790655054994636372088
21663 2792268497492431832000
21664 2792268959995659468744
21665 2793123779106319736896
21666 2793187303887476740608
21667 2794241082574171186056
21668 2794354415753741522045
21669 2794861568617292432375
21670 2795238970130599593237
21671 2795573514852420178751
21672 2796031563435452257461
21673 2796096021907727448000
21674 2796300768583257319000
21675 2797705724557101348627
21676 2797922871635416110999
21677 2798087090785718322656
21678 2798211535852710677336
21679 2799114814087254208000
21680 2799312113439614126592
21681 2800187593827698121768
21682 2800529244591004462627
21683 2800849692935299789000
21684 2801249116311209038272
21685 2801435970823695017631
21686 2802295863643501854603
21687 2802924245131622699941
21688 2803246310333537523000
21689 2803700432564454521007
21690 2804370585846464817000
21691 2806342952979092144625
21692 2806361106424937523224
21693 2807184226874322308923
21694 2807344792438781535297
21695 2807396431346433633408
21696 2809673062460660318013
21697 2810283912233131694689
21698 2810540491119417610008
21699 2810624311795772517535
21700 2812618866588924588273
21701 2812792127006986488000
21702 2813659126398783199000
21703 2814631389914955645888
21704 2815112523470036380416
21705 2815675671697860722688
21706 2815873486334452791000
21707 2817803095321804214625
21708 2818218950447143419000
21709 2818715724528979004359
21710 2818812583239208958376
21711 2818985025137377938625
21712 2819216343262934271384
21713 2819733905133934129152
21714 2819756201577198300144
21715 2820539842746507165375
21716 2821173384936553776584
21717 2821213358759428416000
21718 2821738996968288267123
21719 2821856111996727746304
21720 2821901089295669798125
21721 2825094437133205010375
21722 2825519274352724125176
21723 2825523801481830446088
21724 2825544690572535769096
21725 2825629174865192384871
21726 2826069884122353924627
21727 2826279789340107464000
21728 2827684638928237634000
21729 2827946674840859879671
21730 2829724413540246459783
21731 2831009210079625326024
21732 2831052708853573905701
21733 2831579921999567446561
21734 2832115477313036905263
21735 2832183954820461005352
21736 2833063325997997448664
21737 2833472082448175908077
21738 2834749416598654671207
21739 2834886667180797266401
21740 2835961937954621965125
21741 2836098488362921263027
21742 2836160372468871394947
21743 2836592335856182819617
21744 2836989930793310451432
21745 2837008044725854572125
21746 2837187704950534143845
21747 2837903537443726770291
21748 2838439570088449815488
21749 2838908082571074985536
21750 2839782156876878523128
21751 2840769204535046329272
21752 2840889441817366641000
21753 2841178143219688522432
21754 2841229305267813775224
21755 2841743562276836159488
21756 2841766618159038409576
21757 2841875642329756658353
21758 2842164809092360221048
21759 2842731454761636165000
21760 2842900969061794803624
21761 2843901805889889114552
21762 2843978411742567940512
21763 2845622728770226962823
21764 2846168790298755570621
21765 2848221564205859385544
21766 2849030683379309895067
21767 2849087929998197548808
21768 2850140036300616934875
21769 2850403828242688767413
21770 2851967471138591687047
21771 2852893312667203734873
21772 2853496152805427011008
21773 2853954759988282745375
21774 2854425316255880635899
21775 2856834276994135820375
21776 2857180507569083974824
21777 2858224707978478741656
21778 2858528466002508174792
21779 2858634010675689527736
21780 2858813853716574208000
21781 2859423793302171879000
21782 2859586296225177939875
21783 2860808620582178539000
21784 2861075799019638238311
21785 2861558066801361958875
21786 2862051603252476031936
21787 2862877567200565005000
21788 2865319199933384345320
21789 2866009730433522192793
21790 2866027251044792016000
21791 2866597400780918542647
21792 2866769526905231511375
21793 2866868005895737415208
21794 2869479249127656112584
21795 2869756691628844338256
21796 2869938324990714159000
21797 2870501760024412968216
21798 2873291661716519786912
21799 2874394679610725996608
21800 2874532428531288660681
21801 2875223632886947265625
21802 2876508036417949162047
21803 2877026664811917578688
21804 2878285640279146132581
21805 2878650933610010501033
21806 2878892638941320449875
21807 2879553655398037485952
21808 2879578218323538459000
21809 2879894812959130640625
21810 2880304441379617998375
21811 2882273371107177835541
21812 2883086861861742105024
21813 2884603647897446568821
21814 2884620438161636760495
21815 2885063854563911010816
21816 2885185109893785642125
21817 2885642732905737424074
21818 2885766639173647919424
21819 2886101593907059642023
21820 2886230924191323497152
21821 2886395278741667496531
21822 2886458844768007406625
21823 2887717097809211834439
21824 2888679298851900008000
21825 2889324265847417216000
21826 2889888986177613819000
21827 2890277933512615178589
21828 2890602375053201152344
21829 2891094479970849140625
21830 2891496574650478299687
21831 2891518134945318038151
21832 2891755259309485296000
21833 2893586830012233371107
21834 2894094830314376199693
21835 2894337369413906146605
21836 2894866182762271505144
21837 2895585124510641485312
21838 2896564647636728523000
21839 2896621255325625273000
21840 2897221393869015724875
21841 2898568397171303648064
21842 2899123834588724375451
21843 2899392642365500727901
21844 2900709844261720934625
21845 2900763048874219255125
21846 2900801721079253029129
21847 2901277360455577992000
21848 2901744413400076734672
21849 2902518336219851476729
21850 2903007802671143754496
21851 2904221495719498992128
21852 2906083075300555752000
21853 2906088817662781260237
21854 2906232797921834751552
21855 2906271922831868235736
21856 2907029092136780782269
21857 2907450444468818468493
21858 2908448483787284852232
21859 2910836543121608611328
21860 2911437024870991069304
21861 2911798657620896190875
21862 2911839290520041729701
21863 2912185145405919860568
21864 2912426198538535350945
21865 2912509884300174340875
21866 2912948766633495525390
21867 2912991095476769796125
21868 2913892510606873343856
21869 2913968682979518528000
21870 2914561080907238776832
21871 2915054679119008686533
21872 2915640233092325564280
21873 2915982545922490858632
21874 2916255557791018196208
21875 2916989078039811052677
21876 2917261477402504245559
21877 2918224154529769897000
21878 2918554424766189755000
21879 2919411943476924575232
21880 2920058847588185856000
21881 2920600237294571832000
21882 2921088369452624508375
21883 2921376089939663694312
21884 2921478601922883050139
21885 2922721996650776877375
21886 2923719877704184538616
21887 2923927017576966247392
21888 2924986722455291827788
21889 2925078812945233750251
21890 2925274727536812149625
21891 2925324232013479023000
21892 2925381845000616299928
21893 2926176836133404427093
21894 2927037637922498111592
21895 2927049390457537056768
21896 2927458129200957379944
21897 2928104489136592511424
21898 2928896674005100015763
21899 2929105239437286000000
21900 2929167996790359129624
21901 2930031138411284013568
21902 2930582059417583424000
21903 2931422847804636820992
21904 2932995141668325226248
21905 2933249930975159229889
21906 2933438624225717090336
21907 2934138163636354311000
21908 2934422795721846461760
21909 2938231339689797922888
21910 2938821134561545765896
21911 2939505028655132402010
21912 2939861982002604677928
21913 2940216735076498157579
21914 2940437635288556907231
21915 2940520819539738352456
21916 2941338394780006536000
21917 2941657864088523514389
21918 2941775541009300347443
21919 2941883382492037803456
21920 2943274612652824570029
21921 2943582427457345935872
21922 2943702735492804140375
21923 2945135538515265418232
21924 2945332053237452644584
21925 2946291161760272309256
21926 2946772590382242019125
21927 2948448280885859593413
21928 2950115057177878130688
21929 2950338224770784888040
21930 2950441527129998061888
21931 2950525185812200728199
21932 2952369943096342936167
21933 2952770792010315021135
21934 2952837281237222677032
21935 2953413642171637827000
21936 2955556374870998506608
21937 2956457506466019057021
21938 2956848291516433414536
21939 2957895352363092587208
21940 2960224556794327322136
21941 2960450459699139122625
21942 2960553761490870574029
21943 2961120449601321975296
21944 2961761764329093438648
21945 2961803033113243324096
21946 2963867536137768321159
21947 2966745607239616314840
21948 2966782923087358078125
21949 2967092341714364671808
21950 2967439982197233123000
21951 2968077376681408122768
21952 2968837415096400481032
21953 2971006821076844277000
21954 2971324279979025984000
21955 2971879580348041681899
21956 2973426623082343578969
21957 2973583448221583310848
21958 2974114898541826459000
21959 2974156780292494203771
21960 2974366167743576867625
21961 2974622975694087890319
21962 2974844700185118152392
21963 2974956981409943357373
21964 2975970303170666610263
21965 2976020819402844598875
21966 2977053806368994323608
21967 2977466520135537847053
21968 2978101784056556020500
21969 2979043363936572317784
21970 2980047956913511040375
21971 2980330724318360372947
21972 2980673370595502959104
21973 2981397231565136280000
21974 2981944077198108657992
21975 2982423272652721772875
21976 2983899863944395395757
21977 2984170367898401192000
21978 2985092391565877193783
21979 2985578188604569179648
21980 2986046923284716689944
21981 2986982196310902816936
21982 2987113530477515356125
21983 2988574511591148956749
21984 2989029976858350687808
21985 2989217564125517509120
21986 2990210865701957678592
21987 2990268537237876369384
21988 2990288303298816372792
21989 2990335339800776919952
21990 2990717601206505361984
21991 2991179229259245728256
21992 2991626701174906521272
21993 2991910001347462026312
21994 2991914516428110703332
21995 2992427515347948318277
21996 2992461418179487424989
21997 2992968770907913422625
21998 2996005084374314854205
21999 2996312500832190889888
22000 2996748996288784190792
22001 2996945972391220134336
22002 2998848332207558656000
22003 2998873405735399535616
22004 3000044562185159949096
22005 3000997396254577913856
22006 3004384782299780612096
22007 3004423374974394326499
22008 3005963259772300782912
22009 3006110519340619803840
22010 3006591020900876207799
22011 3007222878786704748352
22012 3007319599231678536624
22013 3007411402506043258368
22014 3007672848226893858193
22015 3007805295084646770441
22016 3008084071125052149048
22017 3008929934366447511231
22018 3010147718801701865751
22019 3010386019968428865283
22020 3010497785028882956619
22021 3010761975150720111321
22022 3010772323026389184237
22023 3012608509002914342625
22024 3013074725298564169152
22025 3013518031700644579176
22026 3013551941765307759271
22027 3014109789173484537536
22028 3018244800343066840000
22029 3020158052357314257837
22030 3020978252342495744000
22031 3021524484447678888384
22032 3022659779842966536000
22033 3023312685412110287112
22034 3024355702240274477959
22035 3025628775130341382912
22036 3026171440460878335379
22037 3026541772845762325056
22038 3027025650297561673761
22039 3028019562159821389979
22040 3028561691259268343088
22041 3029610795384660541271
22042 3030667830549362680768
22043 3031012896868771659000
22044 3033500363358436306944
22045 3034166702369545695869
22046 3034392480316905756867
22047 3036158631568188112896
22048 3036268588920359372216
22049 3038383794139594047000
22050 3038549010760755128000
22051 3040408927365561703952
22052 3040967833904834116920
22053 3041151973422622296489
22054 3041744692331744812296
22055 3042113340419794368000
22056 3042899048553952887000
22057 3043166907733939174643
22058 3044608148605483169983
22059 3044633425859055256317
22060 3045222776745743330133
22061 3045569427082778166928
22062 3045694289666919778062
22063 3045984023704278716416
22064 3046519508908284033625
22065 3046671760742721990144
22066 3046980445910393718817
22067 3047347497247662392000
22068 3048869177667001152000
22069 3049269292112070691512
22070 3049897706923575539304
22071 3050039698580013048000
22072 3052100526580038706344
22073 3053019480884665038019
22074 3053498783522460160888
22075 3054479612307878664000
22076 3055180180011907304448
22077 3055409571233845640808
22078 3055417339604776761069
22079 3055945408803637085736
22080 3056528606633364562245
22081 3058337576157035795224
22082 3058674055337726491302
22083 3058734875236739870535
22084 3058903598794648247232
22085 3059449789524208357312
22086 3060663606789521537385
22087 3061434132840741328125
22088 3061626109507489797000
22089 3063787470184602145257
22090 3064215508469256394792
22091 3064899136205584916856
22092 3066067106933732293203
22093 3066326383576461975207
22094 3066596681443247043000
22095 3068134965637194276369
22096 3068448059748614653000
22097 3069112497174909010224
22098 3069570251239177149000
22099 3070427106894458618125
22100 3072289959946964007125
22101 3073309246732664645433
22102 3074053871162288640015
22103 3074392914868594093383
22104 3074427477934168034952
22105 3075279927955121341000
22106 3076447772393200610496
22107 3078472854378469193793
22108 3079204812180643326327
22109 3079576744643724609375
22110 3080616513042178973592
22111 3080940667486207542072
22112 3080984860820837408165
22113 3082076558485321116951
22114 3082307529996808391880
22115 3084125167330202654757
22116 3084918200831591929656
22117 3085035877134142533000
22118 3085851229067598196807
22119 3087371623706197479288
22120 3087460544116081056651
22121 3088556857924258151808
22122 3088579851773334683648
22123 3090171370644483280454
22124 3090777649231536823104
22125 3091158696603776887088
22126 3091780525567296549896
22127 3092215452257715264000
22128 3093030179495642614536
22129 3094241027924978792000
22130 3094377764370429184947
22131 3094728224112139470336
22132 3094901205621582634011
22133 3095093374214754537261
22134 3095125269431086237752
22135 3095591692449393774000
22136 3095646391895139739531
22137 3095897537613535601219
22138 3096047260032821859583
22139 3096220002901152383403
22140 3097928502011894845392
22141 3098243862376204861683
22142 3098611269514006195096
22143 3098802642274694037312
22144 3098830792717819937960
22145 3099925850135953826664
22146 3101686327809517216671
22147 3102627233152780641000
22148 3104066624773682437632
22149 3104509535234322162129
22150 3105230950202666241600
22151 3105444701751805905336
22152 3107178878431320065016
22153 3108011656298166891000
22154 3108130139865690464625
22155 3108481342414754491647
22156 3108522777545158005312
22157 3108548210969384001000
22158 3108677945613989117544
22159 3108753586393759218096
22160 3108845522116534623813
22161 3109315374212972860936
22162 3110201022706564268664
22163 3112236925471460308968
22164 3113414882525697954624
22165 3113552812065343861248
22166 3113615681894854592001
22167 3114172776119964475455
22168 3115020928409372233728
22169 3115956047642470515392
22170 3117481159039781956569
22171 3117690198317053340280
22172 3117910948800807301443
22173 3118664368760827281408
22174 3119709565608485763375
22175 3120830871248415736216
22176 3121596600757113228120
22177 3122289678198957506000
22178 3122613212258869670033
22179 3124156788418894145008
22180 3124355987038155511824
22181 3125330728273145394513
22182 3126079089576595773000
22183 3126148389740758713912
22184 3126151522812951759672
22185 3126951730588797101727
22186 3127480360477574976000
22187 3128363512927351006464
22188 3128667697871333337664
22189 3129707203576095302559
22190 3130175647076864405327
22191 3130886602365925338936
22192 3131204914715567375952
22193 3132402267369847340232
22194 3132547451005989986424
22195 3132712072403022518136
22196 3132823256936209692856
22197 3133502017768032967000
22198 3133508161076376685056
22199 3133720099663378473528
22200 3135510093779543321576
22201 3135544449079638103417
22202 3135870813329651614581
22203 3137844277367312058000
22204 3138301334125464492375
22205 3138933800917694404296
22206 3140705128954118579000
22207 3143187867212562024856
22208 3145194629598390729633
22209 3145727570045838732936
22210 3146142527221059232776
22211 3146771042169031265625
22212 3147102132663427840531
22213 3147627735442436990653
22214 3147838043220588159000
22215 3148908479060716139976
22216 3148923842933678901000
22217 3148973767712289620376
22218 3149550470439089217648
22219 3151372845568032921024
22220 3151982702861106762375
22221 3152486930037538898952
22222 3153544910285784498360
22223 3153601055666554839801
22224 3154001551781567768064
22225 3154310714938618253375
22226 3155923545721460533656
22227 3156378656439258432000
22228 3156668030015339112000
22229 3157051501514770703298
22230 3158802906953141177856
22231 3159938755212953366016
22232 3159976891979440169000
22233 3160007349010070104000
22234 3160053093677641015680
22235 3160582344022256716563
22236 3162198999642560952256
22237 3162510143823105215777
22238 3163390208642087808832
22239 3164296116789317456856
22240 3164426451502460442549
22241 3164563345352600953125
22242 3165239425496436177344
22243 3165338854797306762133
22244 3166135583041716310125
22245 3166358854417872668821
22246 3167048181857965349464
22247 3167645058749445366456
22248 3168334951530594535125
22249 3170624779494098710784
22250 3171213000173248219000
22251 3172068768253233198168
22252 3172414431952758874392
22253 3173481272542892094000
22254 3174593008116362761656
22255 3175207552708834458816
22256 3175565905158784492544
22257 3177866233091643976008
22258 3178235490334012134936
22259 3178496447197714703125
22260 3179095533056271989888
22261 3180345086128808610432
22262 3180361078975886513461
22263 3180708552962575104561
22264 3182242026000762907875
22265 3182611970440344909376
22266 3183045178411812358008
22267 3183092197608360367512
22268 3183787001051560858500
22269 3184074470146637851875
22270 3184860757260530482624
22271 3186878585664132831680
22272 3186960864461592035328
22273 3187329583256642633056
22274 3192166623013812787401
22275 3192315064059730425453
22276 3192511191774059217088
22277 3192760787927505984000
22278 3192956598810546020817
22279 3193153805998364481000
22280 3193543632315924433000
22281 3193714571264427939904
22282 3194095013613937859823
22283 3196344254989246361000
22284 3197667535330071974625
22285 3199164320418879647744
22286 3200124839497026933375
22287 3200568971606162919000
22288 3200625621032335933248
22289 3201612899774799320064
22290 3201646383993386644777
22291 3202604698704264438543
22292 3203327331835699854177
22293 3203744416054823046168
22294 3203896069946789623891
22295 3204456758830314976968
22296 3204539273070349337088
22297 3204598106824953104448
22298 3206337680588213638656
22299 3206649261445761653613
22300 3207018810372993968625
22301 3207790658199575166264
22302 3208254663412171383101
22303 3208598136005595756696
22304 3209514956867955465576
22305 3210989033121902246123
22306 3211173091754442031104
22307 3211993091778664500125
22308 3211995729854264475752
22309 3213971816945363589096
22310 3217198089824896274496
22311 3217198208366957174171
22312 3217544745553531416933
22313 3218914394803261310464
22314 3219132551841479595231
22315 3219610294542542906880
22316 3221084102000610126528
22317 3221379375515930664000
22318 3221636819912359123464
22319 3222420827014705835008
22320 3222994280958714617173
22321 3225167741726028088760
22322 3225333683430377876637
22323 3225806591571227265875
22324 3226610014681388505408
22325 3227376540915470473992
22326 3228148253478828748607
22327 3228976469704172903352
22328 3229839158057565907861
22329 3231481121075180799000
22330 3232011759505973985528
22331 3232039102347329906849
22332 3233162933050013692911
22333 3233549549624555838248
22334 3233626992836930835019
22335 3234584752076375923680
22336 3234988024510963770504
22337 3235155083839978367096
22338 3235246277993838481464
22339 3235529806464352162311
22340 3235577257221945862707
22341 3235772313546829704648
22342 3237431160493883539359
22343 3238298023035487272679
22344 3238818863057438449096
22345 3239042895592192690911
22346 3239250956076660191576
22347 3239385708070015356888
22348 3239475440371744149576
22349 3239595349235326711000
22350 3240296377080080802120
22351 3241269319609895931000
22352 3241347360145600693176
22353 3242635949914104471273
22354 3245102838345100575752
22355 3245365800733481445384
22356 3245741114065663049928
22357 3247042252443675630912
22358 3248968516526719191231
22359 3248972715944602509632
22360 3249188108124167075048
22361 3250499390213350175992
22362 3250773596508060418929
22363 3252046661915073954633
22364 3252586296046058072920
22365 3253906325114527427072
22366 3254548680828607423625
22367 3254635046719066418856
22368 3255099141778597707776
22369 3255102981394509345408
22370 3255794371501031080448
22371 3255881619721853213784
22372 3256148923154497927592
22373 3257615940552212279768
22374 3259343173382719270848
22375 3260013592422428284625
22376 3260496555631752325336
22377 3260599374964421672000
22378 3261071772940876878195
22379 3261218387040320031936
22380 3262057971135722971875
22381 3262771632577342342392
22382 3262900045819369704875
22383 3266683810057987254936
22384 3266964586574771066712
22385 3267684168980308187500
22386 3267751485391639272000
22387 3268764254842552168703
22388 3268928952896178483288
22389 3269337682395029478912
22390 3269616881284743099669
22391 3270744130017219987131
22392 3271421708695887471296
22393 3273301744263258571584
22394 3273840496434128485375
22395 3274209531179009546760
22396 3274797007897941301776
22397 3275800531094449661184
22398 3276300364122048480000
22399 3276405523452790755656
22400 3278847723382690129944
22401 3281419184346706867191
22402 3281673477125636381880
22403 3281921666396108497125
22404 3282183906171779007000
22405 3282554021474822279211
22406 3283524892400426803584
22407 3283933635029121564672
22408 3284447786209590823368
22409 3284565169538592733248
22410 3284692870953933440064
22411 3285632872974650867712
22412 3285937725699679086673
22413 3286918518063787245464
22414 3287579520590877846861
22415 3288091869527618881000
22416 3288112381019497712499
22417 3288213889032711550464
22418 3289264291007067649536
22419 3289469152774970331712
22420 3290084100242686526696
22421 3290535995453656768000
22422 3292077619277103384000
22423 3292603610347062864216
22424 3294300255984431902152
22425 3295227398667022131768
22426 3297000948336871675272
22427 3297719062785159852875
22428 3297750095384584566272
22429 3297777078398392823688
22430 3298316024046997390248
22431 3298336971751117886464
22432 3298884897047880251384
22433 3299742761374903910976
22434 3300495235233383043584
22435 3301122097717399375875
22436 3301445381259919689432
22437 3301748599738051062775
22438 3302074157426202921399
22439 3302384213323528206328
22440 3303255628864288464192
22441 3303295245380108689893
22442 3303642772165291783227
22443 3305453442755292606141
22444 3305982057489572910624
22445 3306069380671105472424
22446 3306736029917813187968
22447 3306945258430922998513
22448 3307930565377649892408
22449 3308019163720120472896
22450 3308701978154531452221
22451 3308704686192467636984
22452 3309799852234156376375
22453 3310346380780873776069
22454 3310956138089443806144
22455 3311791040732105775536
22456 3312008426395032612040
22457 3313053365258751192568
22458 3313093116378076798221
22459 3313127911377125402496
22460 3313428277236752992625
22461 3314672666740471503168
22462 3317092338292495793667
22463 3317183745396507653193
22464 3318276163593898864539
22465 3318354552999402471016
22466 3319063568949714668992
22467 3319110175571596224000
22468 3319502585395444280280
22469 3320095075346358100701
22470 3320351093202938787375
22471 3320464099655273806053
22472 3320532857707768449656
22473 3321529162782897247272
22474 3321984586214508601536
22475 3322273177292114072664
22476 3322318088794329680328
22477 3322465055144468908632
22478 3322515393968629297166
22479 3322721167440221311947
22480 3323220661408389905088
22481 3323423499798046773375
22482 3323692101249694831104
22483 3324958789145652787375
22484 3326141785945831909056
22485 3327183989224757076870
22486 3327289113820994090496
22487 3327390026377467099875
22488 3327759819468756052849
22489 3328063063109963575488
22490 3328355379036551090688
22491 3328688407746865515625
22492 3329321663222709166584
22493 3329333060085367276032
22494 3329781536189617019784
22495 3330019308404277313344
22496 3330048963292150843016
22497 3331137616666932042000
22498 3331664013445608948984
22499 3332625485117037981417
22500 3333372961875075385064
22501 3334865190893203535568
22502 3335874924742190413128
22503 3336804138669322368320
22504 3337149317136897480192
22505 3338215986482700498496
22506 3338780975954293379328
22507 3340206362282907119184
22508 3340602988733528149599
22509 3340606182211177815663
22510 3340695824201669379264
22511 3340713251131505272296
22512 3340806342438790632645
22513 3340892181330749073448
22514 3341766993116785520931
22515 3342208845132887202711
22516 3342777509036572726464
22517 3344184368370791407000
22518 3345870268181350503477
22519 3345915649453027624792
22520 3346180732194885040456
22521 3346211955881350996587
22522 3346290077694950333304
22523 3348165535780030124068
22524 3348303224711958664704
22525 3348444515353465744125
22526 3348459303150547488448
22527 3349405593296982489816
22528 3349867163148423008000
22529 3350571927493268997757
22530 3351055026998621852091
22531 3354120837292496453000
22532 3354503207398366737133
22533 3355409890655334694952
22534 3356077017128465484225
22535 3356610747300846656019
22536 3358404400946303386197
22537 3359436857062279002000
22538 3359735716667850821483
22539 3359857836095427441411
22540 3360134401324696816128
22541 3362232919808531585096
22542 3363432939960139329920
22543 3363565575762481544000
22544 3363732355337276215573
22545 3363941001679682850153
22546 3364044501650948343144
22547 3364232687190910334520
22548 3364327689895488490048
22549 3364611630082160059000
22550 3365166113850274945848
22551 3365576188968848091328
22552 3366605553241963449816
22553 3366888288315285498219
22554 3367409220305881036776
22555 3367704604648884140888
22556 3368298167530671624704
22557 3368873523183890988168
22558 3369292366093989543936
22559 3369726385383516709824
22560 3369740018298437479024
22561 3370578141730219875000
22562 3371045302921966251192
22563 3371153380880626712007
22564 3371706672547973184000
22565 3371971147533163584064
22566 3372112754741546380656
22567 3372349698657125013464
22568 3372659654344043261256
22569 3373952508426624750360
22570 3374779773164612904000
22571 3374905597191014220369
22572 3374958866643660330125
22573 3375474478332220607616
22574 3375612081749374966863
22575 3376049525513888266953
22576 3376314637344112499009
22577 3376641732786048531987
22578 3378639445867229136957
22579 3379829684120862994125
22580 3380177256563818390437
22581 3383391063057117180488
22582 3384268673818257546048
22583 3386456231071249108864
22584 3386982094527745291968
22585 3387140122026494238776
22586 3388490050468931636625
22587 3388881465185951411712
22588 3389039955585655371000
22589 3389188464538282747584
22590 3389465156749806043000
22591 3391088768930233731815
22592 3392711978668187431256
22593 3393359441642916813375
22594 3393933710218346872521
22595 3394578391035217981056
22596 3394589637278453414229
22597 3395407188652226551440
22598 3395425768864956008000
22599 3395468840431867992000
22600 3395763683760035042936
22601 3395964870982988321472
22602 3396299258493069837272
22603 3396577311156432265408
22604 3397870419561121959000
22605 3397909419209677887125
22606 3398118515151498747000
22607 3399014457294018204096
22608 3400119500601311523000
22609 3400285643694000400248
22610 3401188673007949320861
22611 3402182337688862609336
22612 3402420968222777375000
22613 3402804324459160720008
22614 3403250046065759074003
22615 3403263046538781105723
22616 3404605107877947598625
22617 3404964888471243779207
22618 3406783562544698638848
22619 3406888100102024760768
22620 3408187938465775924333
22621 3408907588583734868904
22622 3410136470683563152896
22623 3410979744196562273792
22624 3411971732694989763000
22625 3413767403728457724501
22626 3414064029132583420776
22627 3414668825143929539368
22628 3415309996004846667000
22629 3418389326006753330232
22630 3418753278553576598817
22631 3419017982458106665104
22632 3419465672530952174592
22633 3419545020261447143521
22634 3419914167977873011875
22635 3420107433608336658432
22636 3420503759445837046983
22637 3420929869826234967747
22638 3421157441429315952000
22639 3422393705989949202603
22640 3422455082944671147192
22641 3422458562935822659648
22642 3422527591050864963576
22643 3422699827780689425277
22644 3423041920376343070875
22645 3423695938811060159611
22646 3423748876733955535759
22647 3425269425960116522277
22648 3425485139398247287824
22649 3426793076507031196875
22650 3426832668476743336512
22651 3427033129788198707712
22652 3427685734181140220607
22653 3427761901060988600256
22654 3429546604254360142273
22655 3431311739896160822877
22656 3433079195844839638587
22657 3433722032179650353625
22658 3434476981592534976000
22659 3434805756195574479992
22660 3434905106686099683000
22661 3435274708429086641664
22662 3435968078628815242233
22663 3436743242119020869457
22664 3436874197015411691000
22665 3437985359840073462784
22666 3438072769232455355969
22667 3438140188643218202625
22668 3438355649096039247576
22669 3438383736204121044032
22670 3438445413363442983872
22671 3439039491200169054289
22672 3439487722073122784799
22673 3439829789599741272000
22674 3439985935555249345512
22675 3440673195850181655000
22676 3441397500063903744000
22677 3441575744681635288000
22678 3441826133090911960875
22679 3442783830284631105000
22680 3442933045039433278528
22681 3443364002641856851187
22682 3444268030620095774088
22683 3444396252723695630816
22684 3445060789107629572797
22685 3446382154177551826944
22686 3446431326384888342744
22687 3447567940995078042961
22688 3448199418648470910424
22689 3448539379876157632000
22690 3449126263779906905312
22691 3449607259840893948888
22692 3449643816629824632000
22693 3450263399886257264232
22694 3451567483575117267669
22695 3452692356735728246784
22696 3452812704806678060400
22697 3454004018254166838720
22698 3454520587743332123263
22699 3454934501957285726099
22700 3455834529027136282488
22701 3456364375364538553344
22702 3457561306500038320128
22703 3457922277246712585912
22704 3457980852598206704952
22705 3458000172187039961664
22706 3458154581394773131144
22707 3458712099147886177191
22708 3459319402763516292000
22709 3460560834560402447784
22710 3460761702859690021176
22711 3460836594814613306136
22712 3461983513156029947904
22713 3462105448444543992000
22714 3462433929979583013000
22715 3466869646119128536625
22716 3467801305530607020248
22717 3468046004153654295736
22718 3468076490310255046125
22719 3468121857797689611512
22720 3469431658679698263552
22721 3469988408501475222271
22722 3470136932914456030352
22723 3471707084585808243392
22724 3473217227890613476000
22725 3474439901968992203312
22726 3474592251471065088000
22727 3474837275349488446125
22728 3476904389594028218952
22729 3477379887937448413128
22730 3479109230287442481912
22731 3481706348975265118344
22732 3484401080985252792000
22733 3484764719734374043912
22734 3485331519839797007016
22735 3485926256690790030664
22736 3487521273286580317125
22737 3488640672810639358987
22738 3489774029969808979944
22739 3492162764525930706757
22740 3492298256572242152000
22741 3493067364171456366321
22742 3493924532125450677163
22743 3494451175615969732224
22744 3494807408129384108664
22745 3496063209648246898488
22746 3498075061747642710152
22747 3498601908240116757469
22748 3501218241987769969939
22749 3501672410925248695625
22750 3502336635467337038679
22751 3503084244517673072712
22752 3503999378023037157843
22753 3506572796338521291375
22754 3507395065375542088384
22755 3508869403700127134577
22756 3509930457205863535936
22757 3509956138274385509304
22758 3510638318125866871125
22759 3512280524863782676303
22760 3513130091797280288984
22761 3513878928150799392576
22762 3513885672534267215367
22763 3514014946851512781375
22764 3514870620766656617193
22765 3515638886271250538625
22766 3515745050313960205287
22767 3515818740276471272000
22768 3516198632389973940345
22769 3516315142421872532196
22770 3516826571617573865889
22771 3517306400626225582375
22772 3517342653410471223000
22773 3517400358608622601752
22774 3518685284535430561792
22775 3518811327475370884608
22776 3519947737635647309992
22777 3519995303904586772265
22778 3520058395481984084904
22779 3520315095360858314000
22780 3521803977553238811261
22781 3522042952214390585289
22782 3523417253286699028680
22783 3524346835541654314816
22784 3524718691527756723000
22785 3524761547370901345599
22786 3526187549575935596625
22787 3526248882335238749053
22788 3527491440507607289024
22789 3527984251288113244992
22790 3529495011865090299759
22791 3529748881990956951261
22792 3530531553781398076125
22793 3531566494901512386144
22794 3532436415371958175107
22795 3533329632104191811008
22796 3534678377300943691875
22797 3534808703101323113375
22798 3535417525222752135057
22799 3535553377831190159808
22800 3537203613908764520448
22801 3537296789726543030369
22802 3538182656116696148288
22803 3538539292673866104981
22804 3539027787477335153000
22805 3539855641440646429928
22806 3540706355388213724993
22807 3541249249787111932125
22808 3541413140662517859375
22809 3542012270334060789987
22810 3542206536495566734375
22811 3544194755117709350784
22812 3544414667575481089000
22813 3544480512362764095875
22814 3544861023846218141793
22815 3545680707147179234816
22816 3546780151160797328232
22817 3546895811095308672000
22818 3547231739656163169345
22819 3548111995925026436088
22820 3548639870958918117375
22821 3549171816955631313928
22822 3550536051666744055851
22823 3551150303593299709848
22824 3554212880018457578376
22825 3554290649039526938997
22826 3554769955143684036312
22827 3555421078121362070712
22828 3555458220377331485568
22829 3555806860158370272000
22830 3555984134075502595375
22831 3556706188894264550592
22832 3557017248283531425393
22833 3557167442595662790375
22834 3557844180877411641853
22835 3558042002346950503567
22836 3559365461300161421168
22837 3559424867196773905512
22838 3559455650613048613056
22839 3561301473227576495361
22840 3563475629509243014931
22841 3564258449260233374208
22842 3564651791963690808471
22843 3565104038715393693064
22844 3567073988251573538517
22845 3567559825854430540407
22846 3568137106336206094656
22847 3568889979207780507063
22848 3569151431958750886248
22849 3569678327661523177464
22850 3569864497229319954496
22851 3572271921080318496768
22852 3572853271862566085784
22853 3573999023027875183125
22854 3575551407387492133692
22855 3575634211632780934208
22856 3576063453222833419968
22857 3576311751582583035750
22858 3576727079539830911331
22859 3576987515410505627697
22860 3577828575661923740283
22861 3578058038709294813504
22862 3579039515171770421499
22863 3579384144401897755833
22864 3579677486769085577064
22865 3579963849160214299875
22866 3580429113213483547000
22867 3580785366750900165312
22868 3582833643530529372504
22869 3584321053524495660168
22870 3584732532534666781704
22871 3585362372269775639451
22872 3586740977700177701824
22873 3589524155738650783283
22874 3589560760475933937664
22875 3589675822744650114112
22876 3590783390936229913152
22877 3590820850382158221621
22878 3591023824238443983000
22879 3592211442883476992488
22880 3593239747657251048000
22881 3594054645620141278625
22882 3594113332046020728000
22883 3594612147567575674176
22884 3594805923122170795584
22885 3595042954971628018859
22886 3595217455238878347264
22887 3595660397276579142875
22888 3596425787269714258944
22889 3596720284421048657843
22890 3596792467062106596375
22891 3597868080559674987487
22892 3598358829982457711625
22893 3600007622382158430408
22894 3601764527427936631944
22895 3602214830864146673664
22896 3602952987154337053503
22897 3603281599499102082072
22898 3603539011721668835517
22899 3603860103511794128184
22900 3604230078520397079672
22901 3605359499751253949523
22902 3605837868956200497165
22903 3607415641387822485312
22904 3609279576455814261000
22905 3609828556888708499904
22906 3611168753741901930851
22907 3611678768591361046371
22908 3611725377734531029203
22909 3612434351797719911736
22910 3612453886074247015744
22911 3612920208534649811799
22912 3613654376314518637773
22913 3613879937822745748248
22914 3617021967815558615768
22915 3618931703728667429376
22916 3620435752917840166912
22917 3621306772776487977000
22918 3621547214647037395776
22919 3621696117983672904000
22920 3622463798788081963072
22921 3622758776555544219113
22922 3622790992004811769688
22923 3623312629051013477943
22924 3623323658629701612096
22925 3623559450479287861248
22926 3623854125641471414784
22927 3624403659917882221016
22928 3624711675707227911624
22929 3625820448136246897173
22930 3626684026839103018698
22931 3626804918521635849152
22932 3627091213202319879744
22933 3630680562269882245248
22934 3630940169619474022383
22935 3632371493928086109375
22936 3633092129071685743064
22937 3633235231745077777000
22938 3633357112529859654849
22939 3633862105581572583368
22940 3634603232043505752576
22941 3634649102237894773704
22942 3635529299375417073000
22943 3635683933114309467447
22944 3636182216222452942344
22945 3636558505737177366528
22946 3637671532123732123176
22947 3638311937393263225165
22948 3638323967381415939627
22949 3642575305204538034696
22950 3643836670119518871336
22951 3644366602006350051013
22952 3644603822911916003048
22953 3645107840732981688000
22954 3645523990008145404152
22955 3646860476052516506875
22956 3647443536664312320936
22957 3648100510951813062783
22958 3648799040805668737000
22959 3649536224836762623363
22960 3649618533760513229097
22961 3650224893564796512875
22962 3650571422564222534625
22963 3652657416682993174456
22964 3653410095435553038586
22965 3653606568577771143000
22966 3654251741877319082773
22967 3654429890196488824512
22968 3654657836366834657971
22969 3655104145789008400488
22970 3655487413478705536719
22971 3655487499021520239168
22972 3656051587227847901184
22973 3656733677199493549568
22974 3657058426380723375375
22975 3658021086077590352211
22976 3658573709746574325499
22977 3659103467588770353152
22978 3663322000751866811904
22979 3663957704005697109102
22980 3667551635950265735217
22981 3669365493818776663912
22982 3670763607354077548678
22983 3672714182056441296957
22984 3673965537029792925557
22985 3674548282503226505013
22986 3677968710655866066375
22987 3678184720429680734000
22988 3678263344728380574621
22989 3678445486090311057576
22990 3678490428140038329000
22991 3679005221592774328584
22992 3679686852117683739696
22993 3680662763275317729000
22994 3682664329841357672448
22995 3682844169141334356243
22996 3684217316434953889500
22997 3684273287926123576125
22998 3685655844851183837991
22999 3685816015429415841792
23000 3685823620742420703000
23001 3689389890930164066217
23002 3690210630984390154152
23003 3690580258495621437912
23004 3690917843107577000184
23005 3691240880500188555939
23006 3692207917556823462336
23007 3694268756782363152384
23008 3694819435181429661288
23009 3696498707755101696000
23010 3696717405129480648000
23011 3696777009474367219128
23012 3697234484717512710361
23013 3697408848967885914408
23014 3699025888108566957669
23015 3701403405232929911368
23016 3702138824573806079736
23017 3702299975512533086211
23018 3702438333832843299968
23019 3703092408370296909000
23020 3703972713736239584127
23021 3704273490102975465984
23022 3705138251981827033464
23023 3705161290036671252879
23024 3707350747017822240128
23025 3707829801153448089912
23026 3708877731801969301120
23027 3710746867872784886848
23028 3711405177367210350125
23029 3711594973934979767944
23030 3711987694800482643000
23031 3712143447682485713352
23032 3713395596405552064000
23033 3714070757184913743000
23034 3714106220376337297512
23035 3714613526575997352216
23036 3714802097297114860569
23037 3715201310182168794624
23038 3715633024994270016000
23039 3715903135633942989567
23040 3716041263899481479872
23041 3717940818187861236153
23042 3717983294014662062208
23043 3718163111434955708904
23044 3718370898104899005333
23045 3719015136395999103384
23046 3719947060645803548197
23047 3720269060342476112016
23048 3720456937147254056424
23049 3720955144765962987000
23050 3721242591046607118912
23051 3721757399412956690696
23052 3723201567441576028809
23053 3723538995499952238344
23054 3723635058158441218221
23055 3724120906600191035904
23056 3724672013054387472896
23057 3725563345726359055464
23058 3725698954425534313344
23059 3726294054341449374000
23060 3726341219759053896000
23061 3726957870076630185549
23062 3728239452131077456911
23063 3728714613395931753048
23064 3728747580951748229056
23065 3729213198680348197000
23066 3731330703447048554181
23067 3732653997709603555608
23068 3733800654095053694964
23069 3735741669026820075441
23070 3737282697934525506312
23071 3737787812925529906296
23072 3738112931024677038141
23073 3738534093510148308376
23074 3739218909577085663911
23075 3739286878154581870809
23076 3739838977436725591064
23077 3740983583502038139728
23078 3741645661821140137848
23079 3741816829302334069560
23080 3742105915778476042125
23081 3742149360399120792000
23082 3743056609683059225375
23083 3743960381616483970543
23084 3744104824583491883823
23085 3744429372539144629704
23086 3745444347052835178304
23087 3745570662865266980472
23088 3746292873792649757883
23089 3747006524129714136109
23090 3747113417722198797000
23091 3747922502434726490875
23092 3747957272782286662287
23093 3748398166474899492520
23094 3748462830255742837875
23095 3749077659331334356488
23096 3749093249934518751375
23097 3749254513814768042224
23098 3749412414842815973544
23099 3750499303215270957351
23100 3751652058991758964224
23101 3751867277338567842000
23102 3752217479683897717248
23103 3753610480462004253000
23104 3753620398357516578528
23105 3753906833172029757489
23106 3754410330907659650283
23107 3754765503242718432984
23108 3754881854409323094912
23109 3754984414017858328125
23110 3755109259141649529848
23111 3755881320932155910040
23112 3757836644218767390705
23113 3759590316764777662125
23114 3759665391716012093952
23115 3761026807645382998879
23116 3761555003877092157125
23117 3761898505602624676926
23118 3761966889890970231744
23119 3762941731778962685251
23120 3764225679584698847736
23121 3764660725227061692864
23122 3767743045030534468136
23123 3768456959028848117304
23124 3769928580159609008967
23125 3770257225818565729000
23126 3771831574723509162125
23127 3772145302424949747375
23128 3774383046297454901625
23129 3775054187589491197664
23130 3775539781860562910376
23131 3776303305480897552088
23132 3776380868760939457928
23133 3776508393866112411936
23134 3776627400869913408000
23135 3776725746463734792000
23136 3777481075007611222264
23137 3778112869589269252125
23138 3778539024021972508872
23139 3780309777467760518625
23140 3781354735733944824000
23141 3782253234078731804301
23142 3783236023015448739831
23143 3785218673995337430592
23144 3785708640386303206336
23145 3786333466479302534607
23146 3787323413516152263000
23147 3787842026927640774456
23148 3788167018663043347968
23149 3788975972068979223987
23150 3789051279052214605248
23151 3789053453263640353344
23152 3789070664591260496448
23153 3789121227527877047443
23154 3789556114611335989375
23155 3789764487825149316392
23156 3789966383889581385000
23157 3790581953156665142625
23158 3790957211728386067368
23159 3791023058264394772449
23160 3792703587923255671000
23161 3792751565439239075673
23162 3793259357177982314112
23163 3793554373648135674816
23164 3793603840788598594667
23165 3795047632896701170752
23166 3797179207864398995392
23167 3797405361857784005784
23168 3799492522711041911517
23169 3800095977203691060168
23170 3800451852926545910184
23171 3800643663409051539080
23172 3801612992368002651567
23173 3802452286430488564601
23174 3804005734205359887000
23175 3805415527628350753299
23176 3806121364293284127000
23177 3806237132905355620992
23178 3807565441628530830696
23179 3808141087681746740736
23180 3808511119260831426534
23181 3808771008842326579416
23182 3808925532092090671875
23183 3809180265598453197816
23184 3810579259840551976960
23185 3810609123083424276615
23186 3813824975596909875000
23187 3814376822878248970560
23188 3814574882535942590520
23189 3815255659265699076792
23190 3815675141658962514471
23191 3819484008633031124120
23192 3820269241518537711897
23193 3820349530052929202355
23194 3820560530012911968192
23195 3821216938932724944704
23196 3822046396445771440128
23197 3822101565672978504000
23198 3822371663805658219347
23199 3822831410809978476000
23200 3822834589557587794944
23201 3823135784161986917296
23202 3823707466255187460096
23203 3825178049797886081664
23204 3827292374609217003672
23205 3828870905013109347327
23206 3829374081768785647104
23207 3829620773473587095887
23208 3830147773515055969704
23209 3830733492245099707904
23210 3830949553685641762375
23211 3831358083962145392250
23212 3831504142753251274752
23213 3831578881564204644328
23214 3831830080798965863625
23215 3832004885796482786216
23216 3833730711719220780000
23217 3833919719931274186131
23218 3835066570619711538573
23219 3836035276326807973146
23220 3838131399586352476985
23221 3838344389163039097125
23222 3838840599518637761503
23223 3838915518292535151744
23224 3839244696750540421071
23225 3840065400364891719957
23226 3840815648302660715688
23227 3840999336538978457088
23228 3841209843123035467000
23229 3842269999097685409287
23230 3842334232322024497149
23231 3842886642019873315875
23232 3845527430661287856576
23233 3845584276880078155176
23234 3845637314552116673856
23235 3847529166533329325265
23236 3849125330536522634997
23237 3850253031809059128000
23238 3850860751640347200875
23239 3851410274558137619776
23240 3852640265803015817375
23241 3853154141507746188351
23242 3853287891190212105267
23243 3853568056780012439232
23244 3854942005935016448361
23245 3855889777432978282816
23246 3857217607683677194048
23247 3858722142246575834265
23248 3859491314704959678528
23249 3860704602170756214147
23250 3861476864924850852408
23251 3861785607207279601976
23252 3862097407024024705875
23253 3863353856835974978808
23254 3863368654095786363864
23255 3864590084241693681840
23256 3864657262851311983273
23257 3865590094690672735779
23258 3866189191704886497984
23259 3866836097395131777000
23260 3867373551543173959231
23261 3867411560939272688823
23262 3867675292451126900107
23263 3868171481445552008000
23264 3869356773852583438159
23265 3872112880544478486917
23266 3872917240854422679009
23267 3874836178244502854019
23268 3876543288058540367359
23269 3876618213976327490125
23270 3877983305723065151375
23271 3878213870997022330683
23272 3878833019075588334033
23273 3879082839351036375000
23274 3879314836472834457608
23275 3880203879869285507000
23276 3880996901774841083625
23277 3881083047875318007296
23278 3882101687685834727933
23279 3883258390240271421288
23280 3885339662253309739752
23281 3886573709849723808832
23282 3887163367820220648888
23283 3887523464239894365432
23284 3887983282062195422568
23285 3890597804652008984625
23286 3891999806750686904000
23287 3893294796309210170368
23288 3893991606589909539169
23289 3894216829758856207936
23290 3895525190463704787024
23291 3895750162305736986888
23292 3895779447294015315249
23293 3896398462163214861000
23294 3897491319223509493656
23295 3898421301126757432384
23296 3898989385877505320128
23297 3899002238268710873391
23298 3899840613117704661159
23299 3901445068414865706000
23300 3901763215602524057968
23301 3903689375883110137896
23302 3903971825839556767625
23303 3904044802714215826056
23304 3905044298386699801625
23305 3905057485894048859375
23306 3905730929912080213000
23307 3906502208443990981000
23308 3906869206853313484875
23309 3907481745634268165000
23310 3907756098634704964226
23311 3910024897612116302656
23312 3913252000341594430464
23313 3913534783032793202375
23314 3913709311010627072000
23315 3914713581414677393625
23316 3915133899667623213867
23317 3915447035733261867384
23318 3915939753211277143296
23319 3916617456746255625000
23320 3917518514720372381176
23321 3917777312369275421248
23322 3918005503651276274475
23323 3918657448015420611384
23324 3919338546123184000992
23325 3919470347503961482176
23326 3920011544588511006360
23327 3921298625913261753195
23328 3924443608915672540243
23329 3924799664248811007296
23330 3924884871217658544651
23331 3925004033870049245544
23332 3926907998616013047000
23333 3929127237124924653000
23334 3929988503163530654847
23335 3931781001759868210443
23336 3932044056663465174488
23337 3932152632239193981864
23338 3933348900179721533784
23339 3934154365275570447249
23340 3935084022585244841256
23341 3935415072074193253000
23342 3935931289572472554520
23343 3938058296460146824056
23344 3939284081942887131125
23345 3941394591458061549000
23346 3941795105335168413696
23347 3941957142493796664000
23348 3945026300104600272072
23349 3945285053010427913731
23350 3948197091508578629448
23351 3948902729527661677791
23352 3948965323664281451531
23353 3951598061721604969792
23354 3952728441452602448000
23355 3953402176801582283688
23356 3953642414709355123392
23357 3956032045515939762744
23358 3956159746414793210176
23359 3959464837502249454528
23360 3959961874277284754424
23361 3960053899389447304536
23362 3962900001016076512392
23363 3963732349299575253336
23364 3963978114318645321879
23365 3964634353710530317944
23366 3965241710037038871375
23367 3966534357341685452288
23368 3966904467822336219144
23369 3967220456726832893952
23370 3967538422043988434881
23371 3967609106373638846913
23372 3967695785748942826488
23373 3968622090289990721224
23374 3968901763164979956224
23375 3970070672367933165816
23376 3970493863803155341072
23377 3971806149979775937375
23378 3971972092738693934592
23379 3973231915370843484177
23380 3973971212536912851537
23381 3974803998691736776384
23382 3975326051532694816923
23383 3976808604053559157000
23384 3977373997573261123176
23385 3978752118350041102616
23386 3979031807208483536875
23387 3979061658520191177408
23388 3979290754793350594936
23389 3980174947880957758296
23390 3980338709211713374344
23391 3981941408646612533304
23392 3983277562396249860288
23393 3986574117771085843968
23394 3986656855936954072237
23395 3988052308368097909947
23396 3988091304599786378477
23397 3988143508670427939868
23398 3988354178288647262277
23399 3988379332023161067720
23400 3989439602572846050125
23401 3991805017922960457408
23402 3992033223432279711000
23403 3992069532487509529875
23404 3992878855222754076216
23405 3993791968850042630089
23406 3996441859073363149807
23407 3997239706377192240000
23408 3999081262812623998829
23409 3999186432123771319704
23410 4001219596005393820959
23411 4001661232552634290731
23412 4003184289436556004872
23413 4005190427599052181000
23414 4005636264148090646529
23415 4005760905605365645375
23416 4007547328311064629000
23417 4008418246559289869280
23418 4008518222369027858127
23419 4008588096157653423744
23420 4008791225511150712712
23421 4009627688136689086750
23422 4009658499286547581656
23423 4009682261801830333057
23424 4011000534838026835749
23425 4013363535585735373903
23426 4013454858017214717387
23427 4013660928276539637643
23428 4014291549333402992375
23429 4014860439116768002363
23430 4014872694069362385624
23431 4014952697927977173576
23432 4015785851182515691008
23433 4016982345376300575912
23434 4017335926707765043200
23435 4019053026074223632859
23436 4019227974210008966049
23437 4019362171987775983552
23438 4020278266984752875375
23439 4021425904655105171875
23440 4022187220153327693581
23441 4023182367354044939625
23442 4023965848002290406216
23443 4024047068682425562645
23444 4025691218506785132032
23445 4026351949284592541250
23446 4026525794907725096253
23447 4026559967909803678536
23448 4026794487959810332584
23449 4026968814523566889152
23450 4027648075174141040168
23451 4029391959968590180875
23452 4030295950862228864817
23453 4030403549806421321625
23454 4032220911831720664875
23455 4032713701089932914881
23456 4032959979622911204224
23457 4033390031509579280631
23458 4033805066694885217752
23459 4034610168267179683000
23460 4036267523870979148836
23461 4037626040818769000000
23462 4038298782271557732747
23463 4038652073796922549000
23464 4042060945182914142125
23465 4042086420472299349696
23466 4044680385077305537928
23467 4044877584386462677000
23468 4045070264787534784104
23469 4045701412068893352559
23470 4046271894403596271512
23471 4047021246074343796224
23472 4047160925282439384000
23473 4047610054685880582081
23474 4049473771233864576512
23475 4049937184417009494336
23476 4050802697008808078793
23477 4051447409881936927746
23478 4052695058506655584443
23479 4053033177396810649875
23480 4054855204043062272000
23481 4055378128203990861000
23482 4056377857239981141512
23483 4057501953488683798917
23484 4058566357659911378496
23485 4061352533414026312000
23486 4061635924780765214000
23487 4062119203208601159625
23488 4063976994849595536384
23489 4065242520528603944875
23490 4066530615590397001957
23491 4066546207534129997125
23492 4067248805988785456832
23493 4068066474590226833088
23494 4068260708782227379569
23495 4069008845440235856432
23496 4069678796282669164875
23497 4070164117531666362273
23498 4070411396817513937875
23499 4070713767256454843889
23500 4070751560232909431607
23501 4071304982078685382213
23502 4072316443832468896064
23503 4072586095159130872323
23504 4073578645274359656435
23505 4074985771373505791439
23506 4075937397126343659456
23507 4077132932458101355112
23508 4077158989324786226927
23509 4079181845273546793600
23510 4083305968757664654031
23511 4083427266239375166797
23512 4084477811290611000000
23513 4085057684368323975592
23514 4085087752863905671000
23515 4085263761637338346752
23516 4086556911704305368603
23517 4087836698406098556555
23518 4088551860571135951448
23519 4088713223587241543112
23520 4090070440414426162760
23521 4090745501202319973568
23522 4090861717658694972000
23523 4091074280320703510016
23524 4092403269663459902151
23525 4093354416419034360993
23526 4093571433779637735744
23527 4095313698538619988704
23528 4095542362757474003464
23529 4096238254582236908383
23530 4096781805375019538379
23531 4096948092098901858000
23532 4096954022076248977000
23533 4097105147316146107968
23534 4097988835511327245125
23535 4098104089337539207108
23536 4098207934292161716000
23537 4100034655167377472000
23538 4101687310838469534000
23539 4103184973037581221219
23540 4104248972086400439744
23541 4105921969425373279000
23542 4108114059788309787125
23543 4108346092984599775413
23544 4110002180091038105000
23545 4110726208981197771000
23546 4113356952891311107857
23547 4113739164153574918872
23548 4113757062658089565992
23549 4114065260009181541519
23550 4114407698565445008000
23551 4115347362645574796559
23552 4115383866843107768000
23553 4115483311235391438083
23554 4115626539337448808120
23555 4115713216306988152584
23556 4116322466095294530504
23557 4116356240763464436375
23558 4116798390368298024000
23559 4117505012844439953555
23560 4117946366664202515625
23561 4119284029375993842000
23562 4122308085396038854407
23563 4122333552102933951000
23564 4123500038731409734125
23565 4124197391816077675848
23566 4125679296831783873000
23567 4125909063114365881536
23568 4127169897568250103879
23569 4128560131594551760728
23570 4128723946104830110584
23571 4128808542626692767375
23572 4130527147513993227456
23573 4132993215812093336375
23574 4133597108585555631384
23575 4137048613106918707464
23576 4140056147637110337000
23577 4140407116813123048347
23578 4140541493901573158125
23579 4141701959208003319500
23580 4142299650011516383992
23581 4142883702338084727296
23582 4143668491875121596387
23583 4145176115898569232488
23584 4145892661776013872633
23585 4146511918751104909069
23586 4146612307429682345472
23587 4148714878151417258048
23588 4149249523518831070248
23589 4149455134028582187864
23590 4149976806853553801125
23591 4150301492356641428625
23592 4150844466732989506728
23593 4151234134732721564808
23594 4153384406538104941504
23595 4153932714592990536669
23596 4154151110664936119193
23597 4154862051961561737531
23598 4155435680459717947904
23599 4156517166505193406016
23600 4156864258357644381037
23601 4156945847039192256504
23602 4157148678509086424424
23603 4157550123362046698112
23604 4158274733490924230184
23605 4158656195985596697184
23606 4160448099209771401500
23607 4161548565062767202688
23608 4161612244210147161792
23609 4162276378326586303000
23610 4162551831128856288571
23611 4162835774164999088521
23612 4162855888387546749000
23613 4163522703594275108304
23614 4163728860642363649784
23615 4163758434546225796125
23616 4164043372637978479104
23617 4165487546562878785704
23618 4166048076388972235072
23619 4166056573059179448000
23620 4166748242557826734592
23621 4166769341725406665704
23622 4168181125736063265375
23623 4168852366282531708625
23624 4169993722192063838016
23625 4170039599466404102943
23626 4170932007208772402961
23627 4170985567673663208097
23628 4171129238654086625000
23629 4172459726252800516625
23630 4172666061401037484713
23631 4173249853023164680312
23632 4175119651925678083875
23633 4175183384309700866376
23634 4175601335707642535331
23635 4175890327931214931759
23636 4178277290954998130328
23637 4179465015360598121256
23638 4186185911632538364096
23639 4187632877994581570368
23640 4187810427271943530149
23641 4189574642128304929227
23642 4189641388830856511488
23643 4190567868421631424000
23644 4190722374136676021091
23645 4190740203807617691448
23646 4190913661991329000000
23647 4192656459033970850832
23648 4194885072961236087287
23649 4196542748935417729128
23650 4198678033530178753919
23651 4198867034986636603101
23652 4199815352534912231949
23653 4200068031100485582528
23654 4200453303813059649109
23655 4200968408430619505862
23656 4201474895865401825701
23657 4202238784693839168825
23658 4202497402090068907000
23659 4202580411454600290752
23660 4203057366822557880000
23661 4205205250687861545223
23662 4207204594438389271000
23663 4208164689417185296611
23664 4208403555628320998313
23665 4208573747327095461952
23666 4209636586952384537768
23667 4211444206292986799864
23668 4213659087780252934824
23669 4214456852197519976832
23670 4214913474439767106728
23671 4215463978743247235544
23672 4215728800809201531375
23673 4216591496336915045259
23674 4217940113007579180291
23675 4218057713384580555000
23676 4219382295954357005376
23677 4220168162751526167000
23678 4220560717566874819047
23679 4221641648622425004432
23680 4221876703548099921624
23681 4221878173608550179816
23682 4222926842266501562375
23683 4223800363607823096000
23684 4224126442817301876765
23685 4225324733331115502088
23686 4226493018656049623641
23687 4227058999602385128000
23688 4227477370799848718553
23689 4227874232202116994888
23690 4227881595234566663576
23691 4228315293444499816000
23692 4228973600486355535815
23693 4229804559610130252544
23694 4230126837527848712000
23695 4230405498109596478344
23696 4232644531254768446181
23697 4232870085909999463488
23698 4233138871590412749000
23699 4235668893597467820312
23700 4236566388789491639883
23701 4236752844594198609408
23702 4239109122321479869528
23703 4239169653140473869909
23704 4239267763657663619136
23705 4241053949032201374144
23706 4241098614476314946375
23707 4241876835018814820864
23708 4243634414112888499257
23709 4243686813799002146304
23710 4244488648493279613336
23711 4245003829437843372264
23712 4245242195025096600608
23713 4246121723870006524873
23714 4246344195782780724003
23715 4246941080675899267480
23716 4246998795818866269000
23717 4247956001232956273625
23718 4248177459118756365384
23719 4248513109485323982296
23720 4248876529500748281864
23721 4248999574309113414336
23722 4249757966705111259000
23723 4249916465874171496192
23724 4250135196471967707051
23725 4250629043770913494353
23726 4252319004542483637000
23727 4252692150056932696539
23728 4254044224042109394261
23729 4254281644184393362875
23730 4254484849157643471000
23731 4254784778828615389813
23732 4255143367170924865728
23733 4256375219116547307417
23734 4256872480850479406000
23735 4257162612132336869625
23736 4258619255381060810240
23737 4260074384229213375000
23738 4260323462835666942072
23739 4261304664631079538109
23740 4261752211312514979963
23741 4261986784216040219487
23742 4262548503551837299992
23743 4265495225211475199880
23744 4266400065424122377583
23745 4267134191440748656665
23746 4267340986568568027912
23747 4267458878444530883569
23748 4268675822755328869625
23749 4269819992737183864128
23750 4269875141830792456872
23751 4269924964180072604736
23752 4270002458343041927143
23753 4270663633107696162624
23754 4271863935826171798776
23755 4272283994507983609344
23756 4272393035490356140875
23757 4273250626202847471000
23758 4275372437434486201625
23759 4275468049794997745664
23760 4275807989342938469064
23761 4276349813592142838307
23762 4276833891134922936000
23763 4276886183468616900520
23764 4277714744076384060333
23765 4278000322466672256000
23766 4279786482884106755808
23767 4281318364538397069125
23768 4281443619867240503040
23769 4281696250789444308549
23770 4282537841685058318272
23771 4282619355984134987712
23772 4282727905354020157224
23773 4283251860922303074624
23774 4283751371168587413312
23775 4284065916486731826360
23776 4286155965172434758223
23777 4288139057964558790656
23778 4288303185668917747514
23779 4288741395233827782159
23780 4289364139846593788379
23781 4293266076735411139000
23782 4293500756004078255000
23783 4293789231223600896088
23784 4293846076223440150336
23785 4295484234396440323875
23786 4295496159850351059000
23787 4295831539308647299416
23788 4298334879046474221319
23789 4298865700806109729296
23790 4299317437437627268608
23791 4299954307641563305553
23792 4300256550804745443192
23793 4300646945239013665023
23794 4300965476264534404087
23795 4301133008257794921875
23796 4302187108185556327625
23797 4302223210058904480168
23798 4302515186313745303000
23799 4302810259971897583000
23800 4303842638413245767749
23801 4304799460104994057571
23802 4305218988601071316440
23803 4305583389007600620921
23804 4306608358037598874023
23805 4307115300693253913375
23806 4307668145001362485701
23807 4308455146094279264448
23808 4308793252998284227625
23809 4309669606463359499088
23810 4310429209026407133184
23811 4310634874768096774536
23812 4311077641657551765504
23813 4311137869826619170304
23814 4311468429973869463488
23815 4311806547548545651125
23816 4312067390009675784000
23817 4312277172877723875000
23818 4313563140602937317824
23819 4314474084875933251000
23820 4315416692407959528000
23821 4315737033036295158528
23822 4315808202885061682688
23823 4316290877910029264064
23824 4316944483428609983048
23825 4318178266511705232000
23826 4318888147020187832000
23827 4321128065657518018449
23828 4322428201513337872320
23829 4322797560533781000000
23830 4322806265292691014144
23831 4324303588451207307128
23832 4324388211673331360832
23833 4324871295641502279891
23834 4325638413470134289093
23835 4326365535377827431672
23836 4326417890376275565144
23837 4328576297608472000000
23838 4328921322625955328000
23839 4330102641626853214227
23840 4331068430638549747797
23841 4332051329132208428929
23842 4332677468565871499256
23843 4335752484015129804536
23844 4336704504773411948632
23845 4337727956147410253163
23846 4339844503451849966229
23847 4340004732986869054017
23848 4340162978245702442744
23849 4340334082923031284000
23850 4342593231744571139427
23851 4342681357456674226176
23852 4343119624484064866169
23853 4346337047630871055464
23854 4347516123213345427319
23855 4348268591365193768000
23856 4348597963255214230016
23857 4348853308787699439000
23858 4350205653981513712477
23859 4350682200698515848699
23860 4350778824907451877696
23861 4351157688871146660416
23862 4352310052836074318808
23863 4353568802442147472912
23864 4355218947188943209096
23865 4355790178789779089472
23866 4356567056379110388543
23867 4357437665537693367531
23868 4357603424238734431125
23869 4358471441378349582287
23870 4359412195485638776128
23871 4359784841371215684792
23872 4360917699027111189366
23873 4361070091322718484191
23874 4361592448915754735592
23875 4361883985123386129261
23876 4363025813097104069000
23877 4363117719332751563912
23878 4363596067262746304601
23879 4365742875305730191784
23880 4366090261666982302272
23881 4366146524896722588750
23882 4370111317718133166179
23883 4370963058605754035208
23884 4375469310241960407176
23885 4376886785507866180096
23886 4377672430625107612089
23887 4378744520783489831247
23888 4381049001702475340992
23889 4381670877102707131125
23890 4383202620949934633271
23891 4383858262593652572672
23892 4385145617710418565585
23893 4385628266659308009649
23894 4386192163624882630656
23895 4388251036290068420109
23896 4388611518265344343857
23897 4389776775988622620875
23898 4390200314049568485376
23899 4391393448945145222125
23900 4392608115887106129216
23901 4393152664740506984408
23902 4393332485798621056237
23903 4394791786015545954156
23904 4395675111113345394664
23905 4396357218026670532883
23906 4397682944650965612552
23907 4402437094033679524824
23908 4404324322684812738303
23909 4409446588499175875288
23910 4411321584016225586688
23911 4411504159721224622056
23912 4412796948979086261841
23913 4415303469102297408000
23914 4415335579909855606616
23915 4417194135711552269256
23916 4418057864168219371464
23917 4418219455849448446617
23918 4419231827857505783488
23919 4420942643909185856000
23920 4421758017154959385021
23921 4422342590213408442387
23922 4422721912895743923375
23923 4423387251417222449088
23924 4426404083205239446922
23925 4426702731091118307375
23926 4426877581859271807541
23927 4428770149082507172399
23928 4429060428634668864576
23929 4432257300589162581537
23930 4432346994537916474293
23931 4433532493959575866944
23932 4433687302945843942272
23933 4434086962150807008411
23934 4434494571207724750272
23935 4434602369865285919518
23936 4435365324073950784639
23937 4439472387882798246344
23938 4439927319575288507343
23939 4442224495738624941528
23940 4443499468532743730559
23941 4443795952929404815653
23942 4445555716865600483328
23943 4446869815743366018735
23944 4446996147165566927989
23945 4447025842633658107875
23946 4448825526550487403321
23947 4448876226595776858493
23948 4449851908477856899200
23949 4450103682181130989288
23950 4450255327831009033792
23951 4451470114587799197375
23952 4452162542293442675608
23953 4452440348074716986625
23954 4452995110214835370368
23955 4453510012838774865432
23956 4453662066743819593664
23957 4454436299928894200376
23958 4455847918587507875559
23959 4455920452421737225323
23960 4456634995968769569501
23961 4457266946778443711823
23962 4458122864937278222491
23963 4458300160703791881024
23964 4458440971369130689881
23965 4458684183166294046875
23966 4459467212508778320249
23967 4460437255772587107375
23968 4460615340395905704104
23969 4460921566756970176251
23970 4461693613599014426816
23971 4463227405998143321112
23972 4463638963659475794432
23973 4463955454032194624000
23974 4464095624749750143609
23975 4464363996085675742424
23976 4464862735648684096000
23977 4466420514335778421248
23978 4466812542920085437163
23979 4468104851916482018424
23980 4469208476591951124552
23981 4469552670369729621952
23982 4469573995608665098584
23983 4469699043967641020992
23984 4471200233803129928192
23985 4473049934155503984192
23986 4473694315467043569000
23987 4476661476835956499000
23988 4476795835351611083949
23989 4480596546594825167784
23990 4480908160904615637288
23991 4481569833971118406336
23992 4482250385128590122496
23993 4482405421203494932056
23994 4484846120936493614904
23995 4485986773359991263000
23996 4486112496740814331392
23997 4487853594361237033024
23998 4488046891231044106728
23999 4488677070744751691625
24000 4489856673120147329000
24001 4490337822693716117817
24002 4492494680252516127216
24003 4492751586819028481592
24004 4492930408297669900296
24005 4493743745296905112104
24006 4498328672985833862813
24007 4500610710374776864104
24008 4504385702499313733424
24009 4504400697883735399023
24010 4504556893642959161736
24011 4505282981272094292928
24012 4505644598574353698863
24013 4506756938428488412032
24014 4509301893499333373625
24015 4510472404362372085248
24016 4511811178668687284664
24017 4514292174872892194055
24018 4515341608505320096959
24019 4515345094566060538875
24020 4515517818832321369250
24021 4517001188594260127307
24022 4517679830085049321512
24023 4518881589982933797696
24024 4518883898781616000000
24025 4518929319667895216448
24026 4518969065823638672064
24027 4519801335660557988375
24028 4520027641390656759000
24029 4520710661010397819875
24030 4521763570210142977448
24031 4521938183531818665336
24032 4522761659414481970123
24033 4524182589467308829607
24034 4525726850193965656968
24035 4525892333357741982125
24036 4526957186144822620737
24037 4527117422923451336568
24038 4527863795313773272449
24039 4528061763335122360257
24040 4528288499146594660352
24041 4530721606251109288019
24042 4531968303407397917064
24043 4532550721568735229000
24044 4532647070570622661359
24045 4532691060474013971144
24046 4533599317503353983704
24047 4533703301156438058048
24048 4534164208610997741144
24049 4534643762704899022088
24050 4534696285988948541000
24051 4535694509529881828312
24052 4535920691998016832000
24053 4536229647419070804288
24054 4537297442610669318309
24055 4537299944340993839373
24056 4537641622235178477384
24057 4541336125025699582648
24058 4541424316412135711832
24059 4541724402504416708581
24060 4543511962067315389243
24061 4543558287971024737835
24062 4544936866630281545424
24063 4546091910238895937375
24064 4546145651456002961269
24065 4547116108916764417125
24066 4547790801533533992256
24067 4548090885128746970112
24068 4548424193975439925056
24069 4548603333949251261048
24070 4549442549160148488576
24071 4550763837021933888000
24072 4551627288290778156032
24073 4552292922769304300224
24074 4552573188084598037907
24075 4553669647679913718893
24076 4555280855001711167424
24077 4556185462529195347125
24078 4556481584407258785344
24079 4557031126890055102233
24080 4557192291202755445696
24081 4557831179408898769593
24082 4558322221955945999101
24083 4558592103453107299125
24084 4559711858627635324888
24085 4559819259001702487129
24086 4561260115110439104000
24087 4561268902079846681088
24088 4561971595152868784251
24089 4562802487968502123008
24090 4564297877336359596343
24091 4564685144268744040000
24092 4564929098636853972480
24093 4565211303674600397000
24094 4565785256136248012288
24095 4566721208568642899055
24096 4567161831022668339000
24097 4569163364799803467152
24098 4572744327424187006976
24099 4573203656239138888000
24100 4573562918180549221656
24101 4574346320076448091176
24102 4575454797793135865336
24103 4576249234671559926481
24104 4576842842094663651000
24105 4578230268926745334911
24106 4578626121181700928704
24107 4578988419587010874536
24108 4580349446384446716072
24109 4581104310622532514367
24110 4584379094914441665024
24111 4584389625415702509056
24112 4584826150972759194048
24113 4585987316124662953069
24114 4587168924871047844875
24115 4587341548614618248000
24116 4587712461473946818048
24117 4588130896796284233741
24118 4590456657048745749504
24119 4591977327005402400920
24120 4592839808505565819657
24121 4593181511794508464832
24122 4593394265658201761121
24123 4593420343480672842264
24124 4594374408053663525376
24125 4594388548828708945224
24126 4596256653256337045184
24127 4598179143766231023000
24128 4598226414062571745377
24129 4598526839589231292107
24130 4599695735917692836517
24131 4600407819306575969000
24132 4600597288150544495185
24133 4602059254842822981432
24134 4602471631727644378944
24135 4603979461676322670488
24136 4604939030882304491904
24137 4605416708223518392625
24138 4607109332418190622472
24139 4607802386612942602176
24140 4609339366175350638104
24141 4610145709333818920448
24142 4610149005606386697000
24143 4611545288220347305920
24144 4612578863232978001728
24145 4612776500916053686125
24146 4616115092482099361337
24147 4616602962251027863375
24148 4616940874376103482456
24149 4620042478830033114923
24150 4621557940585290432000
24151 4623555578306446736136
24152 4623768837047479397824
24153 4624082872437622704192
24154 4626150674920165086696
24155 4626970955913816244224
24156 4633986172140990906696
24157 4635117295545821270375
24158 4635257026439906787375
24159 4635671050494000728064
24160 4636023745845322550853
24161 4636189106581649688792
24162 4637224142366147947125
24163 4638373151873780994129
24164 4638563182229927111343
24165 4639273743730280826528
24166 4639360077420010488000
24167 4639776699254219069365
24168 4639878626190269468328
24169 4640383218666408759000
24170 4640529187498508668000
24171 4641442526810123028638
24172 4642482382193733535549
24173 4643810084661105694329
24174 4643978299632196021224
24175 4645159305112376998857
24176 4645474654644187778043
24177 4645592228125844832375
24178 4646168724346723514304
24179 4646544758677560041576
24180 4649682595062508260777
24181 4651046125644743874504
24182 4651782286982921620712
24183 4652463769450549520832
24184 4654945879174391320000
24185 4655313729625853237229
24186 4655412179010137601000
24187 4656757817883079125000
24188 4658729280974519534784
24189 4658990793454329780987
24190 4659955890180922966824
24191 4660251611869151370891
24192 4661638773439415772888
24193 4661890392255431552000
24194 4662243947138269615173
24195 4662775049977565957611
24196 4662783100777657707306
24197 4663478100222839970072
24198 4664167538328936922375
24199 4666466041374732378147
24200 4667251775112121608000
24201 4668585743090533724649
24202 4669572318473834532152
24203 4669799009100200703000
24204 4672718760508259346648
24205 4673360173968896605776
24206 4673462023614467555199
24207 4673584293486439032000
24208 4673896842426699317248
24209 4674902176129647963501
24210 4674960671078995954363
24211 4676840396908339702464
24212 4678762202957592337168
24213 4680394707269421709569
24214 4681184540413833984357
24215 4681374803500709735360
24216 4683544818074670757608
24217 4687512870646740430296
24218 4688027061421595023125
24219 4689836390618033270616
24220 4690866969370987484625
24221 4691463557248366303552
24222 4692007882799177555251
24223 4692023920915173604125
24224 4694675592792604606245
24225 4695768317164934332323
24226 4700177842853935790504
24227 4700288397960193080896
24228 4700941195741559188992
24229 4704227739818724391352
24230 4704458900162864952438
24231 4704575382679302515593
24232 4705038249627716524125
24233 4707028287654634612125
24234 4710488581186599812211
24235 4710859207393836651336
24236 4712262740640831312144
24237 4712491606504643200512
24238 4713621889548032111079
24239 4713631052991326194456
24240 4715099129767974764544
24241 4715658331226660240514
24242 4715800525739117419731
24243 4716136187491865437000
24244 4716649356992836335000
24245 4717304607218795813529
24246 4717451325780836077617
24247 4718629556209008531000
24248 4719438880171110947241
24249 4719802341237064263000
24250 4720397171732151739893
24251 4720619971770414819471
24252 4721341641510818414125
24253 4722035760503244421875
24254 4722739219107769977000
24255 4723538204629590842503
24256 4724260057450036762029
24257 4726272490794990140824
24258 4730603323122472914153
24259 4731225538943592232768
24260 4731289825021125866136
24261 4732404296087772173961
24262 4732694793077920900875
24263 4735980892314906129792
24264 4737639792836634231123
24265 4739497129656743152391
24266 4740681026036473735672
24267 4741896702560692519936
24268 4742741997974817654272
24269 4742960141026568519000
24270 4742965290293632584000
24271 4743189480650786336808
24272 4743598430414141787879
24273 4744214644065130418184
24274 4744613426739165824481
24275 4745586015487308934917
24276 4747530636880749402048
24277 4747562549573544483939
24278 4748719063792138355375
24279 4749387062880887833987
24280 4750239376926050159061
24281 4750321498290384368625
24282 4750649888659642656423
24283 4751278050875085025875
24284 4751967317169743853056
24285 4753300154985920176704
24286 4754714041702592944704
24287 4755538952061841325375
24288 4756624435990228523085
24289 4757724560947197653947
24290 4758658906049862782976
24291 4759108330051875631104
24292 4759601285651872633344
24293 4759710447673527957000
24294 4760043341272604780824
24295 4760607109365365444479
24296 4760810693630434644480
24297 4763102168187887037787
24298 4763795544168275100213
24299 4764269885593308376832
24300 4767252554801476486656
24301 4767953881901307469983
24302 4768281652040591152104
24303 4768321322699186936320
24304 4769455139356160169000
24305 4769525359008928030968
24306 4770570693679837739000
24307 4771231942522615455752
24308 4773118874360946043688
24309 4775136521915338533639
24310 4777455705005969825021
24311 4778321660100651567807
24312 4779403415678985637635
24313 4779642711556275192000
24314 4779706945051412192448
24315 4779723014258549455917
24316 4779773075482205054625
24317 4780058301367675040448
24318 4780228948052030890768
24319 4783049026467634218816
24320 4784828293017573058440
24321 4785721986600534223872
24322 4786321632434990968320
24323 4786352264972605403349
24324 4788199680425546595840
24325 4789843622054446017888
24326 4791126869677330072128
24327 4792586046784798926447
24328 4793880408173742033288
24329 4796177866521251301000
24330 4796512695897564096000
24331 4796820928502481429369
24332 4798654361277112220625
24333 4798712828159491197537
24334 4803675736231791425088
24335 4805037222830060633144
24336 4805398833232179835016
24337 4806028863336207110184
24338 4806445537791677288448
24339 4806632629330685289864
24340 4809293917617816943433
24341 4809455743604743524195
24342 4809745337255804097432
24343 4811388271661898864152
24344 4812974933797326901248
24345 4813446115062425236032
24346 4814041920650941095936
24347 4814693533281378857383
24348 4815932494280422879000
24349 4816241820165030450624
24350 4818946393616976712000
24351 4819347615242518508943
24352 4819925054820203039133
24353 4821674482600209482768
24354 4821717129566748695011
24355 4822307844933610207232
24356 4822550842598128127000
24357 4822996212324122112000
24358 4823075741140694814875
24359 4823281395725673863528
24360 4824938451228006643532
24361 4825081182529712714239
24362 4825116127181423697624
24363 4826004694612869821625
24364 4826709171276643407393
24365 4827717095654037312000
24366 4828493363647796460072
24367 4828551749652584379816
24368 4829236220071875428928
24369 4829601181538791373625
24370 4829838950869371463752
24371 4830134249404548646848
24372 4830154760958349861025
24373 4830547260410200870912
24374 4830617391697419838091
24375 4832382710230190454248
24376 4832428890099061440000
24377 4832653551803046459000
24378 4832841175185266256384
24379 4832889609958654326264
24380 4835084187109681801016
24381 4836437875153149304104
24382 4838912401735608809984
24383 4839423848346896448192
24384 4840558995475326597201
24385 4840575711172145429121
24386 4843043713911003143543
24387 4845019825055628855000
24388 4845800900361293847000
24389 4846206805546518696375
24390 4846659665110690046347
24391 4847282812384594620318
24392 4847322109769814814776
24393 4848018462569876564061
24394 4848645637722813263064
24395 4848852546119463047712
24396 4849151570651172109248
24397 4850708101932900483367
24398 4858255599691208377572
24399 4858718733030800639547
24400 4860114266471862093003
24401 4861931889130751387043
24402 4862099277428659898688
24403 4862654672673408551577
24404 4865088365673608301983
24405 4866025012834633449984
24406 4866271957167542562816
24407 4867715823339925003968
24408 4868657682220456102008
24409 4868994509765312264000
24410 4869418885562332390536
24411 4869512887873836082797
24412 4871351907420856128999
24413 4872181763227418952949
24414 4872317064119678990817
24415 4873061508546736356579
24416 4873537012161951546875
24417 4874944115127786147000
24418 4875263713296480037625
24419 4876606987660739434824
24420 4877468146159328640375
24421 4878002754294535599552
24422 4879424788648632165888
24423 4879581929734520811887
24424 4880356782392835355059
24425 4880903939276474731193
24426 4881118595664787840000
24427 4882547325291854589504
24428 4883343201761547708584
24429 4883365629863508587527
24430 4883390402547135126375
24431 4884200129360049512616
24432 4884482082621913944165
24433 4884592247882751785472
24434 4884829574405267089512
24435 4885560516086948997000
24436 4886550117623149807104
24437 4887268258600357399224
24438 4887300238026787159488
24439 4888528128068799928896
24440 4888865334237541504939
24441 4890144469685915801088
24442 4891592743170682829625
24443 4893078639112921530819
24444 4893193722410084145789
24445 4894584284969580234663
24446 4895891584194020805512
24447 4896114820273811673000
24448 4896718411577337741312
24449 4897164788476426018189
24450 4897485508443386897376
24451 4899937193160623001297
24452 4900877690565459416625
24453 4901506887628650446784
24454 4902739278973386891768
24455 4909373235749046145536
24456 4910220518923392779736
24457 4910389807724381949696
24458 4910413896934871062500
24459 4912011514524885068584
24460 4912462874862716616144
24461 4916009967457514940875
24462 4916371063217439767032
24463 4917389761814885881344
24464 4917595715081066449224
24465 4919361981931035382744
24466 4919426773415950204656
24467 4919626888057754756919
24468 4920795603423559621125
24469 4920811096693419293184
24470 4921990574010117680312
24471 4922945224885955576484
24472 4923558728045079074316
24473 4924066588512722015625
24474 4924560584435819539563
24475 4927033412897804247375
24476 4929327238563640453275
24477 4932310183208221336803
24478 4933106289972070007616
24479 4934266579714717969731
24480 4936518235067579082125
24481 4936909766033203940072
24482 4936960870513716687552
24483 4937181721463773015507
24484 4939868542739041320227
24485 4943185225978351334976
24486 4945104839086869153753
24487 4945678941052904509000
24488 4948093629234967085875
24489 4950313164851284842255
24490 4951877983611049476288
24491 4952716746851020184856
24492 4953269086151583328677
24493 4956414391893044808000
24494 4957620267526683496551
24495 4960854143266477584375
24496 4962881868908342443344
24497 4966625487552746365621
24498 4967838504467806625784
24499 4967974276957380379528
24500 4968696662838724992057
24501 4971019333295513564703
24502 4972565069883701369352
24503 4972582704135675931631
24504 4973580797175956550501
24505 4973593781899528865352
24506 4975412143839500910456
24507 4976903364202787208256
24508 4978987855376090217165
24509 4979038630211362708992
24510 4980906491716588407147
24511 4981181783566117688000
24512 4981381429944922774856
24513 4982499090026259650875
24514 4983314769509763258936
24515 4984469953563186773288
24516 4984991191532050520211
24517 4985338226389925419197
24518 4985453639146594146624
24519 4985528522857560974205
24520 4987246103229845613431
24521 4988679141002502074311
24522 4989329260686387174168
24523 4989756456517173488569
24524 4991280054864347705643
24525 4991921525653848022328
24526 4992109716511376779509
24527 4992250528854670536000
24528 4994849309581713878667
24529 4998177005554692414728
24530 4998343123472122368000
24531 4999692556442561338944
24532 4999862900794833609993
24533 5001227146154333053080
24534 5001523708004679375000
24535 5002719527333142227375
24536 5004406654027082763776
24537 5005061941205101304808
24538 5005915164882964411317
24539 5006593464296613750216
24540 5007012322561914609000
24541 5007647552538624809851
24542 5007883744120361732056
24543 5008947482136111316992
24544 5010210346101123559104
24545 5011491535722039890375
24546 5011746243414619981237
24547 5012214005472694308288
24548 5012650540930697871397
24549 5012745103328088423717
24550 5013779883252255965304
24551 5014073585134566941625
24552 5014176336287409700864
24553 5014478996961221115207
24554 5016150889806289896000
24555 5016700083729500910757
24556 5017372837104443027625
24557 5018214997828210612113
24558 5018575369119524339715
24559 5019507679734974336183
24560 5020657308776505032000
24561 5022468259847770993632
24562 5022936084805277184000
24563 5023466759878797740328
24564 5025573057632759422056
24565 5025985227632750479488
24566 5026231794007499343093
24567 5026232702620503607707
24568 5027547950491458927808
24569 5031389742690871332864
24570 5031976928448484933191
24571 5032638529668911120904
24572 5033640419711978984000
24573 5033703780490815009216
24574 5034326728963873965624
24575 5036430829254454761768
24576 5039735240524626369000
24577 5040949961580486926616
24578 5041156055984971447096
24579 5043277173657160461114
24580 5043470189905018840527
24581 5045434972373220889464
24582 5046411149563648432743
24583 5046969577659290131968
24584 5047809368327993705984
24585 5048287543750560411393
24586 5048757538905413220544
24587 5049171759754443275136
24588 5049544894053307109000
24589 5049710901256695061752
24590 5049781374875984603584
24591 5051049489191271057219
24592 5051558747642436288000
24593 5051675351966021928000
24594 5052445924386955189095
24595 5053411707607408469723
24596 5054132685767659257608
24597 5055007506611709648456
24598 5055040595789170602616
24599 5055160115315152080576
24600 5057917310197537942464
24601 5059119540022317728504
24602 5059231518493510439419
24603 5059674189576800608256
24604 5061491408260826529417
24605 5063109661048540826088
24606 5064022159251448570632
24607 5064693316335524479608
24608 5065281878285840518125
24609 5066019563051184499125
24610 5066043474476579088321
24611 5067089944200868122000
24612 5067461563772866073576
24613 5068429447367527782632
24614 5071390468692637828193
24615 5072756096803389137416
24616 5074850748698176457375
24617 5075631396257719796928
24618 5076149749900185308625
24619 5076254425984993826029
24620 5076977410830927840021
24621 5076986828282549051625
24622 5077581121907074637136
24623 5078097046940272617024
24624 5078906600680697586984
24625 5079667105388999088000
24626 5081222859673844520000
24627 5081682770215310259000
24628 5082741657631738469187
24629 5083596140503882899456
24630 5083707297808458597096
24631 5085650437642325835018
24632 5085661657723548993000
24633 5087117540907947381473
24634 5087451756151574743472
24635 5088033303300096837632
24636 5088824129334087767800
24637 5091530279527895407848
24638 5092805116700335944000
24639 5098347930740093397576
24640 5099548751895173793399
24641 5100900267962540223000
24642 5102057894823191154258
24643 5102096965464183237189
24644 5102676251664842213272
24645 5102963565774328132424
24646 5103093594328362818731
24647 5103438173276950602207
24648 5105554099981713348544
24649 5108209734688096538619
24650 5108256043830763693623
24651 5108437350232468440552
24652 5109258889427743462104
24653 5109528965906451947679
24654 5110521677218257588288
24655 5110832229778654927723
24656 5111109578331859375000
24657 5112950607919237165056
24658 5113395988395347953125
24659 5113489700629444019193
24660 5120420695372685417176
24661 5121327118343822262000
24662 5123697686191718992125
24663 5124121942016811608000
24664 5125292588907056488832
24665 5125811579556959916072
24666 5127253656689017558341
24667 5127717978454169419776
24668 5129242179897197416392
24669 5129731643874481165249
24670 5131618246130596731000
24671 5133209168821334328000
24672 5134376136016013226093
24673 5134439995540612146936
24674 5137409740842655447752
24675 5137485245214325731000
24676 5138627521507117069824
24677 5139095062269972674312
24678 5140326263984122976856
24679 5140360254695525075125
24680 5140636542660760649928
24681 5141931841300689629593
24682 5142086572795671169125
24683 5142792106819477656000
24684 5144960262223085443776
24685 5146802791702245765000
24686 5147279926081669905984
24687 5147808870425826941973
24688 5148616339888932972096
24689 5149195475719909912389
24690 5149504263749001287040
24691 5149744879976447853375
24692 5151888521843122765944
24693 5152527770061986496000
24694 5152933522481351658688
24695 5154172880536735541857
24696 5154489875625066504073
24697 5157197720552663422875
24698 5160864739010743755720
24699 5160991982370215198272
24700 5161562885175630850728
24701 5161626310817251693782
24702 5163341130587546853947
24703 5164069681323533326528
24704 5164349365423357109000
24705 5166035845279607293632
24706 5166324064537628463000
24707 5166500924170426975640
24708 5167291682633990954625
24709 5168387596483618065000
24710 5170758246961476197184
24711 5171133434819652517932
24712 5172109467474826933056
24713 5173089309069379234875
24714 5173926624392185760256
24715 5174118326497309693119
24716 5175550990892506315968
24717 5177428557650680915584
24718 5178519769613428588896
24719 5181912559905421551848
24720 5182623204022867151943
24721 5183078984420416554384
24722 5183977631257730946375
24723 5184318166376594622048
24724 5185439918383367641005
24725 5187309977076032392587
24726 5188612024296145352817
24727 5189191882187252789421
24728 5190166245503340549000
24729 5190658958124659592664
24730 5190754535134983631089
24731 5191163676832701983688
24732 5192742072964140266579
24733 5192861463167235511563
24734 5194740823819497964000
24735 5195012212344933952344
24736 5195160854854726203000
24737 5195434062304989555416
24738 5196411380895432492375
24739 5197452669588650562000
24740 5199215913627377111496
24741 5199580448514937884672
24742 5199594742876428020133
24743 5199892851717208125000
24744 5200083622559596260672
24745 5200648117918583864625
24746 5201813298640184020431
24747 5203138472884707735744
24748 5204519867979654768000
24749 5205275962364374926848
24750 5205787503557035984056
24751 5206531599808078108625
24752 5207919682383298664000
24753 5209495298851070224179
24754 5211743364128168502336
24755 5211831740145649611048
24756 5213502659222375616000
24757 5213858623814664223407
24758 5217001742814054193728
24759 5219631419860997257608
24760 5219792684226292300479
24761 5220766179083575887039
24762 5221350407778175263593
24763 5221757357553820027392
24764 5221955680226372289384
24765 5222379493856485067625
24766 5224702014709331623352
24767 5226765357770378296875
24768 5226942794400969651009
24769 5227345896649630208000
24770 5228584279709423098375
24771 5229619071539533765696
24772 5230016490054972082824
24773 5230034680647222676503
24774 5230940944202669453121
24775 5231961867918731637608
24776 5232878790150067875000
24777 5233439102295941881344
24778 5234017549585413463056
24779 5234318880496681719744
24780 5235916889364771712375
24781 5236739831694733910847
24782 5236852868029960288839
24783 5238482657694680963520
24784 5238572845503749582502
24785 5238824485181356860427
24786 5238975193379005975227
24787 5239816346239702908408
24788 5243336023032655191189
24789 5243834778595851176128
24790 5244048522086652441000
24791 5245366439830121855432
24792 5246421533375626739681
24793 5247441046069041653496
24794 5249021669141842210717
24795 5249046222643642055000
24796 5249740925728771328250
24797 5249785966538908936904
24798 5250302255240947094904
24799 5251547800285716459250
24800 5251903555914686785933
24801 5252534446181227551801
24802 5256387585777440019096
24803 5257585795363065021501
24804 5261918689129144973931
24805 5262499591887621347784
24806 5264916625954085184000
24807 5265767679421480084000
24808 5265825176936448102888
24809 5265852250770896029875
24810 5265861746162521676328
24811 5266554516187082453888
24812 5267678801176601724096
24813 5267853911673178892703
24814 5268369504533556924594
24815 5269442251917940642000
24816 5269591640244192249807
24817 5271057947889700209152
24818 5273477968499859862016
24819 5274625822555815436464
24820 5274964344248219433267
24821 5275661872835940499368
24822 5276394590929574229000
24823 5277304916206573246416
24824 5280184105008352817193
24825 5281390131874111322587
24826 5283643698038854459584
24827 5284105498226351742120
24828 5286239279289919653192
24829 5287963665759294040983
24830 5289215731358705807661
24831 5289694681444293295296
24832 5289779717705754939456
24833 5290495873085190706218
24834 5291388646901169964632
24835 5294363937880337775000
24836 5295650068847285666694
24837 5295897083339531295256
24838 5296241722940770415121
24839 5297041632849519066696
24840 5297249675469773408121
24841 5299673476148407189125
24842 5300824825062402963768
24843 5301842166790683334912
24844 5302014023927218472000
24845 5302197062887851728000
24846 5303271518833121240706
24847 5304364397060967856000
24848 5304728422405643632128
24849 5304796923742889391000
24850 5305035279108770138304
24851 5305734128812007869433
24852 5308333974025536087088
24853 5313536004125164256649
24854 5314962816490765713093
24855 5315389576619651948384
24856 5316854737175466849000
24857 5317535115986391878769
24858 5318008186270519159875
24859 5318928268080667027515
24860 5323185903720394008000
24861 5324949263937382004627
24862 5325766409107653846129
24863 5326549882377272882424
24864 5326687134524987300979
24865 5327051684111443377000
24866 5327146548631486629225
24867 5330462864919826606875
24868 5334719799026795433984
24869 5335664282310701241000
24870 5336020122781838958936
24871 5339229490860228617472
24872 5342648921731184511168
24873 5345979757154627286843
24874 5347351386577195252264
24875 5347384434126166336443
24876 5348155535993179145600
24877 5348605195765897246503
24878 5349951601459990080192
24879 5351642274249573716024
24880 5353931173487649403625
24881 5354209035720470016000
24882 5354427871945587681792
24883 5355407052169219431360
24884 5355895229856439734375
24885 5358913856531252755920
24886 5359266983920940283375
24887 5359589485546680657000
24888 5361430182071060660472
24889 5361448767262075889856
24890 5362948275671861784000
24891 5363311278981365407341
24892 5363533345995525113784
24893 5363857629491665033953
24894 5363869374507495384000
24895 5365634261225769428625
24896 5366153328656874287625
24897 5366507353327354237848
24898 5367047635613804972013
24899 5369689664755428370176
24900 5369912059102203995648
24901 5371680924622249146000
24902 5373831142531209738168
24903 5374223707267665432000
24904 5374719453352838373512
24905 5375154868574156551368
24906 5376349081153262479293
24907 5377889504150583789248
24908 5377955847011586288576
24909 5378805355286672792000
24910 5379352660239271060032
24911 5379689669372756127000
24912 5379919196779738094211
24913 5380667485786660773888
24914 5381382202195038141375
24915 5385052799815450187979
24916 5385697461568164631625
24917 5385886666521348149000
24918 5386097239926145920576
24919 5386385847263773303296
24920 5388191158923657000000
24921 5390044614569371518144
24922 5391005232525178266936
24923 5391607053524592589208
24924 5392414762267617000000
24925 5392601129440813134483
24926 5392702915551432000000
24927 5393862382005825286104
24928 5395169644056028444608
24929 5396388887901695731992
24930 5396519283808127521375
24931 5396935188872543910776
24932 5400159557476019302512
24933 5402356694227120445721
24934 5402604808824914894840
24935 5402719347874207002000
24936 5403785178399925444344
24937 5403824619799884721352
24938 5404070020555355123520
24939 5407455316177944724968
24940 5409219708624175248896
24941 5410037769186670329024
24942 5410444525656630987709
24943 5415178974735604261824
24944 5416362509830597968552
24945 5416843348288853547696
24946 5419176774647186472642
24947 5419960433856155492487
24948 5420532672662748705792
24949 5420731497753879710839
24950 5421952649167697670111
24951 5423594722014105790344
24952 5424751379257906980375
24953 5425233860996625587912
24954 5426676852669384984000
24955 5427382493765950651323
24956 5428671117456095321904
24957 5429833608285358463016
24958 5430753988964748813824
24959 5432248362339313201665
24960 5432864639900726361879
24961 5434501825713134010375
24962 5438644510125500409736
24963 5440286348567300286657
24964 5443508273067396212464
24965 5444041348537442918505
24966 5444140091004816513984
24967 5445015687977146844472
24968 5446926885828761215848
24969 5448383567478110637504
24970 5452231646935327401000
24971 5453016601505465256992
24972 5453148435972092416125
24973 5453816577741989254161
24974 5453906082172468503128
24975 5455354468650881703480
24976 5459710314702220171875
24977 5461590727010222198784
24978 5462778299971822089624
24979 5462878773653718715467
24980 5464762516146058723360
24981 5465282581195277760712
24982 5465672069063085798408
24983 5466330909257820161049
24984 5466628451280748967488
24985 5466722813426110921776
24986 5466740627848174754625
24987 5467713779584075155136
24988 5468094359385425325747
24989 5473862552132468046000
24990 5473982022404129846612
24991 5474360571801963089976
24992 5474587965330620708416
24993 5474912870891707556859
24994 5475527041853968178625
24995 5475942068591250466496
24996 5476280086439519852664
24997 5477551102500898549681
24998 5479553624219637723000
24999 5481118977822853872904
25000 5483222984016859536000
25001 5484767707132591801833
25002 5484777855913170667125
25003 5488067002474084726152
25004 5490082709549226786816
25005 5490952063815380086125
25006 5494612775646869326088
25007 5495580675088750275848
25008 5496843463599012275933
25009 5497705394844740918568
25010 5497853722271149624875
25011 5498495833762217728000
25012 5499043148276317467000
25013 5499290372493974767704
25014 5500516730736505344776
25015 5502837498365257489439
25016 5503148057615703957000
25017 5503360881142269190656
25018 5504010829154499068407
25019 5506683269467814126784
25020 5507135016941721536000
25021 5509892227434916234816
25022 5511422880694826555103
25023 5514098514302014195832
25024 5515865276144785753653
25025 5516922403120179667625
25026 5517204723225455203125
25027 5517430310667974805288
25028 5519574506963037403064
25029 5520192262324115202008
25030 5520627367692280402104
25031 5524833101352394354623
25032 5525281480932916101000
25033 5527269610891803145800
25034 5527682031044902378104
25035 5527977484929818072427
25036 5528362294652622719112
25037 5529361787248392747927
25038 5530414849615454145984
25039 5533727252289896020032
25040 5534154545304534807168
25041 5534593473731383669608
25042 5534809838942153013270
25043 5536540008759370043979
25044 5539594808728537241139
25045 5539995054877184713000
25046 5542498931616609919875
25047 5542562462825537296875
25048 5544902025573605315136
25049 5546467095026432347080
25050 5546708116134556768488
25051 5548371459842438347176
25052 5549261557717395272781
25053 5550652669536806802607
25054 5550951460661843591719
25055 5551961560954139874816
25056 5552106717379105486232
25057 5552309250684958042008
25058 5552932733009988681355
25059 5554338330131222625000
25060 5554744743547403500824
25061 5558677054881140736000
25062 5559356380052560418963
25063 5559664892439636649125
25064 5559822642915005187968
25065 5561708764143563996328
25066 5561841748757495009536
25067 5561848639538346094875
25068 5564176895929595235481
25069 5565836814825555723672
25070 5566116319319430104139
25071 5566148526553723606869
25072 5566624545557169588032
25073 5568411539121331223232
25074 5568742585432545789816
25075 5569855940355522058152
25076 5570794235769922938688
25077 5570969761592671106125
25078 5571273640406454601992
25079 5571494323926444683523
25080 5571714143201948469000
25081 5571962912485205920125
25082 5572743172889413940181
25083 5572842240038795129457
25084 5573802823521550191288
25085 5575065462637928617087
25086 5581506188599827410584
25087 5581935598528246228875
25088 5585183412657447632579
25089 5585500194341099433137
25090 5586494983173548131968
25091 5587369237434270286728
25092 5589722609140270579453
25093 5589975818259969312960
25094 5590241366147293709889
25095 5590397826606570192000
25096 5595475749814229130432
25097 5596452200195266921875
25098 5596564373720077493736
25099 5596830825014263744000
25100 5597297262705739944808
25101 5599478412449980577792
25102 5599936859189104224000
25103 5599954583339001348177
25104 5600162502167227813000
25105 5600562365313910774143
25106 5600783159900249020875
25107 5601638027798509251464
25108 5602973617866243630375
25109 5604546198994802075016
25110 5605164238554298990089
25111 5605322726635125079040
25112 5605483259699389599624
25113 5607752490952077622464
25114 5610049137271219004000
25115 5610079193429572117587
25116 5610598452000498619117
25117 5612650355096419761000
25118 5613894844406312256000
25119 5613898647883662339840
25120 5613924655200844777977
25121 5614373606483438014528
25122 5617321343127313100288
25123 5618249193845197984375
25124 5618549384944488605375
25125 5618575269680328064144
25126 5619107048244827535944
25127 5619789219218156714277
25128 5619819772228744712448
25129 5621830902679821665472
25130 5623261033226397399000
25131 5624674535343507932672
25132 5625205518446085753792
25133 5626505908170693687232
25134 5626910746497397480039
25135 5627030977555483744008
25136 5627412142746356454921
25137 5627880100021357977624
25138 5627910951145615250456
25139 5628971341596347915625
25140 5629241378303874100224
25141 5630182141843316421000
25142 5630780866769551898496
25143 5630988986720061741000
25144 5633148034683986701248
25145 5633945831944323747000
25146 5633987962800067570917
25147 5637255803645342184000
25148 5637377762884509550272
25149 5638135482549300185000
25150 5639513912839506826952
25151 5641776478351302412032
25152 5642749484702036707455
25153 5643716739841589671808
25154 5644219922491518158336
25155 5644231981389025007256
25156 5645247483968723141784
25157 5645573685528953740291
25158 5645781938938659007672
25159 5645976696489132949617
25160 5646854244485436866000
25161 5647842441140151803733
25162 5648062318251608941056
25163 5648459452895010735711
25164 5648472859902766455744
25165 5649536839190738126913
25166 5650373649710623258432
25167 5652121353610910427648
25168 5653046535836625914625
25169 5654649510754779684968
25170 5655604093443955550016
25171 5656839385361894856000
25172 5658429104873664314949
25173 5658719780449728672687
25174 5660510670158531824000
25175 5661119688762087982152
25176 5666648158584006984000
25177 5666843608570129940864
25178 5669094132529957345671
25179 5669961609847009846455
25180 5670572307515871107625
25181 5672076064328882598264
25182 5673538273304780424000
25183 5676895715146841368512
25184 5676975536370128172000
25185 5677143616672073784000
25186 5677316005073191351327
25187 5677784621537534298000
25188 5677916012888528773000
25189 5680147499502315671195
25190 5681055710120277893688
25191 5681183398406686766223
25192 5687460472852725328125
25193 5688207680699143530099
25194 5688365473605779546400
25195 5689605664781764187625
25196 5690745068855978032083
25197 5691240855441652521591
25198 5692801550701013130375
25199 5693570356873946377887
25200 5694396255030389773832
25201 5694880359839928088384
25202 5699276377135463080000
25203 5699546037126548641125
25204 5700258194830703535421
25205 5700868567028636389992
25206 5703179503602898863000
25207 5703527094257818936656
25208 5704618883625756476928
25209 5706968543729169038875
25210 5708741974121904242625
25211 5710060585397594053593
25212 5712240977584186807944
25213 5714240714812009759500
25214 5714693785188090436032
25215 5714896191535326793536
25216 5715380872861195184649
25217 5715516140799726924117
25218 5716007443136617580863
25219 5716116563848836629176
25220 5716403473612093171875
25221 5716516240945877391808
25222 5718929721223682442752
25223 5719247539987836367296
25224 5719914454835741182568
25225 5721067329265860475904
25226 5722422242268995460288
25227 5723612960432319953000
25228 5724516705654497665635
25229 5724661178376554687000
25230 5727530754243999674064
25231 5728321215777719195000
25232 5728497571063814902784
25233 5728661618326187646673
25234 5728718689341729661125
25235 5728747717877494356072
25236 5731452178601965163712
25237 5732436240131977440792
25238 5734613905637064899087
25239 5734790988085648477512
25240 5735083694274999181936
25241 5735184537866419516608
25242 5741339039666698104000
25243 5743823745046903746984
25244 5743919902645876777371
25245 5744462941951610904027
25246 5745939729053962995648
25247 5746430710872236975616
25248 5746670133949375702379
25249 5746871649527821440936
25250 5747231167805110294584
25251 5747332353452246853576
25252 5748213408996764243629
25253 5748221581732367101000
25254 5748916177730652635079
25255 5750437964338846933056
25256 5750883687845624537664
25257 5751044355857306006592
25258 5754377105369036352000
25259 5755025295056306997000
25260 5755136208030243353592
25261 5756972420068770866625
25262 5757295879777543601435
25263 5759385324063387130296
25264 5759846832269617940160
25265 5762362955069502567611
25266 5764292952515843792319
25267 5764354420419285328584
25268 5765529614544688192659
25269 5765712050611869610744
25270 5765777399370947160384
25271 5766029512553282324625
25272 5766568514154761177375
25273 5766665054184235106577
25274 5767576390291785521039
25275 5769298880363986695000
25276 5771044691616905745408
25277 5772103761468773578941
25278 5772998803371292359720
25279 5773907996762613777216
25280 5774245212527375187968
25281 5775382384777422185769
25282 5776180257881176908219
25283 5776925827352038886592
25284 5777270164975082476248
25285 5777518028080242122631
25286 5777606883822021015192
25287 5778265781729483395262
25288 5781425653172528409024
25289 5783881830299463816289
25290 5784347484745690789448
25291 5784741469423849240152
25292 5784929772388650099125
25293 5787474733090135430072
25294 5788340665129229073139
25295 5788754864263356450192
25296 5789192621320290139776
25297 5791561117338814835589
25298 5793220229422134656609
25299 5794678136398686917382
25300 5795679571990264201609
25301 5796391213223971328024
25302 5796786166449162066000
25303 5799687942850860595257
25304 5801568142197572468416
25305 5802506070499293795829
25306 5802706575507638561128
25307 5803159655645839643247
25308 5804860507237812599488
25309 5805304791060958603875
25310 5805864024098429422998
25311 5806081360798042296609
25312 5807080669846834314125
25313 5807233556130150578889
25314 5808826307537189412875
25315 5810434183875909952000
25316 5812348988735243508736
25317 5812431134737361375232
25318 5812845466273369465032
25319 5813953192980447705125
25320 5815384313660607270375
25321 5815645532710944728616
25322 5819115134350455186123
25323 5819329952127159382187
25324 5819986788155634040856
25325 5821391007683451514125
25326 5822544452599779594417
25327 5822680431725153551737
25328 5824332013260727100736
25329 5825723432311051220376
25330 5827143900435647811931
25331 5827748242012044415613
25332 5828271863807809709999
25333 5831985071745878511375
25334 5832630029655162443008
25335 5832932830380737571789
25336 5834577844230959835856
25337 5834578838511483903843
25338 5835966107685475987017
25339 5836231998962920020024
25340 5836416617566908613000
25341 5837528863983415780125
25342 5839926299527992208875
25343 5840292715355650401703
25344 5840763458664837969000
25345 5840958904342318535688
25346 5842254826415715873984
25347 5844128004619108622721
25348 5847284393230548859201
25349 5848101082516357831257
25350 5848469855209076187456
25351 5849299970493290289559
25352 5850354318909251610375
25353 5851446245535155058073
25354 5851849193146204034752
25355 5851875405033079170875
25356 5851972191336295752000
25357 5852221745031803506176
25358 5855326419906644408000
25359 5855627039153301072000
25360 5856327705766568593472
25361 5860322823581460219375
25362 5862116848601952044568
25363 5862492912480225021000
25364 5863494689168653279288
25365 5864019369693350792472
25366 5868278972789240875968
25367 5868561541374100072504
25368 5874630378670943384040
25369 5875419014495670564288
25370 5876222031923628707064
25371 5876848619186661246312
25372 5877413793094077131625
25373 5877674122052681609976
25374 5878631834453773304000
25375 5879272073344959684096
25376 5880936747405754130768
25377 5884982220370190432768
25378 5886340593493337390952
25379 5887370786910801945750
25380 5887981670550041147904
25381 5888371676575043774664
25382 5888902319104822990336
25383 5889315959090282339712
25384 5889656907412922282625
25385 5890675276051703181352
25386 5891480254164212310681
25387 5892534906488451059904
25388 5892581118426490701376
25389 5893887058901350828111
25390 5894201295073039080951
25391 5895619702035909023808
25392 5896963673901296765496
25393 5897078691297274656728
25394 5897911496579503033185
25395 5901416855154644963139
25396 5903123220209243187432
25397 5908730071686276808512
25398 5910584160225368869875
25399 5911587699151272781825
25400 5913942970041705328038
25401 5917423837569383701809
25402 5918809508516155069000
25403 5922389526279099651531
25404 5922413507176661313000
25405 5923784981367877053339
25406 5924213629339902520057
25407 5926108092672929639625
25408 5926871465743093264000
25409 5927235131029158351125
25410 5930381707607031790248
25411 5931840348605729632256
25412 5933785469515088657544
25413 5935234768404533596312
25414 5936060910677188614904
25415 5938340778235078170048
25416 5939789299790215872331
25417 5940227065117654661625
25418 5942272640553961378056
25419 5943296833419211366464
25420 5943752469057694692303
25421 5945049423852586661907
25422 5945191011349710411375
25423 5945616239483374382656
25424 5945999753555889356736
25425 5947333620638560119125
25426 5948056421252203368448
25427 5948265550129761191823
25428 5948478165580965040663
25429 5949578101078748825416
25430 5950143023599942339536
25431 5950562022103571204059
25432 5952647598506648504136
25433 5953475612473926071535
25434 5955414041159914705344
25435 5955452936563159718208
25436 5955652267166520011331
25437 5956437287891739438783
25438 5956874454891578722056
25439 5957190933036813717345
25440 5958061496190138487789
25441 5959840503471398538911
25442 5964963191326264027257
25443 5964983577960288336728
25444 5965575249958629734016
25445 5966754941526350916672
25446 5968827938274346375776
25447 5968892405072828483343
25448 5970687768566933775272
25449 5971023293719791938904
25450 5971291181985798541089
25451 5971343674016377343512
25452 5972385533688819968625
25453 5973644391098631371208
25454 5975427011912539836291
25455 5978465488772807018625
25456 5980381404289194959784
25457 5980868792363650871413
25458 5981301855374053136201
25459 5981768268625441786689
25460 5982339341652128000000
25461 5982940334029569153984
25462 5984521785089888768000
25463 5985172873129634842112
25464 5987761225103511947457
25465 5988246470307712106496
25466 5991131623621763924424
25467 5991476236278752378880
25468 5992891455879968966163
25469 5993665468042296104424
25470 5995802896503967827000
25471 5995829981074972152744
25472 5996466878841415398520
25473 5997713672272919276736
25474 5998664819698962944904
25475 5999283802792850353784
25476 5999838845771641563000
25477 5999913837055951446123
25478 6000887780317897766208
25479 6001968693295026996147
25480 6002144244044060203000
25481 6002303398965943530760
25482 6003597457653132013768
25483 6005144507778055098368
25484 6005615725901778970347
25485 6009142252450968626688
25486 6009658208465151018375
25487 6010825597949424889000
25488 6013793527480614020544
25489 6014146294150084928376
25490 6015146522573397943881
25491 6015290123244995566272
25492 6015823218297088859691
25493 6020252581547122557912
25494 6020335812245938852032
25495 6023870727121384738965
25496 6024915190027393632000
25497 6025399504335240277787
25498 6026068413753656582223
25499 6029962624103182726537
25500 6032394662531817109409
25501 6032985794766259561063
25502 6033297151430145552384
25503 6035222547786226041000
25504 6036973550185541019021
25505 6037647008776839382248
25506 6038177285340842833513
25507 6039035080804148951808
25508 6040505370577041000000
25509 6041329816061965020813
25510 6041582520758155666360
25511 6041638937003769792000
25512 6044479664724439368192
25513 6046489086360618987000
25514 6046743876306525009856
25515 6047606959433145056375
25516 6047688859208996556375
25517 6047808178749461527221
25518 6048024981226119889811
25519 6050197361697950583477
25520 6051780660890046910464
25521 6052680720564234712137
25522 6053447104981171039872
25523 6053991468104633318720
25524 6054200824158459779625
25525 6054698362912146714312
25526 6054921454307841723816
25527 6055912980317363929064
25528 6056897369724167671033
25529 6057559810433508624000
25530 6057739739241261089109
25531 6057797285289805991936
25532 6058354981133956644864
25533 6059751331807350526167
25534 6060985371201221744976
25535 6061391669782366800597
25536 6062469842962059289308
25537 6062762429799163642099
25538 6062843610212987517192
25539 6063934766121837640000
25540 6064292849435416202733
25541 6065715807658388949704
25542 6065955398564460912312
25543 6066500314622551961976
25544 6070269729247786151936
25545 6070344726894588355544
25546 6070679150206885534467
25547 6071747452487361656128
25548 6073168655290326257304
25549 6073524450388532899125
25550 6073943775542583130944
25551 6074007024331493382681
25552 6074731493221722330699
25553 6077863330609825756827
25554 6080822989437670096896
25555 6080841423471293472448
25556 6080892507071023186125
25557 6082739182217386079307
25558 6083269004432059713000
25559 6084262741495825355651
25560 6084452663118777501288
25561 6086367308055796264000
25562 6086686785225273640296
25563 6087954192650498389312
25564 6088935104899633825111
25565 6090165364256753180184
25566 6090318863477569728000
25567 6090904634274803718648
25568 6091681855594379452408
25569 6096069531149797992520
25570 6096304166202076603959
25571 6098421606291336855680
25572 6100042237976357857368
25573 6100243634253561824376
25574 6101155234429589368125
25575 6103228308126814642176
25576 6104096850739807161125
25577 6107026960446284500992
25578 6107041381749472630648
25579 6108523833137597144000
25580 6109341053318887730689
25581 6111464360433058062072
25582 6111876095809229910528
25583 6111905131954447239960
25584 6112502869657002803712
25585 6114184753704471778824
25586 6114410107263517266207
25587 6114744902633506890625
25588 6114833907780127925304
25589 6115285528195609346616
25590 6117100508296627069528
25591 6117527446020650743083
25592 6118515480874849330824
25593 6122407402389962415375
25594 6123614962342382379784
25595 6124948254947311630776
25596 6125469043732308486125
25597 6126418936612453622472
25598 6131289729947827221504
25599 6131763258180987944673
25600 6133178186645399312787
25601 6134203157019662088000
25602 6135257556632131296733
25603 6135298151041886017464
25604 6137676433353278381120
25605 6137842153500533800448
25606 6138017492587614144000
25607 6138777549871272384000
25608 6138802304481148997688
25609 6138937969012359576000
25610 6138979506310094286752
25611 6140255012752140068031
25612 6140411193612362955561
25613 6142206852948363068872
25614 6142685286398377848768
25615 6144633007647903440217
25616 6146057760116372340571
25617 6146406273993939200709
25618 6147417833039254781952
25619 6148869020035649077248
25620 6149270184473861296488
25621 6149339062734357205632
25622 6150223571047396755768
25623 6151753078671449791341
25624 6152066089904538183744
25625 6155142465058481598984
25626 6156417523376706202981
25627 6156429261804364160375
25628 6157052977676275584000
25629 6157664553103352218657
25630 6160361633089628657147
25631 6161842154938007538000
25632 6163038705498834845448
25633 6167348812846375567875
25634 6167516475407613331544
25635 6168224778501438287271
25636 6169109118015657372552
25637 6169985935770365025408
25638 6170007576335807176056
25639 6171618940270739601408
25640 6172294623552495783072
25641 6176912511448042520247
25642 6178084913901296690216
25643 6178127594058563263029
25644 6179729641143754032883
25645 6181673739672457947375
25646 6182387744720299418000
25647 6183208788518912294088
25648 6184564504046485586568
25649 6185310420317008715280
25650 6185527821006840004608
25651 6186619349621224490375
25652 6186926001779773233984
25653 6188030385366335688000
25654 6188370133271462101504
25655 6189316308821419724288
25656 6190415066404433335744
25657 6190544349042146856000
25658 6194168295947982607257
25659 6194427652164840804352
25660 6194762494230258861192
25661 6196232017657285797375
25662 6196356704840771889000
25663 6201503011221155569512
25664 6203380500304984813752
25665 6204609725027308902216
25666 6207835214999951312472
25667 6208505686057575387240
25668 6209105709276105435072
25669 6213131738926482359808
25670 6213431923798425511176
25671 6215073715739907246592
25672 6215213983377091129983
25673 6216766525511847750375
25674 6218378272528109021061
25675 6218601524315567406656
25676 6219192257962548050277
25677 6223507908836670178307
25678 6223859904265746133573
25679 6223932517595177208096
25680 6226984718203226880448
25681 6229530723290012784793
25682 6231330023797009769400
25683 6233909308105194968896
25684 6234907765975853256000
25685 6235288224806592275571
25686 6237992344280869959605
25687 6238594941821852698179
25688 6240369263722438125888
25689 6241099539246991575975
25690 6241917719472852590712
25691 6242247392152742851608
25692 6243721563953581349824
25693 6247525626749106322497
25694 6248306265768371345688
25695 6249496356842118620877
25696 6251201814093692967000
25697 6251748228571739919480
25698 6252297694567455650184
25699 6253728189487666714008
25700 6254472003828580965888
25701 6254798068382779710648
25702 6255154465381593211895
25703 6256638349322934396096
25704 6256989411678062011584
25705 6257992028384507437000
25706 6258857162289261895512
25707 6259981193750706379776
25708 6260864974166754542080
25709 6260908128663279509873
25710 6261562927827582043032
25711 6262914894369578198208
25712 6263105318763182515808
25713 6263501460892531599744
25714 6266094950201861831112
25715 6266932958951457472953
25716 6267485636114503544072
25717 6272105981007694124808
25718 6274346864496794811000
25719 6277359994667613057024
25720 6281404064467048500984
25721 6282018912445734983616
25722 6283629852488693049709
25723 6286156841287125504000
25724 6286559075247577823424
25725 6287435193696623400896
25726 6287817409612422836607
25727 6287827268423880833472
25728 6288624504359340795288
25729 6289959447441000814392
25730 6291375299666499357504
25731 6296986364979858516423
25732 6297671542726045283984
25733 6299118863639512675128
25734 6301432311672350525400
25735 6301686701728449253872
25736 6304098669529894199883
25737 6305303910596177351592
25738 6305571858354440797125
25739 6306413566598720055000
25740 6309905406294163843000
25741 6312579381459200304000
25742 6313269132985748544000
25743 6313928743373852285496
25744 6315600544040093393269
25745 6316510781636874726336
25746 6316865933160862183104
25747 6317344731569393145897
25748 6319288033946364965696
25749 6319737934032199832064
25750 6321275861501520486469
25751 6321507692856008239368
25752 6322774556633166508032
25753 6325052130445140591464
25754 6325511693171518836261
25755 6325565768252376636744
25756 6327926299743569994375
25757 6328457736610378973184
25758 6328789171431104137032
25759 6329906904365191000000
25760 6329966044606929361000
25761 6331116179893408824375
25762 6333362621026587153000
25763 6333394400285785647633
25764 6334230249879714823888
25765 6335425846563050849976
25766 6335643623183740987128
25767 6336219027313385847000
25768 6336622092534400080603
25769 6336998775642590559576
25770 6337252938151208883411
25771 6338387500767975148237
25772 6338597610200743694079
25773 6338981323458026397000
25774 6341846293043563139019
25775 6342311356300700277679
25776 6342410234352274244136
25777 6343613424311079310849
25778 6343742500452293253408
25779 6346247075180021757440
25780 6347230251638244582159
25781 6347557934389382543469
25782 6348462867194132917232
25783 6348987632207401056064
25784 6349090077221448375000
25785 6350601095182401425641
25786 6352440533144476315272
25787 6353466229978610835456
25788 6355384098795898919389
25789 6357976919065836704241
25790 6358125219190077703104
25791 6358290405925395817152
25792 6358314438898959688424
25793 6358827172807027542169
25794 6362443253839348074672
25795 6362640219748716880704
25796 6362651243383325167375
25797 6362980866406614346416
25798 6362985200161543340023
25799 6363602310119026210875
25800 6363730799145147702645
25801 6364598835257953984512
25802 6364625915888464896000
25803 6367639215917472314311
25804 6367660203788781333632
25805 6369373306774745938944
25806 6369542632038696824889
25807 6372088021928668013793
25808 6372901126744243136064
25809 6373414673998355646936
25810 6375088706673556218104
25811 6375740336443442939345
25812 6376420269734459890176
25813 6377689910166233676264
25814 6379085510417556008037
25815 6379659611134505352000
25816 6379757347707310713237
25817 6380456965175044016531
25818 6385879673897420916856
25819 6387440886170030376872
25820 6387988746607303346000
25821 6389450350658917080903
25822 6393011011663236916410
25823 6395445100598816871232
25824 6395605984384805589184
25825 6396599253578097904704
25826 6404493652412441250392
25827 6405742277073336886136
25828 6405756605561528908875
25829 6411350619059618726208
25830 6412086909778004300125
25831 6412380502244430357000
25832 6412555423405175396625
25833 6419167247821792487625
25834 6419828555456608708416
25835 6422232312512347758336
25836 6422646854582000852264
25837 6422918456976348283992
25838 6423050951553320721000
25839 6426742286217891843459
25840 6426839340310953957939
25841 6428577631532594562037
25842 6429569849182369221696
25843 6429649352355900170136
25844 6429931079347478009664
25845 6430036686763245685227
25846 6430809626720728964416
25847 6431067045975442009104
25848 6433422543822428175168
25849 6433472682700592767875
25850 6433589417166255719375
25851 6433903642552807173480
25852 6434735655956972809536
25853 6434765420753464595983
25854 6434854735561509231000
25855 6434947493092356273000
25856 6435959861559962170368
25857 6436590491008440314253
25858 6438098578456433109312
25859 6438300301934466528024
25860 6440496434702164192267
25861 6440653301365764647712
25862 6441333515798438222784
25863 6441662538552453473088
25864 6441742606439954814399
25865 6445468740404851282125
25866 6446874903164041069549
25867 6447288494435913922616
25868 6449103027325909242747
25869 6449786170062099518232
25870 6450608792992275741375
25871 6451229508260072803813
25872 6451561243119175266727
25873 6452049323179109377000
25874 6456068202925143694584
25875 6456114897954047621181
25876 6457531821465580063000
25877 6458344863331614344000
25878 6459455880249106371336
25879 6460605298922452713000
25880 6461638215413149068183
25881 6463996382813048715573
25882 6464392426618379948520
25883 6465252471931325917000
25884 6468308714278632221000
25885 6469162051908302084312
25886 6471839593372679749496
25887 6475170512496356811224
25888 6476063311384322482008
25889 6477975567121183968375
25890 6479222176419438879000
25891 6480260685542440671875
25892 6481001156642137407464
25893 6481607344319990335544
25894 6484133983396912112781
25895 6484574341567216747008
25896 6487106418895331956328
25897 6487346732876136151479
25898 6488948048177355993576
25899 6490805456873387169000
25900 6491627030774453206184
25901 6494411401676832359817
25902 6495314887100411008000
25903 6495598983746165835087
25904 6498241696414763882496
25905 6498771671490315551999
25906 6500267225162559381897
25907 6500288068065474795875
25908 6503650170553303142319
25909 6505007869150889331240
25910 6506373206675167497000
25911 6507574415011230687000
25912 6507881598675650979968
25913 6507974792647009497088
25914 6508547810245769265152
25915 6509480414723057669625
25916 6510436119099541276011
25917 6511616372050821997056
25918 6512631134953213676952
25919 6512965210026589119624
25920 6513231420500208840072
25921 6513771960444033816453
25922 6514286636670738591744
25923 6516432950801478626376
25924 6516575472202428670128
25925 6518782417737796452288
25926 6519846142311748901928
25927 6520448402779476536000
25928 6520705544920213158967
25929 6520747866177663720000
25930 6522279260462546199723
25931 6522548948216948523968
25932 6523378237407720779909
25933 6525158811837572088000
25934 6527821150095013489896
25935 6528057187949225923176
25936 6529785564553936036352
25937 6532455800337161081625
25938 6532913932803679514373
25939 6533037859094971497000
25940 6535409179432174938000
25941 6535541839580948584000
25942 6535941719450980292001
25943 6536648607837888358728
25944 6538148695212917817034
25945 6539020086332274061248
25946 6539678358328023896169
25947 6540086260312134973443
25948 6541234971355713405771
25949 6542206585846901333000
25950 6543065293321799788000
25951 6543185953674130432000
25952 6545396778727438795527
25953 6545477707045176343752
25954 6545696282957635713000
25955 6546228707966144540616
25956 6546510022949741924352
25957 6547649735276419861000
25958 6548020820883610808896
25959 6549453602672170161384
25960 6550486665549899389317
25961 6550744408616989722960
25962 6553056574208658941973
25963 6553323661028126129875
25964 6554542244160195472824
25965 6558742218151877578461
25966 6559235565760521000000
25967 6560283620871004804416
25968 6560882643753694020392
25969 6561279711028792689856
25970 6561494992928228142888
25971 6562741885776984355903
25972 6563547749386826085888
25973 6564368624195613592459
25974 6564768510546028894923
25975 6565355789678001225728
25976 6566788871567888398344
25977 6567872465376239472000
25978 6568460743835881157696
25979 6568527318612181394472
25980 6568625858356777559435
25981 6570055880539538625000
25982 6570503495465125185216
25983 6570652629315021078097
25984 6572879867375937126613
25985 6573604086461323667392
25986 6574219459246182744000
25987 6574537395797414669288
25988 6575802572884072397688
25989 6576368287082414768064
25990 6577746474986171652384
25991 6578071313444244455751
25992 6578461927401432154112
25993 6578493244943528044864
25994 6579380300360536218186
25995 6580486259519702552568
25996 6581938844572636362057
25997 6582215784566784976488
25998 6583623148954950827904
25999 6584760793780892121763
26000 6584792777902616437125
26001 6586498143446401592776
26002 6586800143636826319752
26003 6588140502894863627052
26004 6588308208389927473152
26005 6589707673244140592875
26006 6589953967006926466048
26007 6592912216991864676864
26008 6594170386080292919631
26009 6594719194038392041625
26010 6595949694758410179648
26011 6596617751146085671125
26012 6597050050959269623904
26013 6597373717220969899125
26014 6600454146523472391000
26015 6601939394756791456728
26016 6602047804253190978117
26017 6602422552940824968384
26018 6602611662692513237952
26019 6605227054764876492136
26020 6605270605760233187053
26021 6607572821248059742536
26022 6610777724776092934131
26023 6611514447100809053843
26024 6612897596954034596301
26025 6613546131482394598767
26026 6613875772910335885059
26027 6614820947792267782208
26028 6614931426038696581704
26029 6615717535130133456000
26030 6617026061979098384619
26031 6619237827065383169097
26032 6619244707843676204562
26033 6619779338230631559168
26034 6622496802201254980824
26035 6623330204129430153752
26036 6623883098250052130496
26037 6624839430850577207544
26038 6628108645562785017875
26039 6632523075577995216000
26040 6637312263592647000000
26041 6637495368561843921408
26042 6639795756694965515625
26043 6640563406889216602863
26044 6640699055563473245000
26045 6641180663267463602688
26046 6642136750688147496375
26047 6642409315001539625000
26048 6644877269944635016568
26049 6647385050181729092421
26050 6650990473943354444136
26051 6651590080252462248384
26052 6652685568028268520648
26053 6653606303399182330329
26054 6654545372689680375000
26055 6654726927080255538216
26056 6655775489687219348817
26057 6656118943081333596696
26058 6656204273042235177000
26059 6656219140486892608989
26060 6656450772602279107368
26061 6656892127493785443000
26062 6657966090759938893848
26063 6659289851502622291776
26064 6662958008644455184576
26065 6663781951411720896000
26066 6664878439880358678311
26067 6665087792939145583104
26068 6665622055146860018941
26069 6666808369743358566912
26070 6667287572302773182208
26071 6669193901748304689000
26072 6670098058712184728541
26073 6671385778770300782250
26074 6671436075618503120568
26075 6671699257847943557349
26076 6674037534802093877568
26077 6677341574322923042968
26078 6677585510756590063053
26079 6677765188462242707625
26080 6678646645261074630328
26081 6678875800170936578125
26082 6678946314770770482624
26083 6681488315571343185408
26084 6681588807436954257672
26085 6681709581389829439362
26086 6682138337534859081792
26087 6682330029052800287704
26088 6685683534355553163072
26089 6686132920619813736192
26090 6691389153176791791000
26091 6691612560780324819313
26092 6692729019600784928768
26093 6694316640776268543429
26094 6695757582216107414464
26095 6696214523313409444096
26096 6696407345769080875000
26097 6699798750397921860601
26098 6699830909799423370527
26099 6701457671208779214528
26100 6703386155371229688000
26101 6703392139023035292408
26102 6703564905362270374947
26103 6703931081564063893000
26104 6704354998092590636616
26105 6705328206279661875000
26106 6705621937764193600000
26107 6709510625314151630449
26108 6710141213159917484224
26109 6711100890388902000000
26110 6711128802125926011288
26111 6711162771178644688000
26112 6711196944568218527880
26113 6714130804858799011781
26114 6716927668981123836333
26115 6717299029875621091359
26116 6719406399974373460992
26117 6719425521553894995125
26118 6721299966776198162625
26119 6721339863456635596352
26120 6721665156507771864576
26121 6722066735631813374055
26122 6727609989622877236875
26123 6728252654782909516149
26124 6728609693991514455000
26125 6730156522579577520832
26126 6730682534402218679296
26127 6730743660590901939345
26128 6732020515590613424853
26129 6732432834443766989000
26130 6735111817969713390625
26131 6735868376331045952000
26132 6736589336304485777763
26133 6740323231827280515112
26134 6741579175589488419000
26135 6741605651500013944832
26136 6741819731368452173625
26137 6742617080889383864632
26138 6742863837186671278656
26139 6743128157177372415000
26140 6743172095752757618051
26141 6744509937154066953701
26142 6745596742841904851904
26143 6746738059741993455744
26144 6747958686618059553909
26145 6749438710790431244736
26146 6751367427712324599000
26147 6751650771037973619000
26148 6751724955683866011000
26149 6753721154916944668096
26150 6753772645789742125056
26151 6757501282939251252009
26152 6761176484004456682168
26153 6761852768389288535875
26154 6762187088208325477648
26155 6763344297044968801539
26156 6764665745826809856000
26157 6767260630809291594072
26158 6770178197496113283819
26159 6770387246724984338001
26160 6771009160060372871371
26161 6771042330646159538875
26162 6771811074039995727527
26163 6771977934655825184832
26164 6774401240690999058199
26165 6775466789654092177408
26166 6775984071964601087832
26167 6776882312617547611208
26168 6777100563224381000000
26169 6777406258835377735232
26170 6779660729304147048000
26171 6780028387923576888704
26172 6780742682079678373656
26173 6781565673477611388125
26174 6781849518052366856000
26175 6782253991944873741000
26176 6784344732497266561536
26177 6784522710497440552728
26178 6785171054836548101721
26179 6785226843933799316952
26180 6786545957051455271872
26181 6786587048854818389184
26182 6787406311567123206699
26183 6787455840378262340928
26184 6788520912133417060864
26185 6788544323349398663872
26186 6788636152261329445352
26187 6789054696890958683919
26188 6792018280882461183375
26189 6792347112570810984375
26190 6792663013091085462976
26191 6795197407609162062056
26192 6796285598043641371581
26193 6801120961077808316744
26194 6801973113549639833353
26195 6802367605170755113503
26196 6802693315367435372250
26197 6803415724040671108473
26198 6803644259668989457207
26199 6803939333024577691640
26200 6804004149272543443776
26201 6805631726237105216000
26202 6805731166302193279947
26203 6805919753190842671296
26204 6806163366965049011281
26205 6807083375907447693632
26206 6808006219015976657328
26207 6813590857046711885439
26208 6813910074555930395313
26209 6814721612790588662893
26210 6815593820469028958272
26211 6815789784124193741248
26212 6816388541992551606392
26213 6816865464090906673176
26214 6817144013662390176951
26215 6817163790563880810875
26216 6818005266443162070552
26217 6818439266160620245875
26218 6818792242882402560960
26219 6819896101406208912000
26220 6820909040945129992192
26221 6821775349471825344000
26222 6821788931533033738875
26223 6821803610739948691224
26224 6822735047434122081993
26225 6823786496783188508128
26226 6824986068428148359375
26227 6825288231415272800447
26228 6825853034934693853184
26229 6826640927475808293777
26230 6827502635590563411625
26231 6827661845437326147072
26232 6830205286489634746368
26233 6830931721380239607687
26234 6834774453800027278824
26235 6836982387572990016000
26236 6839673431933282480163
26237 6841053274033340212032
26238 6841308799135948579750
26239 6842699765166361078080
26240 6844528089707919872625
26241 6845649775128669294279
26242 6846521781105898260579
26243 6847545687352790446656
26244 6847916136372296340992
26245 6848674618725498886444
26246 6850397884902506149761
26247 6851973304465669630152
26248 6852131596856065464000
26249 6853005076548565744875
26250 6855707403585019125783
26251 6856696926936785126016
26252 6856984912922536483000
26253 6859346115738557272104
26254 6859380159801105933087
26255 6859850947874791520472
26256 6860028782672150904000
26257 6860424463410153738375
26258 6860455725710443597496
26259 6862505802299277033176
26260 6863209266292071405993
26261 6863838614427452169519
26262 6864364401660034982648
26263 6864368053237563869000
26264 6866069159878551590877
26265 6869671159643593734888
26266 6870064192006819337352
26267 6870562118775661284153
26268 6870823479395649039168
26269 6873366270704892410368
26270 6874731152773649699625
26271 6875183731810238640000
26272 6877909756854579152808
26273 6878583409893613124544
26274 6879403232516701550755
26275 6880292047105465145976
26276 6881765691785402935125
26277 6882170112250562940928
26278 6882749579312272072125
26279 6884167675116369806649
26280 6884214342213463637256
26281 6884464896012093243399
26282 6885123050824257306879
26283 6888096232749587301381
26284 6891132105449969838552
26285 6898490586115164114624
26286 6899238056223379818432
26287 6899525829741116984832
26288 6900512652020165411331
26289 6902126547539718989312
26290 6902540773051423253049
26291 6907672554410766103875
26292 6908536446784340214392
26293 6910508087049847681856
26294 6911462219269909764456
26295 6913082877577489359936
26296 6915897819626510640952
26297 6916641116357020867000
26298 6918936077122686883000
26299 6921381319051360147623
26300 6922236128119563428352
26301 6923800932815423469384
26302 6923987321654430931176
26303 6925773920863685719104
26304 6930793050897042272673
26305 6931372251610364666472
26306 6931445585423015592000
26307 6933339968960926026837
26308 6933632598009447424353
26309 6935154017571393449472
26310 6935491550326482108504
26311 6935565955019841751248
26312 6937005327479844561000
26313 6937598906887948521192
26314 6937726952699976475224
26315 6939269494016152916168
26316 6940113512720775371712
26317 6942062835045029469609
26318 6945580176385151548611
26319 6946759792028687981833
26320 6946965058943172822776
26321 6947595059842304726976
26322 6949498783606607091591
26323 6949547550706088110328
26324 6950538922280873693696
26325 6951139876522209375000
26326 6952143481903392943716
26327 6952488872215883212125
26328 6954588231438383420976
26329 6955073119038041461009
26330 6956468341421654648313
26331 6957848802639512232000
26332 6958784207093326860168
26333 6958885965644536455168
26334 6962172741996005269288
26335 6962306729944421963016
26336 6963909290829091410056
26337 6964996042214796190059
26338 6966142127830594016000
26339 6966835563322500380424
26340 6967023207037514187840
26341 6967787481510857512875
26342 6970208657964477265375
26343 6970418985770215349283
26344 6970431600644813721000
26345 6972632493929292008000
26346 6973257484402552268072
26347 6973454286048462897152
26348 6973698380977624317021
26349 6974467627515754526127
26350 6975547740876722553000
26351 6976391170541745878289
26352 6976434516569849310336
26353 6976708973642954248192
26354 6977395518676797816000
26355 6978026231810730708976
26356 6979546044064673501184
26357 6983225703763763351625
26358 6983456276533283551368
26359 6984248881355741091096
26360 6986085495673657863744
26361 6988500266827398407361
26362 6989167125705582351072
26363 6990473310924755346805
26364 6992394365659478529978
26365 6992667272347695684928
26366 6994703379361332137048
26367 6999819776791712017875
26368 7001525397913510974237
26369 7002452979514878101027
26370 7003254475140796180224
26371 7007838792013808368704
26372 7012086780396921741000
26373 7015874409650050496496
26374 7015967336476794379320
26375 7016390609170682169495
26376 7017473159363314648000
26377 7018805409536128469625
26378 7019059279772496392072
26379 7021474584144044064768
26380 7022022998043457744704
26381 7023848510115221547672
26382 7026521968682364567861
26383 7029447441239528804863
26384 7030683215617500145152
26385 7031248982322679296000
26386 7032618706029938154432
26387 7033191792730342110144
26388 7033586736063160053144
26389 7033692311593772713875
26390 7035459656310866571336
26391 7036679618145249856056
26392 7039286199135634567851
26393 7040081578560174355904
26394 7040288977707008821824
26395 7041202688385384165829
26396 7041280904341426112617
26397 7041335888138623498791
26398 7041342347261554931144
26399 7041423069137459447172
26400 7042023594111847862017
26401 7043397284323351073304
26402 7043495877636833259008
26403 7044167470664479108707
26404 7049887847843257854792
26405 7050193330193181669375
26406 7051465663889730463296
26407 7052518049953348058688
26408 7053301352704517060544
26409 7054085977935610784625
26410 7054911463084248562344
26411 7062293189337802789464
26412 7063041118262747512743
26413 7063646603681560876984
26414 7064293670538928592769
26415 7065450661183494696125
26416 7066623442653944456768
26417 7066684618954023523096
26418 7068249285880236847939
26419 7069793205062774400552
26420 7072056106479733082112
26421 7072450518734868974616
26422 7073081338213950927875
26423 7076682948601868636125
26424 7077773589322710758841
26425 7077789674630114362048
26426 7080251407457469849153
26427 7082024797176725882304
26428 7082409024363771000000
26429 7082884937066475922875
26430 7083356523393604554477
26431 7083572406766018123968
26432 7088085470300338547981
26433 7088381602000696193625
26434 7089525381184186876992
26435 7090846450570345365847
26436 7091374357406471428296
26437 7091377257433601000232
26438 7093974301809138139968
26439 7094954091806900739000
26440 7095539087510607153000
26441 7097153271128968361067
26442 7097999433296172355584
26443 7098034124863361527848
26444 7098427119964629443904
26445 7099143304412015112312
26446 7099610859386497156250
26447 7100083654349548588992
26448 7101398999048245870699
26449 7101803093783063211091
26450 7102022088600769052989
26451 7103030203983745109169
26452 7103240931106233281088
26453 7104704828869285782417
26454 7106596646595001421112
26455 7107940647334039614768
26456 7108043333060042623313
26457 7109301559508484067368
26458 7111368427877887320000
26459 7111965140790205390065
26460 7112492559833691303000
26461 7114551647135045124375
26462 7115849713091302176448
26463 7116253463037757435605
26464 7117948245420258939819
26465 7119476132714899559424
26466 7119601268586032969288
26467 7120623884567449347000
26468 7121095587321423593977
26469 7123193156934401931657
26470 7124171345007473203776
26471 7127211471790996691352
26472 7129265149702660328000
26473 7134580626570337031000
26474 7135552299408090412608
26475 7136263201960688503104
26476 7136325182906366592483
26477 7138930699205776138752
26478 7140575765599146450944
26479 7146303122200499712000
26480 7146371039268359275776
26481 7146949096135256317000
26482 7149733175317580631000
26483 7149815968703568977096
26484 7152484272179752193896
26485 7152489618279320769363
26486 7153662073019436324567
26487 7157283527141937315000
26488 7159173027237641703384
26489 7161295555668092268248
26490 7162017229753386347529
26491 7162586194540195341000
26492 7165393135886308755250
26493 7165407742075919076552
26494 7165998105673663355976
26495 7166477782396182991104
26496 7167616531158559755383
26497 7168061833282492466688
26498 7170091417807011937152
26499 7170629376584154618648
26500 7170756863811510879000
26501 7171555578541860039625
26502 7171673343669640286208
26503 7172140614411401084736
26504 7173386624098622596032
26505 7174292307736358524447
26506 7175794374872600814792
26507 7176204643026550058928
26508 7176634736859691771122
26509 7177020951473224071129
26510 7177369469286961728000
26511 7178074568188960261761
26512 7179030189132241935528
26513 7179567371191067866552
26514 7180260447301115085847
26515 7182781056989072446464
26516 7183190045714820306624
26517 7183294423636183272000
26518 7184862843506591763968
26519 7185210508249732608832
26520 7185609619813531785151
26521 7187612056140882300480
26522 7190511592182919821639
26523 7191169866005653083591
26524 7194451720420561484160
26525 7196650101637870723759
26526 7197098918302821961368
26527 7199039869421772175811
26528 7200288655081666122888
26529 7202704012364155785659
26530 7203321385363955307456
26531 7204010890390078516479
26532 7204352437394586521496
26533 7204702690352263068063
26534 7207106844278650699000
26535 7209913705157952323136
26536 7210206719862240486672
26537 7210538138987510812946
26538 7212261901111948594368
26539 7212674010061927529577
26540 7213191228350861027491
26541 7214230262916704664000
26542 7214625235759473880712
26543 7215845839422785654229
26544 7217109390080343970125
26545 7220601755808188451912
26546 7221461586704626664403
26547 7223419463235019068024
26548 7224090664140329728896
26549 7224532216563920311872
26550 7225535378046432166776
26551 7230420328302731538944
26552 7230809200743412102728
26553 7232007272471294590125
26554 7233311421949766822487
26555 7233857541599307297777
26556 7234487565351897158217
26557 7235376074930530904832
26558 7236914022647422007104
26559 7237123458331458510819
26560 7239072472979092923177
26561 7239881104660387125000
26562 7240921429305686976000
26563 7241384410883955920952
26564 7242559240054794646536
26565 7244114692025455320384
26566 7244862826720492128393
26567 7246104905017134045279
26568 7247244819979578756979
26569 7248623043231189928000
26570 7249261988818357310439
26571 7250859450457730163000
26572 7251591566712506836608
26573 7252866334645213481199
26574 7255114525687004180568
26575 7255432552242256138575
26576 7255494517275323444736
26577 7255844878491318650688
26578 7256410568022520923291
26579 7257033849819798761472
26580 7257488923760877897157
26581 7258676599839871658088
26582 7258688192973512367037
26583 7261211631113348701429
26584 7264619227938614410323
26585 7264705804253700264000
26586 7268296429439060998472
26587 7269003337800694358232
26588 7269728969802902851521
26589 7269814886025480412104
26590 7271272049548473439263
26591 7271978774161303428408
26592 7273671383303079091064
26593 7273999529302304352736
26594 7274111694103533455631
26595 7280266264782769803285
26596 7283234577693591076625
26597 7286263526283899976000
26598 7287228858273693220801
26599 7291442697843814754328
26600 7291461572879779108359
26601 7291530361821687199101
26602 7291594192948763810931
26603 7292716616383815295224
26604 7292930296725907063776
26605 7293320130488103811125
26606 7293906718566161967000
26607 7294523580091043853704
26608 7295314518529909617321
26609 7295835748234988413368
26610 7295864092995151776375
26611 7299767332220976396000
26612 7302659770760645706688
26613 7303976198752640872248
26614 7305441272578363457088
26615 7306197520312521238464
26616 7306220217890908176408
26617 7307812914490782386875
26618 7308840644653059142911
26619 7310675026482021439093
26620 7310807028800912203875
26621 7311390296133491404928
26622 7311415934260826149888
26623 7312745070796023893043
26624 7312807289253850327125
26625 7313594561607612019203
26626 7315028138717355515823
26627 7316141955529399258392
26628 7317704625476269266333
26629 7317817804239363948501
26630 7318581215725119773888
26631 7320571346754199632168
26632 7320972009691229951880
26633 7321377156921203129208
26634 7321827895374902115752
26635 7323219619086396753000
26636 7323462315227113421373
26637 7327064396353230756864
26638 7329420441700346417337
26639 7333002725405321723759
26640 7337465133278934130624
26641 7337772180550466258184
26642 7339910957549946593792
26643 7340100289055637129728
26644 7340965850593784098963
26645 7341851143288626624576
26646 7342391259824923044288
26647 7344027247834026488375
26648 7344338895186293736792
26649 7345056183912178778627
26650 7347504018936555736353
26651 7347636002152060543656
26652 7348673834435056792851
26653 7349572255813030971000
26654 7350486531346940128875
26655 7352890290845112876408
26656 7353937714603858406912
26657 7354293391159955296875
26658 7356893412157450297992
26659 7359088711627526748147
26660 7359159367290072043000
26661 7360395702136979252625
26662 7360461854117868750336
26663 7360914380406253858737
26664 7361450791899009706017
26665 7361700043672423010744
26666 7363836092173868944208
26667 7367090366717851297437
26668 7367375534622026563584
26669 7368127253909131746456
26670 7368843191191501383000
26671 7370164983847219448375
26672 7371517786560744886125
26673 7372205385033841986816
26674 7372240151357890394495
26675 7372978260700050443592
26676 7373196572283319382696
26677 7377960012092175218076
26678 7382076253208447526099
26679 7382349263014479234936
26680 7382444269982757974830
26681 7384280128294421417849
26682 7387005787221997705671
26683 7387876692013935205881
26684 7388543372643288555336
26685 7390517754241558190016
26686 7391316634247839116096
26687 7391905441469403642368
26688 7392381699562130724875
26689 7393174620009815543625
26690 7393288356147403634769
26691 7393312918520003048392
26692 7394270027530930899264
26693 7398705449214537490305
26694 7399098096918852562875
26695 7400156743127353816000
26696 7400357677152646492104
26697 7401446049144086947917
26698 7405496038573528896000
26699 7408396278250564297311
26700 7408833191363013850440
26701 7410510716386201468928
26702 7411271192872894685611
26703 7411775286269711728000
26704 7411775664351721291776
26705 7412697966258349816896
26706 7415603416753142449293
26707 7417041597224462817432
26708 7417688635597119476625
26709 7418268901620211906152
26710 7418892277338743549313
26711 7419302072385662375000
26712 7420635785235475587960
26713 7421793465103128000000
26714 7423191003805556513499
26715 7426472864286710237103
26716 7432644699000455701429
26717 7434040535251487700543
26718 7434450774454459786632
26719 7435833598235542168179
26720 7435857286907683895296
26721 7436423507150504399624
26722 7437983041493102956032
26723 7438092027296904176112
26724 7439255317062671101272
26725 7441474584353722554880
26726 7444255870849626473472
26727 7446353284165745542131
26728 7447168349336917978875
26729 7447948331031428871177
26730 7448575677814364188221
26731 7450246414618291791936
26732 7450987187699800460352
26733 7451454575330171871192
26734 7452858057868807446177
26735 7455117861641496854528
26736 7458069977766254698397
26737 7458153781464216436177
26738 7460048869804940409000
26739 7460209647493158471552
26740 7462089582192428334417
26741 7464200347290516774399
26742 7466036418716951642112
26743 7467851433248833373747
26744 7467864324837708355928
26745 7468961235776540758251
26746 7469947248077843764928
26747 7470649810670675532904
26748 7471020700415961298584
26749 7471055658950134483239
26750 7473657192994589871456
26751 7476199823273085645139
26752 7476768906533432959544
26753 7476927655739559380216
26754 7477938691474534841493
26755 7479465250024814192181
26756 7479762580029078821944
26757 7486730091871794678096
26758 7488654362875585698344
26759 7489033690646473000568
26760 7489615879863851616584
26761 7489698322640067455985
26762 7490916635014876576968
26763 7491083119368926237713
26764 7491299403420939041208
26765 7491568441723484128192
26766 7493420162831008951125
26767 7493472452136544118343
26768 7494149815654035524319
26769 7495473653457288542433
26770 7496099746340607444159
26771 7496275401507283025544
26772 7496558776365213338784
26773 7497905935384748311857
26774 7498559154409868097000
26775 7501732891405664996799
26776 7501920562414441112040
26777 7502839726612224956472
26778 7502921012746504004625
26779 7505464658548489114265
26780 7506079194465516661731
26781 7506488517718066419816
26782 7507180289779895881728
26783 7508853118819502352000
26784 7509029690039699935232
26785 7509305654308258924032
26786 7510089534630083127027
26787 7510862791882710457344
26788 7511981052152936725632
26789 7513079678179084338875
26790 7513091475479972602857
26791 7515386473516126301376
26792 7515821587467734521344
26793 7518133766754830525544
26794 7518383103187091562056
26795 7518532770539105829696
26796 7520284163620433920617
26797 7521464440953533790720
26798 7522906068623397337704
26799 7527661638668881661952
26800 7527931890985064545047
26801 7528335786279080872120
26802 7529023412107924624625
26803 7531221238183705069000
26804 7531346915857030392000
26805 7532994558608149842783
26806 7533859834946437557201
26807 7534932044792927645871
26808 7535203253003937485312
26809 7536329877655798849000
26810 7536840664937523432577
26811 7536923884259950511296
26812 7537214150081404319232
26813 7537331306089281793096
26814 7539396394948621133625
26815 7540458374572062829155
26816 7541609718509690837048
26817 7543267183342393795656
26818 7544363495325350573880
26819 7544961767205987690375
26820 7546613073253364126016
26821 7549036122711237336000
26822 7552273703721641391168
26823 7552337368039186202263
26824 7552467964936797157521
26825 7553369642150129182632
26826 7558026017595447583224
26827 7559997896242226157912
26828 7560475906784337831392
26829 7561980535186067745699
26830 7562531821328155728621
26831 7564222111622717378376
26832 7564546400591599187643
26833 7565584145666155010864
26834 7565914530382223695680
26835 7569994946092052305032
26836 7570499209227225487125
26837 7573287713616651025125
26838 7573339621373781188115
26839 7574211014408238461625
26840 7576379209840929245576
26841 7579381934114299224000
26842 7581561354709839189000
26843 7582361836810786688000
26844 7582997622001902901983
26845 7584327756283194216125
26846 7584845444249036594904
26847 7584849222052961575080
26848 7584854159079436745701
26849 7586781668570148013359
26850 7587985773946307920281
26851 7588797948693999489088
26852 7590491722068743059208
26853 7591946176968784146432
26854 7592889175222639035195
26855 7593575464504819261017
26856 7594006508987439606849
26857 7596880242386612269248
26858 7597456620796428198813
26859 7599068079691534992000
26860 7603956325235224851832
26861 7604350749924552381429
26862 7604572923147560190103
26863 7605602677608991928873
26864 7606908799307506915947
26865 7610976639519704137323
26866 7614889398453049248744
26867 7614913651580024124426
26868 7614920547932004685287
26869 7618935019497959160423
26870 7620355041351847425351
26871 7620515576050821577497
26872 7621797574673944193224
26873 7622566987977709690104
26874 7624384159229462658104
26875 7625167691924609790264
26876 7627417999398095161536
26877 7627452167939326104375
26878 7628688961747401347072
26879 7629138902403744544000
26880 7631924879126062210752
26881 7633306518344059131432
26882 7633671260221789578432
26883 7634880851216022836224
26884 7635325005670646477375
26885 7638265842974136149689
26886 7638561047200690035667
26887 7638724184904348538184
26888 7639436760607299900672
26889 7641364083163749988056
26890 7641783913600513863368
26891 7643257884036585428527
26892 7643841135862229835264
26893 7648709229208248090344
26894 7649616687632628952824
26895 7650571865068651239000
26896 7652737326379260887856
26897 7653893322054667768632
26898 7658231091192580252653
26899 7658803573281939361283
26900 7661479686620847750000
26901 7667877858900929538624
26902 7667953505017247136968
26903 7668417443271055612713
26904 7668467920567651789872
26905 7669249660937201565599
26906 7672064063514016650120
26907 7672296577406734814625
26908 7672685206086920773000
26909 7674837253384116536000
26910 7679565682746790937832
26911 7679826762797799075375
26912 7679995612077551616000
26913 7682453918704292036608
26914 7685488415469185601336
26915 7685885304847747650744
26916 7686252089963090143416
26917 7686773212650473188413
26918 7687159004562014285009
26919 7687227318726877803000
26920 7689359230499462652864
26921 7692400175839503488000
26922 7693299521555403448000
26923 7695116045421357617064
26924 7695667768464645697000
26925 7695871000357103299125
26926 7697650314348623835927
26927 7701188137428255299739
26928 7703089723678198136625
26929 7703222896489495375000
26930 7703247417781982859000
26931 7705384950881465654625
26932 7705431967980965079232
26933 7705927501831113793875
26934 7706685732799354689024
26935 7707466260190334239875
26936 7707924554287273356248
26937 7709988345100978993875
26938 7711831388746225050128
26939 7713556499456918143488
26940 7713638840187137677625
26941 7714155790113964956128
26942 7716679361870365354104
26943 7718097659337537780672
26944 7719462001017871929288
26945 7719651076252948088256
26946 7720549329533755057343
26947 7721317615755638349000
26948 7722782288327803545576
26949 7725780985689371824128
26950 7726195264719073089304
26951 7726872212311337088984
26952 7726948905065333572440
26953 7727839781836433077000
26954 7729083047942074200375
26955 7729697288727553532328
26956 7732822492460883871053
26957 7734859036117363318896
26958 7734952767435666259500
26959 7736223375961556172723
26960 7736823128406122104536
26961 7737247225279836114552
26962 7739092418419360986624
26963 7740278493405338088000
26964 7744305087883217543137
26965 7745309685821666627136
26966 7746845364238594320512
26967 7746931916252549563032
26968 7752861056998272459608
26969 7753263933602193016563
26970 7754003853489518317056
26971 7759557401134886845407
26972 7759593614417797971000
26973 7762537867273864345125
26974 7762634663280923998728
26975 7763734215637015412160
26976 7763901576975167407875
26977 7768155129641438684607
26978 7770159029091259481408
26979 7773741345789861355125
26980 7773935436197379966673
26981 7774224286624922515968
26982 7777772592832755562049
26983 7777951762333433794568
26984 7780252538785651495893
26985 7780528091927339431137
26986 7782457925628109321416
26987 7782750105782013183304
26988 7783583154040416012472
26989 7787163377858040101016
26990 7787803276645189328223
26991 7788081612332910238623
26992 7789944769717938455511
26993 7791921472945551557427
26994 7793272931724080609256
26995 7793591942944680815943
26996 7794815948111868051402
26997 7800570646591403904776
26998 7801601622433216272801
26999 7804730481276518852328
27000 7806549226738966094664
27001 7806768019633567903744
27002 7808007335749185959576
27003 7811623702187297286840
27004 7813061275354604621352
27005 7815599329332665279808
27006 7816214408761619870301
27007 7818995833529553616671
27008 7819062626259735123763
27009 7820562090373222420503
27010 7820947340225668728261
27011 7822717732076227834581
27012 7826240263919733399744
27013 7826431521941485657750
27014 7830344751761653482816
27015 7831597533181209514125
27016 7833096975925744358976
27017 7833326315657900735223
27018 7834100967772723676179
27019 7834887591046806772944
27020 7836518826096952101201
27021 7839494129347275031875
27022 7840722235628116823625
27023 7840854360761102751096
27024 7840959959817931991616
27025 7841658969122035990744
27026 7843209219264787567101
27027 7845809759831724971752
27028 7846323925769069990067
27029 7846474469182153363368
27030 7849745672621047624000
27031 7851184615445424526000
27032 7852911448912303104000
27033 7853751536341224295665
27034 7854067255261391638929
27035 7854726028072173705000
27036 7855843624099574103000
27037 7857454034807708145984
27038 7859061169276820010625
27039 7864437935234880562752
27040 7864818660810852499584
27041 7865822174852049047289
27042 7866713197181858418000
27043 7870926056538817821393
27044 7872118329061857838968
27045 7872677501568240291840
27046 7875894650070132196173
27047 7876595660563094238963
27048 7876772210713426291648
27049 7879808217619348952760
27050 7880968486961233140321
27051 7881914494065134734848
27052 7882075313198692080237
27053 7882195911859513482147
27054 7885031001159174389352
27055 7885248158562429859848
27056 7887017632012489243000
27057 7887507077257640528904
27058 7891018920552298166848
27059 7892187682696089416000
27060 7892533844064094556331
27061 7894169861041978296984
27062 7894968915238219427291
27063 7895342946052420193088
27064 7896891408057788638528
27065 7903216521633245904000
27066 7903939952223087240888
27067 7904525519432984035393
27068 7905116957243756690349
27069 7905126133929131622144
27070 7905281984301601849824
27071 7905761953957581831000
27072 7906671541074819973005
27073 7908161664616579668393
27074 7913375014142400474672
27075 7914867445193107749714
27076 7916125720626175469625
27077 7916604174886363164936
27078 7916674737920039670033
27079 7918471618848623385693
27080 7919428617026693847899
27081 7920376291569970819584
27082 7921393477118049816216
27083 7921410613799899710312
27084 7927437428154510264973
27085 7927782480393389025272
27086 7928446882192032622517
27087 7928800854347005404408
27088 7929016523299324191375
27089 7930889807346249021369
27090 7931659214900216539072
27091 7933158661910955291000
27092 7933646009585467696616
27093 7934080941539431037352
27094 7936613145450111886848
27095 7936895697958864936000
27096 7941310873650832918464
27097 7941635496848621653848
27098 7941782938608825126912
27099 7942952559863092124457
27100 7944460249235463023616
27101 7947281706611315041792
27102 7948888119540323438184
27103 7951362681574883823616
27104 7951442815897013888000
27105 7953876558026539725312
27106 7953961340730837532672
27107 7954701888340362730519
27108 7955105148569401427709
27109 7958358266033238584941
27110 7960015016723653485056
27111 7960379966031886152669
27112 7960598472728990920104
27113 7961945184028978290603
27114 7962746430822222619944
27115 7965174318444361118016
27116 7966008796758869579688
27117 7966449936522264889000
27118 7969095736541464305879
27119 7970511484561940464059
27120 7971151110530239148608
27121 7971849634326154776576
27122 7972275088614512266344
27123 7974773938798988663853
27124 7975903629396951703000
27125 7976825991460692677584
27126 7978646103330207425176
27127 7979378317184138357304
27128 7979842637767182762125
27129 7981339547609403388875
27130 7981409879896175364096
27131 7984067222873081265625
27132 7986007110176023689000
27133 7986879503316863073288
27134 7988229624004329716072
27135 7989933852751069796031
27136 7990527852421713248832
27137 7991275201989423435000
27138 7992676766590878031488
27139 7993202848164224124408
27140 7999559777268658806921
27141 7999601026563727281792
27142 7999792596493937064000
27143 8000631601732192241000
27144 8001111856540283779473
27145 8001628234676581869000
27146 8002225315441841527827
27147 8002980174227198332536
27148 8003989311486979906368
27149 8004130610478036651000
27150 8004613000547917963944
27151 8008322158807711651008
27152 8011997429128467957000
27153 8012092888834150809959
27154 8013017439585289664000
27155 8014860686585412727704
27156 8015009408505132204717
27157 8016448361665715244000
27158 8016573040163093440125
27159 8017103583597125619000
27160 8020726188720086349144
27161 8021968209502985493000
27162 8023026040523329897152
27163 8023142633072360177664
27164 8023766839146205875000
27165 8024876562305032490944
27166 8025620054189116526784
27167 8026041468578523992000
27168 8026866084181643022168
27169 8026875325648892075337
27170 8027124042861439209512
27171 8027220394109834001000
27172 8030266170694605000000
27173 8033398085957710729536
27174 8035104828393884272843
27175 8036507919707956353483
27176 8036921122391135881368
27177 8039298051442354651136
27178 8042292785223247107375
27179 8044035661215398656000
27180 8045157650369566440168
27181 8045198736973273409625
27182 8045436750755535823139
27183 8045817380399047139163
27184 8047715861528588606643
27185 8048909745899533182672
27186 8050074457284543593672
27187 8050697343291816360000
27188 8050795303143366636625
27189 8056392315785330517000
27190 8056691618336319303000
27191 8057197960145491923584
27192 8059195161467886388771
27193 8061504821948452439285
27194 8065009001090530464183
27195 8065135518481605745216
27196 8066476009040293508265
27197 8068752163076843781387
27198 8069204097950209690112
27199 8069649043459286156328
27200 8070153091410956273000
27201 8074849787617233186631
27202 8076993761523092280264
27203 8080734483521944277544
27204 8080787782453327578576
27205 8081331802231047633000
27206 8081859045624961548833
27207 8083002359083802661000
27208 8085569313947490153432
27209 8088833708546297964552
27210 8089714834129639955608
27211 8092032637588027442496
27212 8093377150153150525488
27213 8093442343460001357375
27214 8094174301068711362136
27215 8101050035221474117696
27216 8101479816387489525273
27217 8102327428481086126592
27218 8102593160237565618209
27219 8106791741466874642368
27220 8110299064399369765928
27221 8111155652647934272029
27222 8112047665329030845448
27223 8112888933039681336000
27224 8114155736379643279000
27225 8115320463044082027831
27226 8117946943828004294856
27227 8117957182317812648000
27228 8121008501531198024661
27229 8121190047704127792125
27230 8121442923684840928087
27231 8122655899470788794125
27232 8122753293199125334488
27233 8123076200620919472632
27234 8124453669673024047000
27235 8124815967979968108397
27236 8125911882894352370103
27237 8129479239556899773913
27238 8134928986744659589561
27239 8138097654773823485623
27240 8140950333577358571573
27241 8141108160667813671375
27242 8146567754701873456232
27243 8147373518702569103281
27244 8147631634387559724312
27245 8150237488625100841511
27246 8150650890802793934336
27247 8151381593858237028957
27248 8154958907722755583000
27249 8155435046127364864512
27250 8156647201380924912120
27251 8156670967766524550464
27252 8157597782955643749376
27253 8157769701872391832266
27254 8157804509501769146752
27255 8159052162321540437328
27256 8164132382478468123000
27257 8165016079402216284523
27258 8166521227097564415000
27259 8167733580505529676312
27260 8171878002357709719261
27261 8175592468870349505472
27262 8177533910778586261824
27263 8179200889485542692256
27264 8179446681253352309707
27265 8180791809616191390625
27266 8182651005546773289408
27267 8186396330440360328625
27268 8188969871093625000000
27269 8190635297430860041229
27270 8191731544901418057579
27271 8192155682913489287000
27272 8194329879873001182136
27273 8194538564185040292771
27274 8194867006773577987584
27275 8195235749204652018936
27276 8197793746095582312103
27277 8199003865628729389833
27278 8199820975740535094625
27279 8200016429104951030125
27280 8202571722422993790784
27281 8205316787780472544912
27282 8206138659519783787896
27283 8206410459344885272576
27284 8210118520376525211992
27285 8213661574895315589336
27286 8214272461842668847360
27287 8214622943604944783553
27288 8216019562995440868672
27289 8216880365289445242120
27290 8217128686029613630488
27291 8217138829060985361048
27292 8217783437134425336000
27293 8218382669281993186125
27294 8223044018562647157312
27295 8224220997007660125000
27296 8225927355642985398592
27297 8227169621054343176896
27298 8228534481242442509688
27299 8230086039059719482375
27300 8230612183703042679000
27301 8230837469344800351587
27302 8231837275865353470957
27303 8232435658219054830912
27304 8233634904899806533222
27305 8233710150692580365448
27306 8234206967021962268979
27307 8236644824790558861048
27308 8236697095461032894250
27309 8237645403726303951057
27310 8238115872754666772328
27311 8238433289195393963848
27312 8238670181331339562631
27313 8239366646136376913979
27314 8241553895672547122120
27315 8245577984511814216641
27316 8246442348480865347000
27317 8248236211075910001309
27318 8248939651904801181696
27319 8250563529523335778875
27320 8251459699282867431000
27321 8254757919660786286272
27322 8254927200322919011896
27323 8255079345290466425373
27324 8262951877039694208192
27325 8263504458100637558631
27326 8263505691595468072395
27327 8265592504899499801752
27328 8265680594651780826624
27329 8266261114251865532808
27330 8266509827232233689287
27331 8266529381310466333704
27332 8266811622737878728000
27333 8270027744415353208691
27334 8270952092880759579024
27335 8271712310508453910103
27336 8271893164748643895374
27337 8274398074985495077443
27338 8275033777106311488000
27339 8277096333562292363400
27340 8277729731387471237120
27341 8278079989158730296000
27342 8278145354723134599000
27343 8278206970275554027625
27344 8281306130840560842696
27345 8285244907991142071808
27346 8288128545901237189000
27347 8288591987665360098000
27348 8289853415430938047125
27349 8290472363753778037000
27350 8291936462816069847000
27351 8294212481335357143168
27352 8295153200702468395776
27353 8296403944844873592000
27354 8296991701219012171464
27355 8297016933800356911864
27356 8297992938448627493625
27357 8298202715375233474233
27358 8300156044649074972632
27359 8300388594119306211072
27360 8301687735130624021824
27361 8303048945627233081752
27362 8303730369257719088000
27363 8304747948451311903000
27364 8304868942843116267000
27365 8305872952652046089864
27366 8306209158335264358936
27367 8307333497351953971576
27368 8307693652266937780488
27369 8307706477403790114875
27370 8308034563478036999976
27371 8308372639863034368000
27372 8311610779059006773991
27373 8312030070689453122989
27374 8313129427686575382072
27375 8314026071053063016448
27376 8314921350443949732738
27377 8321932439392736848320
27378 8326063042876520512389
27379 8326126139499881289297
27380 8327035818882975158965
27381 8329051733415099531264
27382 8332796884156367311143
27383 8333869698133893467541
27384 8334674477633824047000
27385 8337554183384319492963
27386 8339166633251195352000
27387 8340456731935304354625
27388 8342696290871223186633
27389 8343259926462909085248
27390 8343845694152978086701
27391 8344239453429691410872
27392 8344945724032099000000
27393 8346354390429895857752
27394 8347294727257188184911
27395 8348356633388955521247
27396 8349989197114179092016
27397 8350442141204923047288
27398 8351597908488149000000
27399 8355172300954744981625
27400 8355543849815363073028
27401 8358628190982028150464
27402 8361362973272748945408
27403 8362027596000675885687
27404 8364096100645859298816
27405 8366291398702495240192
27406 8366296700450292259383
27407 8366445874490977884611
27408 8367251039122695890625
27409 8367545166822975521241
27410 8368401217578711749557
27411 8368594316286315111000
27412 8369308932903555803712
27413 8372657513099514817000
27414 8372923902768351663009
27415 8372952278582023445320
27416 8374824091565960501025
27417 8378433590184522774000
27418 8379776491055530614144
27419 8380427176638512134776
27420 8381161187299481474439
27421 8381409122552843575296
27422 8381671889046541754669
27423 8382998320769881297125
27424 8383054937666534718264
27425 8383109738359708767961
27426 8388595744561210127040
27427 8388600076818053846208
27428 8389363874154094534248
27429 8394182737028411241672
27430 8394436018564501213819
27431 8396875834959431456000
27432 8399462792994889717248
27433 8402382876661660583424
27434 8404829486806151165851
27435 8405416348506312093504
27436 8410342300844080051000
27437 8410430937838536984312
27438 8411872692162766771000
27439 8413539559024243336875
27440 8413860556044819884736
27441 8416192130428986294272
27442 8418464980313126152869
27443 8420112109335739653568
27444 8422276619014793609256
27445 8426282603528660409000
27446 8427332438794085865048
27447 8428409153824830015384
27448 8429000257506757462632
27449 8429549595233170014000
27450 8432198927717814367209
27451 8432849666741913294336
27452 8433190073648007623016
27453 8434244813877512812728
27454 8436816169457533967872
27455 8438165179155466705125
27456 8438763005025107265000
27457 8442946207442893720392
27458 8445775627665835641000
27459 8448848407805166144576
27460 8448966520842236181065
27461 8449164662189187821976
27462 8449188468188793905664
27463 8453571805956314457000
27464 8454118353123617003375
27465 8454336297320671234785
27466 8455403218136256702873
27467 8457480255748824728064
27468 8457744212141455183960
27469 8457849766111761961029
27470 8458128048416647628664
27471 8458272321044903086184
27472 8458400954813637969512
27473 8458596082203493282875
27474 8459566370787289849344
27475 8460694719646049097000
27476 8460804094130940173531
27477 8461597496895729453384
27478 8461672737672727867392
27479 8462473582449616704000
27480 8463507573182408747000
27481 8463544361375931014733
27482 8463894071077441656387
27483 8463899809226146091625
27484 8465614851409330226309
27485 8465810140091162593728
27486 8468102703585968666496
27487 8471770423297899616080
27488 8472663040349636125704
27489 8473974084293345263125
27490 8474368281940493864568
27491 8477536363674488019000
27492 8481228345722293650216
27493 8481756376544669905960
27494 8484265398402326131625
27495 8489780410515204639384
27496 8491959204029418958848
27497 8494731166904025019648
27498 8499230513193680323264
27499 8501271537509007817625
27500 8501501894792456277000
27501 8502339848003380288000
27502 8503734962594032245000
27503 8506108887701893852328
27504 8507780982905292823293
27505 8508422723961684410280
27506 8509288142865170719296
27507 8512377668783903147021
27508 8515734111774821295000
27509 8517652400119009065984
27510 8517699041581239741504
27511 8519188565268916479000
27512 8519930767204532461000
27513 8521106742264838892625
27514 8523428822863170504750
27515 8526204774002332489625
27516 8526620905245074962232
27517 8529192265851044650863
27518 8529207468821399192616
27519 8530397003366600269824
27520 8530420316989532490711
27521 8534198118574169568072
27522 8534655065008286440191
27523 8535651078288382824447
27524 8536839009420119186880
27525 8537306123332975716000
27526 8538057158786647101064
27527 8538107469148666799208
27528 8538961893345169866216
27529 8539099104450584021625
27530 8539256315178127281743
27531 8540478399638322643968
27532 8540847305166425486328
27533 8542703194528976781399
27534 8545385904092330086647
27535 8546510280759895881792
27536 8547145770938095122048
27537 8550293644863676106856
27538 8551778239273952939256
27539 8554707811395616808448
27540 8556163263703454961672
27541 8557211071518132720375
27542 8559432758329493256125
27543 8560914336511861835511
27544 8562241583412470952768
27545 8562976824246979340024
27546 8565101023536439906095
27547 8565433610683525311736
27548 8566710453808073409024
27549 8567999843981074479801
27550 8568569809348874235729
27551 8570010672318813552289
27552 8570935308547579968000
27553 8572598290647325647720
27554 8573793178299628811077
27555 8575309008088980645384
27556 8577307051680204123048
27557 8579534490038758208625
27558 8580159005487485383296
27559 8580778726906999123875
27560 8580811247178316886376
27561 8582064105564523665000
27562 8582261777063500513293
27563 8582533918396848657000
27564 8582876503011079155712
27565 8584049706464658686841
27566 8585154030250111860000
27567 8591728622973468638750
27568 8592065635747863087000
27569 8592373915293400903944
27570 8593054170764374381616
27571 8594169032755159976304
27572 8594282668399283324007
27573 8594904129236111123703
27574 8595599401242284783625
27575 8595770335467063505848
27576 8604397626163644612125
27577 8607272274015960939921
27578 8608657758727949981253
27579 8611912103259959265625
27580 8612364166653937921875
27581 8612793792819454574889
27582 8619655858006588759000
27583 8620165558645141271589
27584 8620960472332856613056
27585 8621933661987477189120
27586 8622570961907740758375
27587 8623637119781334280000
27588 8624164795860975013611
27589 8624666356432639472232
27590 8625865551910425728000
27591 8629686276554965980897
27592 8629815152602721907648
27593 8630792435522572333704
27594 8631967838168282866587
27595 8632432289453753181492
27596 8632911351005197760133
27597 8633644816880377532511
27598 8636700841093243655191
27599 8639583901315856433000
27600 8639888543997798717000
27601 8640484539318615811672
27602 8641752037086046335093
27603 8643251897744924917665
27604 8644448686943058584625
27605 8646353725740962645043
27606 8647288848288060307064
27607 8647929543519579156480
27608 8649975750847965261000
27609 8651409777140130538048
27610 8656851821917956318144
27611 8656905238791329786357
27612 8658130914617985289216
27613 8658391110960736446093
27614 8663769012921312947904
27615 8664302332603722331072
27616 8669117410629102063000
27617 8671684029249702994624
27618 8672507722553946020568
27619 8673102343419706692864
27620 8674202353421759321349
27621 8674592579048059837875
27622 8677498005519268897881
27623 8678880143409747779352
27624 8680872359116785437064
27625 8682739796587459022056
27626 8682982819700946985872
27627 8684014711152290642496
27628 8687544379493106548232
27629 8688877845896628826173
27630 8688920015212890131133
27631 8688987252567252409779
27632 8689677035087914919424
27633 8690021384564372122296
27634 8692076740896502460416
27635 8692450621599929373000
27636 8694778193916701289984
27637 8695229015292482875401
27638 8697177879929225613927
27639 8697519060149067217335
27640 8699319743868137597625
27641 8700456912283320367904
27642 8705561268558366647288
27643 8707702431326659704216
27644 8708395306063103469000
27645 8709654890872867215375
27646 8711183985233184728000
27647 8711416569122349932997
27648 8712619220823987157416
27649 8713780924075764140296
27650 8713890376402019663296
27651 8714659592214654898176
27652 8718757718626604376000
27653 8719136656540926368697
27654 8721361775952315787752
27655 8722322240947582660029
27656 8723069652718676462688
27657 8724739128959876187375
27658 8725180277915878995064
27659 8725767923472530825375
27660 8727376161365033328000
27661 8730444728961771778872
27662 8730560800619277563125
27663 8735465593196680135168
27664 8736761116198072189323
27665 8737209528675412428000
27666 8738858717800270605000
27667 8738982912395466430875
27668 8739180495927378772093
27669 8740195793175977052624
27670 8741581246869299840375
27671 8741804391759962154177
27672 8743309681583484189000
27673 8743722521777579507463
27674 8744519778936873471000
27675 8744889260051941087000
27676 8746994871521945857728
27677 8748157182369529897856
27678 8750145016225212530112
27679 8752674795287817119544
27680 8754219859692176385607
27681 8755427109684328139304
27682 8757448078831739469000
27683 8759072435591779524125
27684 8759232049227911457687
27685 8760317766994200232728
27686 8761238330896266633864
27687 8761620064193305875657
27688 8762483997230529488832
27689 8763786192927811118472
27690 8764809558935143686336
27691 8765171385492886202088
27692 8766865828534797462024
27693 8768874739307725032256
27694 8769836784012121729737
27695 8770028210126110175976
27696 8770791897011851918120
27697 8771204045360570492952
27698 8771827490500775809024
27699 8774399716945717498371
27700 8781259884863535888056
27701 8783538777971209521152
27702 8784949696609591214901
27703 8786506932459040591378
27704 8788357795648897380096
27705 8790427010311753213953
27706 8794324626823569172976
27707 8795280342517080046875
27708 8797626209500099641117
27709 8802644961513753426888
27710 8802806073050745560952
27711 8803442705570330575563
27712 8803537076244070028232
27713 8803635951920671953000
27714 8803732104428755712120
27715 8803980634074039400896
27716 8806603270725071977536
27717 8807683216550912603217
27718 8809062918230750606613
27719 8811549630314147466477
27720 8812675313427227343192
27721 8816098181464425091968
27722 8817665512247830728000
27723 8819123383680909677397
27724 8819339459020172017299
27725 8820204734156128770177
27726 8823300747298875000000
27727 8823416222276988507000
27728 8829318865061286918144
27729 8829384275452963028625
27730 8829402697645146883000
27731 8830490850521019256941
27732 8831536836634011644928
27733 8833399064860947752448
27734 8834129204681479497848
27735 8835748574329797841728
27736 8835869799468049950703
27737 8837619399680319509625
27738 8842297452335032577528
27739 8842503428348482697688
27740 8843455154025620964927
27741 8845570462935393953792
27742 8845607077391780915392
27743 8848351572975505654336
27744 8848537122826626367625
27745 8848961247089383784000
27746 8849538593266297435011
27747 8849846077548313324032
27748 8853666486868034594217
27749 8855059449700400391000
27750 8855441504543781384237
27751 8856624322387782413928
27752 8861069651257591197696
27753 8861436675912325187592
27754 8863007213174532640768
27755 8864577322906488480297
27756 8865248122454878457856
27757 8865572204911533971561
27758 8866594970739553320000
27759 8868248768190654057943
27760 8871049245387210868224
27761 8872582327632289448000
27762 8878657859871032961000
27763 8878730171780553059304
27764 8880062294546228212875
27765 8881722707933094523560
27766 8884116567447207790977
27767 8884843138133641014336
27768 8885445585423438226104
27769 8886959684830214886528
27770 8888072770085168007000
27771 8888761051043099475968
27772 8889281732299755033000
27773 8889616762616376729000
27774 8891132741015719828608
27775 8892781753122113112000
27776 8893121049473691828168
27777 8894324714023128636928
27778 8894344530019823626752
27779 8896674280557420732375
27780 8897771078352649321920
27781 8898303405972167242048
27782 8899080196773717286336
27783 8899809346966375760832
27784 8900673638133895188480
27785 8903971143730374304320
27786 8904280653255233865528
27787 8906411876996304125000
27788 8906829980774349897728
27789 8908277079647903472125
27790 8911510034492136137976
27791 8913384852420971612781
27792 8913479368939872697152
27793 8915283264157184187000
27794 8915956424852841000000
27795 8916273212203157698989
27796 8917027538377985734591
27797 8917113748146849055512
27798 8917617817680190118136
27799 8918811505267910397125
27800 8919260297839011982680
27801 8920039438560603468960
27802 8921313959234644979713
27803 8921575870508721480912
27804 8922984857391193590421
27805 8924271127530848776512
27806 8926901802635348133000
27807 8927366256162411312024
27808 8929059058980351660824
27809 8931246947475357924783
27810 8932502447615352236904
27811 8933787004960823193288
27812 8934283182515727988224
27813 8936162112246874885016
27814 8939174991740704809791
27815 8942361093777303640000
27816 8943683255090839160451
27817 8944047770422549371776
27818 8946153685370609344000
27819 8947074509960665338199
27820 8950313345186992725639
27821 8951053190512896576000
27822 8958129178513049159625
27823 8964550702476764688384
27824 8966154824355976496704
27825 8966984326156098428472
27826 8967697044675893870976
27827 8972512242814365755328
27828 8973251305098630161625
27829 8975716063794294067080
27830 8978479271113262752296
27831 8978796429970858631875
27832 8980938995449750875000
27833 8980961772854815504579
27834 8982043327501047488601
27835 8985319416943665875352
27836 8988923590584623300979
27837 8991304608245412307176
27838 8991563359495720399461
27839 8992804811500705563368
27840 8996101922920732978176
27841 8996314416574308077709
27842 8999293492334380599000
27843 9001660182709651269624
27844 9003002962420883691000
27845 9005002307650534714776
27846 9008659929588637699008
27847 9010311200249241645000
27848 9010737251086005646848
27849 9011094978493834344937
27850 9011603163813194211722
27851 9012605381946376072947
27852 9013137706204027246656
27853 9015728348485686155328
27854 9016357985554780224000
27855 9016750937226312165249
27856 9017365466164497683904
27857 9017922859289666721000
27858 9022219518010281388416
27859 9025038389745427959000
27860 9025834232827819658888
27861 9027516590557752916629
27862 9030558988915766355375
27863 9035724423179165593167
27864 9036752824996883064000
27865 9036756611274569375744
27866 9036956506428767151144
27867 9038780974159823152000
27868 9044024587664981096000
27869 9045357192215017818291
27870 9045632409670346712768
27871 9046749044044886890625
27872 9048704649725561455089
27873 9050048234713101411432
27874 9052072108477210304856
27875 9052125578237187109368
27876 9053976931303700358592
27877 9054546845407079188536
27878 9057712767333122685312
27879 9058089625235432238275
27880 9058762601237278378232
27881 9062176424987310696000
27882 9062290155763665253125
27883 9064009293289570711000
27884 9067157545832689047192
27885 9067628139874170139000
27886 9070662272698476527616
27887 9071087174719264027242
27888 9071343692993790562536
27889 9083412025681917059136
27890 9087130023806573641728
27891 9088708200300875180008
27892 9090320035165055400168
27893 9091173509605702241272
27894 9093264383692572083000
27895 9095765573687829398208
27896 9097087911860194625288
27897 9097683811897609948509
27898 9098123422034199423500
27899 9099374619672690358824
27900 9102731319392552092125
27901 9104152225942720084600
27902 9104542702015546648863
27903 9107040161312689832847
27904 9107492282179233453875
27905 9109371161048446392832
27906 9115418000568653913321
27907 9116112936682694831616
27908 9118089786166337249000
27909 9122458230245883135375
27910 9122652045307175304384
27911 9123308070724861832637
27912 9123448595494879827216
27913 9125922634116240285333
27914 9127551090239861745375
27915 9131323568091265259056
27916 9131583107418982410096
27917 9134195035316290843176
27918 9134337076235355139064
27919 9134439424227355431312
27920 9141179586869568176064
27921 9143918087720802028344
27922 9149705836880601235581
27923 9153157307057011894464
27924 9153560655305861578875
27925 9154816688817844466688
27926 9159277707094538175984
27927 9160395804295229169403
27928 9161839776474929729178
27929 9162893647608830801721
27930 9166063910128761512448
27931 9168777871468570975347
27932 9171981326778116762097
27933 9172816998036268659992
27934 9173641398572168847000
27935 9174367577326873003992
27936 9176694702927076569088
27937 9177438021453559711000
27938 9178005727035807787125
27939 9181491759804005792696
27940 9181747089444504267000
27941 9184104051590931042125
27942 9185028881950678760640
27943 9194016213643357369000
27944 9196400110842299512872
27945 9199136123883389063952
27946 9201673079734912640955
27947 9204182303581283893875
27948 9204356844580673871459
27949 9205190407029701651021
27950 9206460122523440060375
27951 9207904308167881697472
27952 9209057460988878801000
27953 9211844837977221714183
27954 9212431357105620545664
27955 9214377093610344000000
27956 9224740373202582411456
27957 9228523237844408610875
27958 9229144070368526533875
27959 9237172362195502991168
27960 9237864146799285781875
27961 9242428236042363458544
27962 9242485156810418688000
27963 9244054387449929725496
27964 9245932133511867119235
27965 9247092040583785970920
27966 9247659018601514821128
27967 9247686318247514666256
27968 9247749152239551728376
27969 9250216481159374656663
27970 9253453657328949029507
27971 9256519762303567570875
27972 9256913978847835083264
27973 9258465186123599920032
27974 9260219188294149072816
27975 9260739499660077264381
27976 9261026779464940078144
27977 9262187072656742525544
27978 9263787823562173964712
27979 9265677463641718341369
27980 9266480697236368560344
27981 9267216274812464192763
27982 9268231309402676585058
27983 9268278797354356568880
27984 9268362362161321467048
27985 9270729869015977669125
27986 9271004066903974306464
27987 9271469322150294048272
27988 9273309922781622048168
27989 9275393752843406662656
27990 9276251280863600544875
27991 9278668563045865893000
27992 9278993553899973898176
27993 9279496348582705255088
27994 9281948149887772930263
27995 9281957702696828033976
27996 9284296416816997792125
27997 9284307485201095146471
27998 9285377292720532570131
27999 9287668911067437296917
28000 9288113911320228996375
28001 9288202768059346250875
28002 9288238028985864140472
28003 9288258514401608313201
28004 9290654513415592164792
28005 9293218139669275656000
28006 9294745844128364342784
28007 9296323782351758111232
28008 9298404720505238023504
28009 9299588954349603390264
28010 9308484296046478356021
28011 9311874293625693242544
28012 9313573243724627510808
28013 9315645077516151333043
28014 9320540891116889996289
28015 9320920462465826032000
28016 9323833626284612946875
28017 9324794876819559572799
28018 9325276605810834532416
28019 9326249995372254621495
28020 9327585434910750332416
28021 9328521048153755470750
28022 9332620159770411611625
28023 9333374404191444243000
28024 9333816576126222869416
28025 9335677331205116172736
28026 9338027442530450083875
28027 9338081145680614775301
28028 9338343746732559145125
28029 9338503998405039312393
28030 9338868904295171697911
28031 9342437984926725544327
28032 9342974161102293217961
28033 9342985379371666547616
28034 9343398717619227314235
28035 9344466350197818840728
28036 9344807096807407006648
28037 9346178009306519938856
28038 9348479581023644732216
28039 9348746181676889471848
28040 9349646218800361810128
28041 9351639594461512717759
28042 9351784326800588373603
28043 9352847609351225603136
28044 9354053347768276279587
28045 9354453201842110562304
28046 9355574363878409214249
28047 9356795061427886766363
28048 9359823481145707542336
28049 9359954898483605846976
28050 9365362907390843661000
28051 9366810980746711502277
28052 9367192801802927537901
28053 9367570490589087362560
28054 9367768054045377522611
28055 9367817927350522073931
28056 9371936373630345333000
28057 9372103186749565344264
28058 9376773539038748694306
28059 9377666314947682440533
28060 9382873990360287969792
28061 9384432390969539645952
28062 9385944064199683915851
28063 9389778211722226191552
28064 9392504256440315331750
28065 9392990140015696783296
28066 9393078002722674187375
28067 9393165801072464206887
28068 9393861949063774652808
28069 9394337076633689529384
28070 9396768452599725570919
28071 9396884717473367932461
28072 9397481993385750762624
28073 9399101815529587233000
28074 9399811762180240553880
28075 9400955045216429434509
28076 9402354221694055667136
28077 9406613282416049157120
28078 9408130603845484211064
28079 9409350256877165055552
28080 9411638886259097359375
28081 9414476382502697189131
28082 9416365782227073110016
28083 9418168772807985622432
28084 9420981296593643091315
28085 9427270403281571835904
28086 9427895334705745180647
28087 9428373247220311370688
28088 9428791036483133261856
28089 9432718595774958433131
28090 9432829331922729472272
28091 9434053696178680094799
28092 9434680320122350210008
28093 9436327410696627999168
28094 9443232526527930045825
28095 9450031508429001351624
28096 9452478749040809834625
28097 9456771931356807925875
28098 9458633054281444826624
28099 9459343744502314572000
28100 9459786932951270950125
28101 9460647615739463115264
28102 9461784314541496392000
28103 9462130157128214791736
28104 9462246997188825741824
28105 9462667992429520513080
28106 9467117567691566612375
28107 9467407391421865125312
28108 9468026797839547392000
28109 9474214257830785736728
28110 9474366861987253625880
28111 9475643553457067350875
28112 9475650908619458195817
28113 9475738030084340182896
28114 9475775451357981675273
28115 9476132378948252351432
28116 9479435818847012742087
28117 9479503620910520367625
28118 9480130657149056585499
28119 9480846872759839644951
28120 9481277238496281161216
28121 9481883795757565710336
28122 9482329348296832564264
28123 9485108254914422221000
28124 9489590010128094913592
28125 9497169802271483782632
28126 9498854979088724974536
28127 9499442318541598497984
28128 9499759539699677275153
28129 9502629666072830469819
28130 9503164152752102540442
28131 9505567640508698390625
28132 9505620282893042526309
28133 9509991716909636819776
28134 9511389749600739000000
28135 9512810315068364809687
28136 9513642816826624896875
28137 9515240282233629425664
28138 9516170537636717846528
28139 9519342727676033991375
28140 9520807151084548232592
28141 9522162848357964591003
28142 9523131810431593624712
28143 9524189717560921148928
28144 9527963275729768437288
28145 9529772465427661392120
28146 9530803370713128993944
28147 9531157805247079421875
28148 9531666181113729928704
28149 9532192614078152537883
28150 9536663612703771311040
28151 9540229901296427282313
28152 9541075598235974736125
28153 9542235424904060941881
28154 9543034626637219238232
28155 9543318554264045729535
28156 9544228781812082865416
28157 9547280618684692468032
28158 9547386262673597280000
28159 9550087410142430697672
28160 9554100284924077855616
28161 9560053904654563133824
28162 9561549258872092072584
28163 9561709504606651336000
28164 9562113316478621582775
28165 9565353635378409394624
28166 9565751476083225444875
28167 9574365176149642162901
28168 9577067564526859033875
28169 9579747553940873470824
28170 9582773649601079304000
28171 9583445134125997922816
28172 9584459939809847673000
28173 9584603988429628923128
28174 9584693788764848167899
28175 9584954871421838977341
28176 9586157903221947156018
28177 9586290785398145784000
28178 9589600432526825135880
28179 9590220313901382097728
28180 9590962468293796085496
28181 9592947682944769229912
28182 9596341275567733467144
28183 9598766981981906130948
28184 9599160334287445282368
28185 9599749904724661334016
28186 9600418607429295415224
28187 9603487044024051061000
28188 9603508041753495595992
28189 9609872853206140790184
28190 9614594935787564181312
28191 9614652149028839533173
28192 9616082437861913770757
28193 9616368987071971299000
28194 9617266484751584230488
28195 9617762712303786654523
28196 9621345904435857972744
28197 9621346454782868119041
28198 9622170745008829605416
28199 9628139633666718528000
28200 9631929483012803593536
28201 9634616163220513491000
28202 9636205450491650596293
28203 9638301237524217713728
28204 9638847823907616780375
28205 9639803898575825247000
28206 9640846991703862715229
28207 9647328095551378505728
28208 9647614274916345982856
28209 9647798560715733171992
28210 9648030952061485258184
28211 9649692700621357601672
28212 9649813164066875837583
28213 9650875626539783665848
28214 9652036806950876729937
28215 9652226496280132503375
28216 9652350129011278540488
28217 9655315991763856131816
28218 9655814913059396390517
28219 9656557681816470679128
28220 9657021307243995140625
28221 9659587949264221099803
28222 9663859989783869591232
28223 9664342965006674581000
28224 9664636311766582528473
28225 9664757194177804906243
28226 9665836342255547257375
28227 9667375461845608291659
28228 9667709647695138521664
28229 9668047112077004095662
28230 9668354314678487634717
28231 9670150341043082949753
28232 9670373302878125451432
28233 9671238642118389497856
28234 9671302649800724410261
28235 9673473156543673685784
28236 9675207538192314112267
28237 9675581615611045977024
28238 9676067558532340051359
28239 9676363001648165017767
28240 9677177206603106571000
28241 9677567145747908208375
28242 9679159656851025218696
28243 9681064642211299057000
28244 9682467018271625973248
28245 9683013073129227120744
28246 9683781150883999209596
28247 9684158473685491088832
28248 9684263636508496713687
28249 9687806857710720045125
28250 9691104451641724907432
28251 9692135355739219950168
28252 9692485771082454706688
28253 9694892905834894535232
28254 9701233578286890193736
28255 9702618383279477766851
28256 9703171631309435496000
28257 9705518389913578649235
28258 9706265595707530741983
28259 9707555239705376980992
28260 9708688805802040839512
28261 9710664457285982585304
28262 9711835119866065923009
28263 9712666573159026434048
28264 9713200691356737798951
28265 9714847010252475915369
28266 9715659157166761967616
28267 9718586436140217627264
28268 9719801087569329003793
28269 9720496295857429475715
28270 9724633692790523217408
28271 9724796105492332153016
28272 9727599354661354894208
28273 9729978449744869668352
28274 9730759432432897331200
28275 9732117424221431196867
28276 9733140129510682794000
28277 9733283413490939533056
28278 9734028426084387789000
28279 9734092939461766494528
28280 9734801827089969000000
28281 9735370594731137190744
28282 9736601387261156931159
28283 9736614971031483682875
28284 9739836781107557681375
28285 9740394199814315978304
28286 9741083286849754625000
28287 9746344551021582120344
28288 9747437819502846875328
28289 9749535354098384979888
28290 9750133972846193661000
28291 9750507897595936627728
28292 9753737818389889123648
28293 9761018947147238516928
28294 9761317879927138875441
28295 9761501555235189747000
28296 9763004228999779368000
28297 9763074474522844995072
28298 9764394229427470211817
28299 9766103757120926342855
28300 9768768450339387234375
28301 9769324542140452960125
28302 9770997022557060862152
28303 9773762548028661000000
28304 9774115029715035740013
28305 9775670922051908453125
28306 9777482841164715472536
28307 9777936762066689695232
28308 9781609760927122750632
28309 9782215892641313145999
28310 9783480283847095400640
28311 9788423961929997176000
28312 9788624112264513647040
28313 9789970433222359233117
28314 9792057319133647170041
28315 9792647956898068743936
28316 9793591179355845225000
28317 9795365494688645544456
28318 9795373161637090723226
28319 9795846405815976163392
28320 9795912210120321827416
28321 9796936998964870623232
28322 9797614796068152508728
28323 9798154992131614091208
28324 9798711328294400456000
28325 9798748319343722149376
28326 9799056875560583892625
28327 9806066583681784656968
28328 9806244232013609459625
28329 9806635978525807791552
28330 9812025382570367576256
28331 9815046833761428739032
28332 9815369461406555830875
28333 9816437598629108616000
28334 9816458135781938193000
28335 9818105747697207985752
28336 9818639764893723227464
28337 9818909975404979726625
28338 9819281724924772371096
28339 9821001701974135852179
28340 9821533338814258524736
28341 9822626898136328714949
28342 9823149729447032515635
28343 9823229545035327321816
28344 9824695518572681540157
28345 9830373244029434705336
28346 9832328691497268270139
28347 9833362480486362345633
28348 9833760684208427072561
28349 9833935009576180505912
28350 9835473827086869019968
28351 9837056956067351928792
28352 9838656942985658944000
28353 9842990843857079509237
28354 9844896719019133916137
28355 9845250629527509088499
28356 9846310216835341495512
28357 9847457176964945139000
28358 9848705396372236050120
28359 9850041877288445194752
28360 9850336341046019205786
28361 9851530810071270724040
28362 9855210816111142098000
28363 9855247826757623150205
28364 9858484055330159568488
28365 9858557388404852249472
28366 9858631827784187353159
28367 9862621833067585145928
28368 9863124380175134480832
28369 9869521831345620528273
28370 9870309245945284580808
28371 9871871605952888953512
28372 9874734481181309543109
28373 9874934451659038250944
28374 9876630882997908724968
28375 9878731460686519447744
28376 9881049281071019688000
28377 9883049732039274832503
28378 9886261200020775927000
28379 9890577391801364579061
28380 9891237207465810706536
28381 9892248093525383938205
28382 9894136662916359807304
28383 9894176693875171120059
28384 9897388613418847957416
28385 9898387361698360824000
28386 9899672933993682706776
28387 9904280710636613436408
28388 9908080341702844044744
28389 9908955682747383808000
28390 9908996847554047606272
28391 9914180052157906779000
28392 9914238768486321436232
28393 9916688028366456029875
28394 9920314847876652580797
28395 9921725334198790962057
28396 9923364176193160875000
28397 9932561849391670125000
28398 9935793329995865445624
28399 9936613904760656607375
28400 9939532421193144451227
28401 9939779719263605889496
28402 9939793671758786164875
28403 9940165077313055870649
28404 9941838568103100230208
28405 9942225851195419679352
28406 9942409500480393979077
28407 9943015654120763390625
28408 9946081546706672908625
28409 9948881548389683809728
28410 9955871388315451477125
28411 9957028523798690536104
28412 9958005745672195598625
28413 9959836955016007434375
28414 9961308706215413572389
28415 9963263532919104365048
28416 9965759304593776480489
28417 9966731386499734758912
28418 9973827616134252509639
28419 9973939990869335880000
28420 9975090001380830261208
28421 9976333546788013829151
28422 9976673023990360133832
28423 9977332298093167670208
28424 9978703833919826187000
28425 9978800461549801836929
28426 9979248100378998962248
28427 9982613153399776520085
28428 9982849016606981697000
28429 9982892763600544916856
28430 9983087637038395714107
28431 9983230057585636161336
28432 9984234586077413444601
28433 9985319065285822232000
28434 9985398562592585286336
28435 9986958326053356704000
28436 9987326737424196264000
28437 9991172784415266361944
28438 9992574758877027191784
28439 9993634866388628274833
28440 9994873533995613646656
28441 10001170870400324782440
28442 10001248107208693104168
28443 10002175914971301751872
28444 10003063399798751937711
28445 10005114716828756525539
28446 10005607420318890035712
28447 10006624021692122361621
28448 10008584271523591127640
28449 10011940464094599393792
28450 10013576966447121490752
28451 10015404821719762543533
28452 10017490427499179709000
28453 10018353891154183848000
28454 10022007367487729740581
28455 10022233959877230716625
28456 10024817557590380610576
28457 10026082932866069165928
28458 10026583657069946573871
28459 10028660275776715860672
28460 10030714205904094339000
28461 10031086483881487636248
28462 10032755089064268689128
28463 10033238265793408697759
28464 10039877957056105732184
28465 10041001261997195200536
28466 10041215445245734659000
28467 10044532836674564312168
28468 10048550242009041184968
28469 10051173903694583142737
28470 10054815095788675699968
28471 10054998739796151181824
28472 10058172480969107302899
28473 10058326983658202359383
28474 10060272834095228381819
28475 10060337467047805370936
28476 10060864358167723395239
28477 10060977924244424713536
28478 10062127753803369471753
28479 10063054580961154500000
28480 10065615450644952604224
28481 10066748419891511439875
28482 10074693561005600973000
28483 10075384923448449044232
28484 10075542065738386255872
28485 10079634083195815768448
28486 10084324725143598346200
28487 10084734172383424633261
28488 10085333314885607010888
28489 10085417924258836259289
28490 10085556392009966450583
28491 10088887961744461133712
28492 10089263059212067003000
28493 10092877371643717088704
28494 10093889812717311657875
28495 10094562020292494472000
28496 10095113780503100812827
28497 10097534301024964456000
28498 10100034978393850370127
28499 10104352881223508196373
28500 10104681468885173925993
28501 10104866156589948951480
28502 10108724575890983003136
28503 10109456953325803008000
28504 10110447986228287201728
28505 10111557719492456409000
28506 10112628682144485097111
28507 10113262566316710353208
28508 10113809814132012508653
28509 10116521781201974843432
28510 10118837916935391361445
28511 10121539770877011979446
28512 10122484819244458412213
28513 10123380601438546443456
28514 10125864444894180288488
28515 10127596037343817702033
28516 10133800823068838847477
28517 10137524743835040172536
28518 10142559541257380858439
28519 10142594538914131418250
28520 10144056809931326076375
28521 10145339194202892091125
28522 10145376883565733904920
28523 10146180546219535953408
28524 10146612180807977062203
28525 10147710778006344003000
28526 10148948062099859487384
28527 10149060734889070267000
28528 10152599135777303686208
28529 10153455756129519171875
28530 10154571656695642960875
28531 10156811691200964040125
28532 10157945906772703180323
28533 10159414951473960847129
28534 10161248285014027972875
28535 10161624904921631232000
28536 10163599414633719560952
28537 10165697921352303150912
28538 10166859566546893317289
28539 10170032134784039142625
28540 10170614983637048972122
28541 10171071415466265068856
28542 10171816799303903772672
28543 10172488288845819837888
28544 10172675129251455154152
28545 10179153046677551293952
28546 10179375710847623535528
28547 10180693455723841403691
28548 10182032742551349756375
28549 10183417223817026953881
28550 10184184581989563361125
28551 10185549205070112046875
28552 10186678875872047063303
28553 10187641186671456787545
28554 10188390938572714696192
28555 10188437913035928000000
28556 10190500403959931328000
28557 10191356410432872336760
28558 10191437372045094630848
28559 10192311569069464127832
28560 10193958943011579247750
28561 10193967167975220592872
28562 10194303034609847531469
28563 10196825225671905347709
28564 10198179759894063555709
28565 10200025566849873794139
28566 10202871515886429051392
28567 10205262913489620763059
28568 10205399555137270568448
28569 10206497092666960973888
28570 10206503057175606216000
28571 10206532748212727949288
28572 10206664030370696944447
28573 10210686193224410941376
28574 10213947024952053213376
28575 10214347345092476558875
28576 10216036542508251373709
28577 10216168732263148788672
28578 10217455551303331956625
28579 10219821935706669372625
28580 10221691204106851262976
28581 10225079085129315190336
28582 10227004885231609741019
28583 10227019816324731130984
28584 10229711657378177299832
28585 10230875173464284111500
28586 10232979728409838991808
28587 10233145721894084510248
28588 10234454274617330836728
28589 10235890930302556203951
28590 10238667461927570667456
28591 10240197437185777152000
28592 10241629951361623455375
28593 10242567913276201263488
28594 10244611914935267016000
28595 10245601640118492507951
28596 10246062945352430207375
28597 10246238833382518940792
28598 10249601488247641253832
28599 10253072347622822941048
28600 10255228945998703875000
28601 10257518970705160429688
28602 10257621630709183865316
28603 10258649714399753797256
28604 10258657982528689143081
28605 10260976305883028857677
28606 10262664945489170376000
28607 10263917293094904358374
28608 10264973224890911702175
28609 10268052532182205083288
28610 10269326967511948684875
28611 10270193911966661492456
28612 10270511796546704710819
28613 10271174719434423692625
28614 10278605139903518796504
28615 10278870390294949016000
28616 10278879670386030954789
28617 10279391493174071396184
28618 10279522530363251529000
28619 10280960372780163615816
28620 10287264095731960974000
28621 10292241675947311046512
28622 10293070926872918024568
28623 10295189118947640626875
28624 10297071347889809492919
28625 10299291710997670970680
28626 10299293002510527992256
28627 10303136353944673210368
28628 10303758233563475423232
28629 10304451901197642843648
28630 10305655407077713772544
28631 10305868847959735407000
28632 10307342771462456065584
28633 10308118396990547180411
28634 10308797278360981821512
28635 10309122864367639065000
28636 10313575938586130176512
28637 10316208778443463337442
28638 10318301687705211726344
28639 10318845006287420443344
28640 10319738356207839195000
28641 10320485438412261508968
28642 10322067476317511422872
28643 10322127864104555578807
28644 10326385597400983112184
28645 10326470313211404208831
28646 10326827260853896226112
28647 10328348757112766599401
28648 10328668842900639142899
28649 10330005314328175574208
28650 10331325802825178067000
28651 10336483305675668111607
28652 10338325669182466702656
28653 10341607213210389172056
28654 10349095390032507077242
28655 10349405807957369506304
28656 10355583241944722407843
28657 10357251914632126000744
28658 10359743551787206706688
28659 10362007811726596928448
28660 10362015950951194383672
28661 10363429381233642459480
28662 10365067443219316066512
28663 10366987290851766347136
28664 10367457103760602345353
28665 10368185888998719923904
28666 10368619625706771207744
28667 10371524188460266641537
28668 10374958602703226259000
28669 10378893063475911090177
28670 10380836488822449463737
28671 10384880051717151625216
28672 10384891082669532687875
28673 10385855316821927585097
28674 10388534563204185035375
28675 10389129731877267189000
28676 10390628651092697798784
28677 10393785814420323185472
28678 10393915263858713173671
28679 10394068824316784789091
28680 10395339199134343593984
28681 10396065977318572629624
28682 10396550736137709783432
28683 10396593489148371311625
28684 10396765203382424015127
28685 10396836649316763153144
28686 10396980217621992267000
28687 10399364778229463102976
28688 10399669484851856559168
28689 10407465679397425690653
28690 10409454315972623673216
28691 10413432919319057783064
28692 10415093969073881394125
28693 10416878039686350243375
28694 10421304589786582081737
28695 10421801935341698606887
28696 10422319872241873427832
28697 10423387334065284495000
28698 10424033803553454633185
28699 10424129716506884932827
28700 10424451484298686464000
28701 10425227682279732659064
28702 10425659334188324250213
28703 10426308283406066688000
28704 10426711126872749573016
28705 10427352052544107737875
28706 10433690750303074156544
28707 10436372509311197437625
28708 10437969834827723813625
28709 10439432115894440648288
28710 10440899030559245380048
28711 10442593184575331275587
28712 10443930022435686723072
28713 10445001329467689192000
28714 10445188762926913328424
28715 10447726941645897778875
28716 10448757838046813018104
28717 10458010398002178101760
28718 10460143313593951763520
28719 10462962227580559470375
28720 10465317063048152331000
28721 10465347819962166004224
28722 10465416021448030627656
28723 10468464182556387903656
28724 10470973106342087001992
28725 10473998314394183625000
28726 10474042439542174102792
28727 10480464864874113198453
28728 10481364324279961237125
28729 10482915578485469301000
28730 10483913958381426808000
28731 10487684635069975639497
28732 10494823715018638734375
28733 10495050250271384849688
28734 10495929771330990461713
28735 10497075802919073252369
28736 10497404481884378361576
28737 10500453001330476330601
28738 10501339457827597640625
28739 10501802249892725874375
28740 10504966493649975748856
28741 10505488999879364048649
28742 10507064385995118297216
28743 10507451746418483717861
28744 10509774603420812408136
28745 10514563544768887203453
28746 10518967677523136425984
28747 10524664273838071226688
28748 10525861225342813216321
28749 10528819068467630703808
28750 10533258690605457626267
28751 10533349816185553846272
28752 10533488847009860440809
28753 10536444843983954676144
28754 10536755625628652274624
28755 10537575914348690588199
28756 10538649612436954872465
28757 10540812558392209878967
28758 10541298806736400317888
28759 10541964197504934242496
28760 10547585127992277692847
28761 10547861545158942062520
28762 10548835287208323029288
28763 10550028243129894399608
28764 10552156308301263917625
28765 10552720859544115672875
28766 10554519771609863545125
28767 10555034797850647104000
28768 10556787862462280933312
28769 10557218555478242613000
28770 10557249313049249402375
28771 10560437618504885875647
28772 10560587842283080547771
28773 10567946941934834840696
28774 10572208740237380725125
28775 10575961719998414344731
28776 10576829345055571611000
28777 10578091682517298482816
28778 10579081636100043507987
28779 10581559910267067601984
28780 10582063431925997375000
28781 10584785536653602088269
28782 10586822506714652417856
28783 10587157888656452698693
28784 10589765310668592824832
28785 10589827741156011462686
28786 10589925733551373993875
28787 10591606824784455794688
28788 10594087420355166944853
28789 10595778736182169176108
28790 10597853632293930779712
28791 10597960538736177978000
28792 10598790332960495356509
28793 10598895128603990948229
28794 10599992981866605477888
28795 10601515829791564304328
28796 10605816835257314125000
28797 10608084505834576795125
28798 10608744885474191625000
28799 10610356744722249928504
28800 10611009560377701729000
28801 10613343085768517568552
28802 10615714158563101223909
28803 10624737588385375606671
28804 10625200033167982304488
28805 10628945383904389009728
28806 10629863045280290651112
28807 10632656323460116085049
28808 10632710505908434341125
28809 10633491716426606741077
28810 10634696066517347068120
28811 10637405869784520251061
28812 10637524640030294365632
28813 10638836641806363525752
28814 10639154839018967660672
28815 10640425207578172041672
28816 10640516692437475054848
28817 10642240027351663488576
28818 10643951580196895029125
28819 10644203311179243813000
28820 10645492644609543000000
28821 10645500033595155056328
28822 10649735489142149503616
28823 10650323860091561161152
28824 10653146439454216152000
28825 10653257502691878494511
28826 10654404943220853272640
28827 10655606605382857125000
28828 10658350609836080597208
28829 10659474997698738319101
28830 10661594492245931575488
28831 10665385670930574739779
28832 10668254273383224518208
28833 10670150030405725361528
28834 10670598257162410876608
28835 10670826251026730428885
28836 10672136800897576682223
28837 10672159565758156075008
28838 10672751675816428699648
28839 10674291461219272240776
28840 10675333933116586219584
28841 10676292567606256062528
28842 10676404186373886589440
28843 10678708408463380825911
28844 10681028284046279705000
28845 10681604937743821899272
28846 10681816628655946671625
28847 10685076151636340085177
28848 10686291305550763771512
28849 10686426793317254187000
28850 10686527278236155760752
28851 10687080565508075509625
28852 10688526566268311378709
28853 10691194027589640785493
28854 10692020708428826083625
28855 10695495760892472651128
28856 10699429246238941659136
28857 10701213511079088179000
28858 10701836490559137139125
28859 10703524687496751299768
28860 10704594449752397858664
28861 10709667255376575832437
28862 10710254728174039234632
28863 10710540720645995339712
28864 10711574299548578618253
28865 10712559026143486644678
28866 10714525509954964887000
28867 10715715320425078949531
28868 10716411258727467471936
28869 10721339668731020828625
28870 10724337302671432344177
28871 10729312314328172216808
28872 10730600729406164226375
28873 10730750940902461280959
28874 10731282705731514024000
28875 10734585841713590291799
28876 10739443307902627968000
28877 10740706708895391561047
28878 10741905229764626001000
28879 10742020154468289233001
28880 10743093657144764790336
28881 10743562128448359284536
28882 10744529733968699652984
28883 10747277548030037230489
28884 10748868840040256859375
28885 10753842160998085967181
28886 10755130194458501601232
28887 10756234672980404031872
28888 10756683090754247201256
28889 10759994430635259541368
28890 10760008504050468141381
28891 10760126066241796021141
28892 10761247452847669099504
28893 10765483685167325751000
28894 10766987670920900268096
28895 10767592023632984548008
28896 10768992996133214157672
28897 10769819258805085979136
28898 10772657996342923489536
28899 10774644764234554125000
28900 10775129937517099287000
28901 10775669604049603905344
28902 10777546310566388220504
28903 10778950459589036823000
28904 10782590320551214646208
28905 10783435316729569670232
28906 10787467982612869181088
28907 10788171295108098528000
28908 10791598977936715492827
28909 10793732655765337956288
28910 10794879970776181514871
28911 10800278602589508538688
28912 10800528080443041927168
28913 10801197773774550304344
28914 10803947643507862351872
28915 10804119894944572944384
28916 10804164208988227694253
28917 10805940103703253636673
28918 10806939854016323487561
28919 10807152564282585684875
28920 10812818521909909278144
28921 10813921086911353374528
28922 10813994180801237494467
28923 10814585321512597299129
28924 10815777992557235729304
28925 10816992418885845110919
28926 10817769289522545876799
28927 10817946470184173586000
28928 10818214088918269743936
28929 10820470113355911981336
28930 10821714779829513805875
28931 10822804145794045944000
28932 10824269561267564059875
28933 10824792616338795948672
28934 10825118946711004669335
28935 10825119696048190094016
28936 10825745954607193817088
28937 10825883121286162958184
28938 10826134920194218063875
28939 10829181346651146169152
28940 10829618608098569273288
28941 10829824487746548730875
28942 10829857621731545232225
28943 10830903372502376514624
28944 10831381758072599193379
28945 10832915337651644380416
28946 10833704775766163375000
28947 10841518158253663293504
28948 10843420576286949636384
28949 10847243624484234842875
28950 10847256631467486280479
28951 10849704928415712836785
28952 10853256651005932817472
28953 10857041731816521629696
28954 10858552990382409631839
28955 10859527607899175163000
28956 10861485284239846155711
28957 10868226778026007488000
28958 10872034759451034608264
28959 10872525390687344007000
28960 10875277685777349021632
28961 10880856704271653379000
28962 10881104286751872147000
28963 10886896837776682591687
28964 10888661009420333109243
28965 10889211989908082189583
28966 10890289604028240123256
28967 10890968473205216011224
28968 10891403698118409339328
28969 10891681398569907128375
28970 10895814497355926000499
28971 10895888167863560085735
28972 10897816326395441656941
28973 10899185625175893376968
28974 10901059526318633768187
28975 10901829255088574923848
28976 10904926970425315986496
28977 10906979188409366202504
28978 10910549371005300744000
28979 10910993262951331275264
28980 10913834755999724886792
28981 10915618621742647536997
28982 10915727393969360614008
28983 10916080788491257936375
28984 10916590135027861996992
28985 10919021114728276476416
28986 10924474761683089379136
28987 10925915535114017078125
28988 10926238409290905187032
28989 10930955936247535186999
28990 10935732107699195883875
28991 10940346320231918798929
28992 10940866743186649008187
28993 10953126051858186941871
28994 10953303892956315910656
28995 10954355304456344355848
28996 10955307999653027801873
28997 10955598117861106726029
28998 10956724993848466373625
28999 10956883880538027273240
29000 10962069348498640281000
29001 10964597169805062977375
29002 10965690488699650575872
29003 10965767878364863445056
29004 10967061796694062885352
29005 10967711695399265625000
29006 10970816848793591092875
29007 10972132160497658814573
29008 10972317972960713911815
29009 10973081391921222482909
29010 10974034180187562307824
29011 10978079670142259430799
29012 10980962990661006442944
29013 10981447669214496511128
29014 10982630155681709809856
29015 10982963099606501592000
29016 10984753538294410301336
29017 10985919046959264565248
29018 10987752068927763907176
29019 10991014418180248301376
29020 10991252708292461317928
29021 10991329031222830265976
29022 10991366315535982101453
29023 10992033936591601482351
29024 10994054995603165365243
29025 10997482999362098707000
29026 10999433950110219690531
29027 11000450013459018840000
29028 11008544589449006187133
29029 11008661654742030159049
29030 11010561876823049480520
29031 11011099342759923794625
29032 11020404863250199400256
29033 11022218062795220892247
29034 11023196950501284983616
29035 11024255868355612054872
29036 11025247862062516961375
29037 11028303045942622027776
29038 11029135936689316471032
29039 11029667104776875164344
29040 11030326442933250817728
29041 11038086175541034147291
29042 11041326313072740115704
29043 11043514841948785798056
29044 11048395188143036524248
29045 11048522845216863340152
29046 11051948185398993103875
29047 11052221078955235238208
29048 11055480557180270052744
29049 11056914680342427953856
29050 11059733376025278281792
29051 11061144481646733324760
29052 11065476944797768465875
29053 11067173070051221813592
29054 11068657967770779737088
29055 11068947876069245792448
29056 11068981487915211183141
29057 11070969195234650673664
29058 11073787772546356329024
29059 11079087027654724416000
29060 11079425894587137798991
29061 11080639631251139768000
29062 11084954062373941410297
29063 11087058042898322121000
29064 11087918321447596452544
29065 11089845221268298723875
29066 11091540213821960520901
29067 11091563953032295572147
29068 11092076028496265840856
29069 11093176677241855115127
29070 11094304048446991679424
29071 11095954834981253844061
29072 11100808835673936721344
29073 11101209264394821117000
29074 11101218729379383646125
29075 11102851393233015177216
29076 11107668796590446420769
29077 11111938909490540389833
29078 11117651946712588484487
29079 11118052156328766909953
29080 11118209492539963785608
29081 11119494736599988375728
29082 11123323182626541929181
29083 11127424074487707896000
29084 11128130303306915257912
29085 11128260067259942864439
29086 11129997639594575779947
29087 11131831440257419138949
29088 11132085117859429997448
29089 11132157555272112663096
29090 11132652972625460273088
29091 11133111987644467247973
29092 11137284364660719322176
29093 11141918092344451041000
29094 11142540936113430580704
29095 11146260511220365656125
29096 11147811924414099113333
29097 11152094770779552013032
29098 11153325614931766204120
29099 11160125403913565241344
29100 11160477645554400227064
29101 11162624111509644879469
29102 11164056008969230107048
29103 11164364066101383011637
29104 11164926806683840264256
29105 11167712337413983089375
29106 11168088524135266219587
29107 11169101466021819273408
29108 11170493307426974779873
29109 11170770356199626585576
29110 11171228772924658017216
29111 11173685157781619007808
29112 11173869943428516820776
29113 11174745255954658102179
29114 11174932609905680437248
29115 11176705668906893285352
29116 11179379887003569969000
29117 11184005185550413059032
29118 11191050619798714532352
29119 11196525146802614341632
29120 11200516263024336175473
29121 11203676624916997478803
29122 11209550260224577681728
29123 11209679053830510297408
29124 11211975031417352299072
29125 11212693873551977078125
29126 11218706467181020499328
29127 11219051542209483091392
29128 11220536081818640815875
29129 11224331297162800389027
29130 11225892954824606692088
29131 11226418585233182059176
29132 11228399157516125471523
29133 11229506771719214671875
29134 11230759462961354995224
29135 11237286948842719746072
29136 11237561253935315828893
29137 11238001341828912200375
29138 11240151093691050119680
29139 11240155360190153097792
29140 11241656861723788441032
29141 11242991180841349463352
29142 11249764231364630950797
29143 11254821587261151975936
29144 11261927516640848877375
29145 11266491893257952534673
29146 11268324102365776188288
29147 11268575627660834427000
29148 11269828890168252890688
29149 11270848570161779239424
29150 11272072926425125034376
29151 11272097703962584125000
29152 11274058989898810093863
29153 11283514304285560287375
29154 11288487586326797462336
29155 11290845800756159703000
29156 11292730907044182789375
29157 11293027992543893598639
29158 11295187286103570077137
29159 11295487991058367963328
29160 11296739359817238949587
29161 11297726129258277299136
29162 11297780969173106811039
29163 11298388707758391477966
29164 11299317412937770392722
29165 11299620346520016393792
29166 11301008832006971806008
29167 11301468558107723685144
29168 11301486626481583307256
29169 11303191640775461466104
29170 11304688229924003486208
29171 11317191756139649676933
29172 11324405517591924991233
29173 11328462686181314096703
29174 11328836740619948378136
29175 11329060694635096320663
29176 11332600768258431597000
29177 11332674921060351980667
29178 11332935306821709595287
29179 11333613216834647022375
29180 11333639184947786889000
29181 11336007045563907144984
29182 11338224253457737654837
29183 11339465068824414735681
29184 11342070268501210903063
29185 11342406622719332968353
29186 11343176153517943853001
29187 11345387271208845241023
29188 11347075740025224396288
29189 11349576181624727696832
29190 11350313613622363726495
29191 11351626337908960831000
29192 11353662385200445401000
29193 11354895612878326032888
29194 11356630309323371072000
29195 11359428675977541376000
29196 11362638256195983848000
29197 11363006955965841519336
29198 11365593751381530122488
29199 11366612492446573593875
29200 11369120899378321936584
29201 11370323218961350301112
29202 11371241719726976780875
29203 11372334578028861640875
29204 11373092183316203089288
29205 11377810969683728376079
29206 11381477325760970942976
29207 11382497990294769630747
29208 11383045706701377165905
29209 11384062306823939870088
29210 11386292356930499817536
29211 11386918836257018731677
29212 11390343739411197736448
29213 11390751247086254514744
29214 11393497120156744940811
29215 11397214482984690633000
29216 11399960794129034841747
29217 11401981390347764718411
29218 11406291641124796512649
29219 11409096294364632724224
29220 11411356234911017747544
29221 11412093633805514816712
29222 11412194313994692855875
29223 11412297792276039487017
29224 11420534037855156885099
29225 11422548829960747375104
29226 11426456273261224973752
29227 11426724232698099662848
29228 11428150210535137527000
29229 11430463428355697002944
29230 11432816664148678287097
29231 11433211153317422229033
29232 11437549467515866027125
29233 11443244798490387101037
29234 11443440325713482220309
29235 11454327219514104974503
29236 11456395989386875072000
29237 11457729469839226392000
29238 11459562994794872770533
29239 11462914987723244331000
29240 11464118316525842093672
29241 11465740479641830129664
29242 11467425471262601730624
29243 11469731983770979725625
29244 11469795533471807661376
29245 11472503617182915421875
29246 11476798908467648784336
29247 11478464523947331507168
29248 11478957327857950441875
29249 11479321153872153088920
29250 11480082728240834506169
29251 11481987450029768747712
29252 11484975442459881371912
29253 11486716548014503426293
29254 11490687708255008121960
29255 11494187496758918133000
29256 11495326065456924137664
29257 11495844657124168761936
29258 11499578130949121618496
29259 11500227045116977364288
29260 11501615523320826052149
29261 11503613033883601813539
29262 11506320538743852445176
29263 11508282902919941092584
29264 11512511950391107536608
29265 11513272012400224146024
29266 11517964495379389222344
29267 11518567809315994312704
29268 11520058877907458625000
29269 11520785111755537016000
29270 11522243483984769984000
29271 11523266639315933432931
29272 11523724387025684134509
29273 11524021212419507008000
29274 11524631894419205546712
29275 11527373402803156841208
29276 11529765679550900175576
29277 11531071375271611444736
29278 11535578827660261700424
29279 11536372526323035884472
29280 11537905365731997956375
29281 11540395016474173388288
29282 11541246674144464454625
29283 11544589369131220577448
29284 11544944775813007552000
29285 11545396835726015138520
29286 11547058211180421162408
29287 11547192204955761198264
29288 11547375316974193887099
29289 11548119652174849536000
29290 11548736925061118372765
29291 11550168018826551243584
29292 11550886479088879104000
29293 11553107916657434169224
29294 11554608679996870256832
29295 11555950733118275005431
29296 11558402185980518131536
29297 11559252859725656782333
29298 11561051735457071422393
29299 11561148584415127341000
29300 11566417503436150106808
29301 11570133481864621185375
29302 11571879628234194972696
29303 11572457506365949903961
29304 11574895784557707984375
29305 11577839611446465520527
29306 11580053194868963302953
29307 11580343290933128869248
29308 11583533657655347163048
29309 11584875259823450714523
29310 11584947518590870703097
29311 11589225859450308011544
29312 11594968129409492533888
29313 11596851225130848768000
29314 11597263322211465916563
29315 11598568546274371582424
29316 11598972759329153471000
29317 11604260867732715359359
29318 11605303524928938728904
29319 11607325279726806774144
29320 11607486340533880987008
29321 11614104654890774754627
29322 11617815160331344737981
29323 11618201453842655558621
29324 11619601384056801964101
29325 11621877464182646291904
29326 11622474232584025616568
29327 11624039065456281793728
29328 11624184726708431208240
29329 11624945540444891234496
29330 11628250104876024927879
29331 11628826472323565552619
29332 11629981420000661035584
29333 11630234827579631147512
29334 11631392743470588877096
29335 11633274970065063299439
29336 11633789127916256010255
29337 11633830843872160339416
29338 11633988675735474048000
29339 11634612696501017769000
29340 11634963000135909840504
29341 11635300362420395808875
29342 11636710576864143418648
29343 11647987332791788440000
29344 11648878685626202556984
29345 11652166284209139492531
29346 11652583054858068790656
29347 11652855732117881789625
29348 11654606967086245580847
29349 11655208908602190631791
29350 11657582517039396926625
29351 11658018631120673103000
29352 11658915012005778248576
29353 11659617837240708928320
29354 11659659297003333945000
29355 11659999132482507000000
29356 11665678153597045677134
29357 11667552676120430882091
29358 11674840398211979299584
29359 11676562006400157447000
29360 11677479716146423084633
29361 11678128311331617948729
29362 11679712414979935644864
29363 11681433213975165682503
29364 11683301658015607506432
29365 11688462683154139555745
29366 11694214923149366001602
29367 11696836149073244799000
29368 11697905882682874908053
29369 11698548329082494172293
29370 11698696874917346067683
29371 11698936046995643204941
29372 11703490643746424176712
29373 11703611532979196125568
29374 11705280697767448792000
29375 11706934863400913439359
29376 11711203307235058844889
29377 11712760765225177853888
29378 11713704046343012200968
29379 11716574914644938850304
29380 11717074824917204859688
29381 11717122704976098963000
29382 11718453571594498542528
29383 11719046062851426936000
29384 11721635425834710935104
29385 11722235411455852663107
29386 11724385240304386731081
29387 11724487963461016306947
29388 11726667346159636736320
29389 11729231054593185291795
29390 11733331063232345934059
29391 11736864008877679000000
29392 11737696635170030085687
29393 11740371905060125861625
29394 11743791661862425722375
29395 11744257701256889227776
29396 11745838790706194508808
29397 11745948452467622446872
29398 11745964448132860770552
29399 11747833041579229857808
29400 11749825788788408610816
29401 11750418626047108497000
29402 11752639434531290931328
29403 11753276119488171467901
29404 11753836844805990316440
29405 11755233350919387877184
29406 11758146998857523737928
29407 11758465839170840288625
29408 11759694255792929899304
29409 11762695335498676755264
29410 11764125131206988837934
29411 11768395084051481376128
29412 11770970132529741672063
29413 11771374964843265148728
29414 11771802681657029430237
29415 11772235252556530862383
29416 11776905948373336448704
29417 11778796571143993445448
29418 11784798936253034147736
29419 11787866470947254059008
29420 11792511546179018015296
29421 11793772717703897846256
29422 11794123390311504593776
29423 11794209744510757486377
29424 11800795897638272287000
29425 11802368489267830533696
29426 11802891206099152845504
29427 11803405701348572548608
29428 11804561491766592503808
29429 11807190150957517476888
29430 11807551062660178728000
29431 11808995492503602859375
29432 11809057501353000891375
29433 11811357318625775369947
29434 11812658042032677706688
29435 11814430100738042704563
29436 11815123566160849167233
29437 11815418926518324485823
29438 11816535687539282949123
29439 11817854583671022705000
29440 11818950931315339443485
29441 11826187085254625151488
29442 11829693047757342132375
29443 11832689914676356157432
29444 11835929312771348562687
29445 11838998406332605153464
29446 11839632976647556940944
29447 11839896348825435163280
29448 11842185016006873983000
29449 11842820913239574690536
29450 11847319727375930894152
29451 11850311470159332574586
29452 11855878221702214305216
29453 11858452761276662097583
29454 11859339055473914718168
29455 11859606559568599330464
29456 11861042970075629659784
29457 11862432546705473863104
29458 11865119259610881712539
29459 11865865531184223072813
29460 11867244144183561146949
29461 11867391117594141275601
29462 11868218161701825564648
29463 11870456390760661848000
29464 11870819543490190964352
29465 11874926741346926712000
29466 11879881525108497231864
29467 11879993010574816919064
29468 11880727828791120621504
29469 11881470747801657212056
29470 11882028798462136290984
29471 11886573328887837376000
29472 11887274342104359464448
29473 11887612151453631251351
29474 11887691603583771499888
29475 11888138410169863653513
29476 11888162409132587978829
29477 11889740634395203125000
29478 11891892807139386453741
29479 11896589395400782907016
29480 11896946762199113920149
29481 11897495846314074360000
29482 11897842994626281420357
29483 11898768463253798985495
29484 11899150316871118912260
29485 11899201978224895259016
29486 11902508490168346337586
29487 11904342219352416551256
29488 11904356299857462732375
29489 11904572358093137371551
29490 11905389323855674963875
29491 11905971295644570141459
29492 11909213024513036488704
29493 11910814787464687890432
29494 11911406556092479673939
29495 11915417811154870554913
29496 11915780452457577199875
29497 11917105151726373241608
29498 11917353878971962934968
29499 11917625582022731529875
29500 11918311187318448640000
29501 11919422646486739653120
29502 11923254859979255510016
29503 11924926897363803193969
29504 11930193527543469614709
29505 11930276466425415827456
29506 11931939746736950449152
29507 11932545674696680678625
29508 11934938339929331055000
29509 11935932613285481611776
29510 11936226299735672782848
29511 11936737754006272324416
29512 11937479912768507857487
29513 11943504293704092054855
29514 11944280684448417764375
29515 11945821760704459868184
29516 11947168379625390847000
29517 11947889707159858635456
29518 11948395670978859158976
29519 11952757315953493498368
29520 11957090617423270061568
29521 11957540774106412859887
29522 11957842075470176687256
29523 11958905180313641152512
29524 11959158687238992039048
29525 11960562585889883241432
29526 11962210931147118824000
29527 11964245028587210999432
29528 11965522768374587048000
29529 11968398945749853021051
29530 11969545988494758763008
29531 11970169456664272358232
29532 11972985099983744473728
29533 11973273500538660111984
29534 11977187644732449439125
29535 11977656033028646896712
29536 11980602308504648623616
29537 11983043646810958241304
29538 11983767367215654245872
29539 11993407238593570770981
29540 11994357831462091298304
29541 11995306891058656167912
29542 11996664637129355962107
29543 11996977011962415009264
29544 11997817724364975783000
29545 11999715381621567169479
29546 12000115782132639468424
29547 12002242409537946792408
29548 12005016719483637487638
29549 12007387549650326024744
29550 12008052444805127984511
29551 12011943490546727845000
29552 12014140711649637588489
29553 12018134192175942405120
29554 12019291226029717360640
29555 12020826989908541113344
29556 12022908700698927562167
29557 12023120094942345198264
29558 12026686135193207446059
29559 12027809015983982312000
29560 12028945847856910336000
29561 12030065506764341964837
29562 12033994764947037245083
29563 12034666856267580056896
29564 12035432290347014327541
29565 12035621644240420069480
29566 12036094329297526532928
29567 12038024074971648055176
29568 12038675154207183729000
29569 12039919426003873956552
29570 12040133800762190382597
29571 12040306164407852004583
29572 12040569408439730802520
29573 12043504522031960996928
29574 12044928285130002089464
29575 12046912990459693915968
29576 12047213855721515688000
29577 12047633271117049121208
29578 12047729652998279665984
29579 12052760093241914985939
29580 12053966569539914343168
29581 12054542059472523455880
29582 12057525378055726935877
29583 12057808867269030918927
29584 12061396341477623865816
29585 12062773493557144904000
29586 12068727382267472949760
29587 12073026939727445184591
29588 12073605066163872359847
29589 12073836440191328288200
29590 12074189249773569953125
29591 12075309921293456139792
29592 12076245040033708352000
29593 12077215656147731593504
29594 12078927363202081011000
29595 12080151613499682585375
29596 12083430094333009832448
29597 12086514371108668399272
29598 12086927502187567578003
29599 12090269594233653645312
29600 12091512944795955181784
29601 12093509224086561285768
29602 12095196467395589927288
29603 12103702233819847342272
29604 12105192966014833201944
29605 12107384063530579494125
29606 12109538655047609514648
29607 12109953750428012626728
29608 12114221726753320997853
29609 12117621093493264964433
29610 12122035483129743409875
29611 12122577477956972234017
29612 12123601221516875272728
29613 12124152872251267583736
29614 12130072801981090047000
29615 12130883600774476754944
29616 12131360923456543234375
29617 12137545470563989875000
29618 12139443158284935888031
29619 12141854732757387176000
29620 12142031061855867973759
29621 12145342527806655375000
29622 12145623073680082896000
29623 12146490677752985159424
29624 12146522205764771496000
29625 12146894845837879924125
29626 12148263314041631003136
29627 12152680253483357676032
29628 12157064745872830129899
29629 12158339257244230935768
29630 12160694990478700143387
29631 12164483025835438373019
29632 12164614482193380285624
29633 12167063596214621554824
29634 12170673145178431708699
29635 12173230796798187375021
29636 12174255768665632227993
29637 12174416020410441229432
29638 12177272563199632652608
29639 12177915583213431055368
29640 12178351463333751795519
29641 12182777447523083896040
29642 12183007093330687488000
29643 12183146498164619464704
29644 12183214683499099623721
29645 12185855733713215357440
29646 12186485680523879188009
29647 12188156819466947024384
29648 12188659702078459899000
29649 12194852463658899686015
29650 12198212942903982263808
29651 12199260918958500814875
29652 12199869704622315643200
29653 12202185214491971005125
29654 12202819095923850190699
29655 12204711072228038273000
29656 12206298316053307199552
29657 12206682146214041723048
29658 12207253365397003673088
29659 12207694092814382996799
29660 12212617858638825116944
29661 12213667196376206905792
29662 12213715875193174525183
29663 12214422191409188994000
29664 12214833994428920997597
29665 12215346805601232037992
29666 12219437632718632895488
29667 12224808769670522607680
29668 12225157070473392107400
29669 12227441246005923631512
29670 12231153580354088491755
29671 12233173878312272228889
29672 12234441398460242086125
29673 12235809964451671233216
29674 12239955085589109333000
29675 12242730948568135010541
29676 12242777758891608151125
29677 12244435287753068619912
29678 12246515247626165915136
29679 12247950474610229445696
29680 12248763193167975830447
29681 12251907412196526848375
29682 12253834891756664581375
29683 12256302410716377232791
29684 12256613429994000337032
29685 12256871790610343687616
29686 12258113212328018182875
29687 12258115541047215959464
29688 12258566467333494182875
29689 12262593591949772769048
29690 12262683206227897193625
29691 12262754815674484919616
29692 12265437869124937975296
29693 12266289873014491012608
29694 12270910347204896307375
29695 12272537012325044599872
29696 12272684103376266411387
29697 12280744374068189677320
29698 12281317167955657479931
29699 12282040445674351113944
29700 12283546073370209631000
29701 12284911603633446715392
29702 12286521428588287949432
29703 12287349673995754421875
29704 12292100340018010659000
29705 12296216934236559352392
29706 12299308142670124632000
29707 12304072889609236487388
29708 12305335907487396619125
29709 12305949557181769523125
29710 12306452957129801910888
29711 12306766072657278941992
29712 12312977001227270488064
29713 12315673804669835079744
29714 12316580144362822223168
29715 12317358902633132268375
29716 12318112532451188262744
29717 12322591021533244227048
29718 12324115855364559613101
29719 12328575407254157234176
29720 12332457628912034018496
29721 12333198245705668532061
29722 12333386790366976787427
29723 12338390877130189872000
29724 12339060855650748377496
29725 12339521783068892530573
29726 12341539402762478761944
29727 12345565475550767040000
29728 12347961615142937536851
29729 12353685110336535588161
29730 12355091519142628338875
29731 12357661376311362043875
29732 12362108523025936431267
29733 12363126125366129126832
29734 12363836848934046152768
29735 12364154709877509709625
29736 12365097451017845348808
29737 12366551198524865051376
29738 12373106213839569594328
29739 12374431036060279859946
29740 12374887017187028971000
29741 12375619454754628249905
29742 12378525787939484706624
29743 12380119525398725041536
29744 12382303626712407626056
29745 12382345851918799513176
29746 12386766671617248499743
29747 12390125758783824011688
29748 12401741052473457222720
29749 12402879954587050088160
29750 12407492211047085009032
29751 12408636184176858516072
29752 12409374575993182796736
29753 12412056854108623201000
29754 12414531440829987933625
29755 12414887324694011727927
29756 12417009269079562056000
29757 12418708571474128443000
29758 12422236826054197335375
29759 12422465434947053609487
29760 12422698713757999386811
29761 12423978081885930732198
29762 12425715671351130362368
29763 12427720089326400535488
29764 12428058514109540829696
29765 12429688983832392139000
29766 12431479660919899291712
29767 12431801973887245430784
29768 12437824274006242482261
29769 12437857996456330252360
29770 12438518329115039428813
29771 12439620651486839895000
29772 12440674518957232714432
29773 12443574293134705728000
29774 12450996412993465025832
29775 12455677564785287979237
29776 12455924235819751425375
29777 12457164326594757622272
29778 12460035605569940750336
29779 12461085973555075257128
29780 12462373419135055377624
29781 12463946542390056130963
29782 12464803534703063996088
29783 12466055626261144704216
29784 12466405582892591386455
29785 12466634719694026382784
29786 12466823521703091154523
29787 12467824199132895484983
29788 12470049139997911730688
29789 12470908908324590093448
29790 12471209761311833805000
29791 12471695654210142321816
29792 12474652438841106058263
29793 12478066630682959726875
29794 12478682060878827966417
29795 12479597922910332725056
29796 12479612974733410463503
29797 12482161661674667475864
29798 12482826853729026098304
29799 12483908835306395226831
29800 12484634053240656898344
29801 12489186719576435904000
29802 12492187139244903293511
29803 12493828398497828658913
29804 12497278032653400834048
29805 12498544848957416494784
29806 12498813604911303991000
29807 12500042927197258953000
29808 12505235531405049983368
29809 12506795692349206826097
29810 12510028224240591818648
29811 12512621199402944710272
29812 12513072849188398023537
29813 12515486559781964145497
29814 12515690535915071483000
29815 12515919272032614865875
29816 12516473737206972777664
29817 12521653429751720537751
29818 12527388707072414029848
29819 12529476924302382140096
29820 12529809907577999894592
29821 12537768970109971000000
29822 12538192556578338658125
29823 12538678963914150308352
29824 12538852244022079678248
29825 12539309959847107418176
29826 12540934204997513122304
29827 12543376961254583808000
29828 12543533766838706794344
29829 12544910693841441229496
29830 12546921710859902920125
29831 12547729455842242921896
29832 12548876264882173873664
29833 12552274014118757931376
29834 12552330272449419087272
29835 12553414067843678760129
29836 12555735936673162767625
29837 12561503143482591849152
29838 12561772277756426760000
29839 12564351797624990010648
29840 12564552269865393952056
29841 12565533694571496113013
29842 12566280886859840743512
29843 12571941723591424858875
29844 12577005526989616060887
29845 12578749471164775854744
29846 12581897897260032807375
29847 12583518042275645000536
29848 12587189154130876121928
29849 12588247791418442689000
29850 12588325316810852880509
29851 12589393675330020409623
29852 12594765305833165570752
29853 12596043498413351879168
29854 12597517097165123921889
29855 12597587939215646142048
29856 12600735003770539000375
29857 12602495925868926168000
29858 12604427377474050361152
29859 12611223010910787551379
29860 12612969505950733430784
29861 12620421518704119154125
29862 12621008007630775503144
29863 12632404220769001874625
29864 12634337660770193764032
29865 12635025293685691406250
29866 12638751016555373437000
29867 12640836807752675199048
29868 12641478298638003487359
29869 12641722637590292159277
29870 12644651253009699915147
29871 12645351055091382046120
29872 12650039350841883816000
29873 12652417670624915981707
29874 12657053920784870760345
29875 12657309175910097672489
29876 12659794752532364303256
29877 12665882636862679332927
29878 12667834662247833926949
29879 12669704279944434831752
29880 12671046039429389196702
29881 12671473062342345463296
29882 12674410450399550221389
29883 12681404318763071228736
29884 12683151829178980163371
29885 12683200243790207851200
29886 12686800387309489749672
29887 12689037221278342671747
29888 12697737570902974937536
29889 12698413702622875136000
29890 12699336334425947170111
29891 12700796698368999842067
29892 12701165270442719718375
29893 12702232939873405663000
29894 12703161956140371357432
29895 12705506110621138041864
29896 12707344059585914258793
29897 12710047014028186242875
29898 12710070980761940165296
29899 12712173057043041141504
29900 12713170664363498939008
29901 12716605432661315053869
29902 12718205864367229659979
29903 12718447271069008176000
29904 12720415552169772335616
29905 12723741733869018497736
29906 12724116545160946473795
29907 12726565255262092879736
29908 12727326244433624454547
29909 12727457493315718608000
29910 12731792786753995696625
29911 12733192993705531458048
29912 12735627619939274693097
29913 12742546443535966723029
29914 12744941259967765063488
29915 12746277554099438322792
29916 12747445546418314207875
29917 12747505073977318220037
29918 12748606068825349632000
29919 12748785283673389739880
29920 12750142536248496927704
29921 12750893462944368152064
29922 12756470292250613432000
29923 12756594896377049391921
29924 12763774976417886640392
29925 12772246895671686250464
29926 12772578129063117965000
29927 12773084956250463141787
29928 12774917938822114111848
29929 12776540344005471768000
29930 12780102349204957952640
29931 12784000113060954402807
29932 12785078438770336323625
29933 12785094633022152840000
29934 12788359572465755423145
29935 12790698028707090296376
29936 12793921761919825197567
29937 12795724094806702893177
29938 12796407733888378718846
29939 12796787858988892941000
29940 12800642493266143169472
29941 12804877513105780185720
29942 12808762580419079245055
29943 12810963623097553689384
29944 12812384415682032914745
29945 12813690098155197312152
29946 12816144642088831208256
29947 12819115753900677805591
29948 12822818376990474320832
29949 12825772557117647809500
29950 12825820894259959054469
29951 12826700203111482175488
29952 12830422675310685978624
29953 12830560314520143979000
29954 12833621272549854723375
29955 12833634537278462528712
29956 12833955455104119335643
29957 12841049876711629115088
29958 12842521781040668808000
29959 12842538221139803442000
29960 12844688888286063599616
29961 12844875561814775115000
29962 12845076958761463288314
29963 12845293828059860149437
29964 12853150462072541788875
29965 12856736789320021888563
29966 12857092079615049341952
29967 12857359363039858017988
29968 12857359891413701212416
29969 12860517989431908071640
29970 12865887896996918207808
29971 12868794762187931933184
29972 12871533261625703073864
29973 12873662251844479695008
29974 12873836694198597161625
29975 12877122731147033631552
29976 12878543331119545569000
29977 12879559800367970494239
29978 12879629982092996975125
29979 12881689633856158807608
29980 12885573354841716440256
29981 12887614641661311509379
29982 12888422031142659731149
29983 12894393238783071265341
29984 12894963241070067129856
29985 12897098441097744384000
29986 12897805110418326648375
29987 12902426447067339167232
29988 12903571509085029119256
29989 12904106668116934133864
29990 12904174861106382728000
29991 12904479127058287938624
29992 12905363606634069046875
29993 12907200239561515671000
29994 12907955448822619432368
29995 12910019424743999377512
29996 12912393896539629869384
29997 12915215920194877118375
29998 12923218466254326968829
29999 12923290211665047950528
30000 12923329029479318359000
30001 12927032319005756543592
30002 12927677808128600868624
30003 12933226867484922093459
30004 12934350574272579860415
30005 12935198964919973468896
30006 12936027503654217479736
30007 12942357633179921664991
30008 12944878926837018610176
30009 12947711446848185280000
30010 12950725825451027971000
30011 12952210783577482872000
30012 12953649932049718614528
30013 12957232748173169035671
30014 12961062959222359654848
30015 12961612484884036008000
30016 12963666316296426959592
30017 12963805788222986651136
30018 12965310002754082411893
30019 12965639758467744298113
30020 12966453299191883056488
30021 12966529170469143831471
30022 12967911731629399938867
30023 12969234377513596000000
30024 12970714837858682573312
30025 12971770685944755048000
30026 12971978308475304764184
30027 12975001455162899868352
30028 12976137513962161523712
30029 12976573841922272387904
30030 12977220887525053377864
30031 12978417244917687944472
30032 12978881353235386064125
30033 12980154853301748265972
30034 12985242216230343045896
30035 12986704870011506683224
30036 12994114483991599991487
30037 12995984840620520375000
30038 12998771097550392667968
30039 13000261425792123144536
30040 13010419180799166586824
30041 13010913635780494836017
30042 13014034131773452722048
30043 13014047312385628411000
30044 13014488992206188244709
30045 13014662192454403128375
30046 13015942363911091527000
30047 13020372766076777920000
30048 13023670756412624755447
30049 13024158028187250096243
30050 13024994166474318009000
30051 13025163662215406074737
30052 13026973202736618548584
30053 13027965856303780690119
30054 13029005431968271087104
30055 13031026427951085206259
30056 13033267691715050153192
30057 13037089412844523117000
30058 13041565855140235113792
30059 13043846258392120805114
30060 13044996216092708046179
30061 13050500618839258423296
30062 13053245911799619137976
30063 13053793218937905333312
30064 13055128077975349566375
30065 13058737368108977516608
30066 13059803331475542410769
30067 13061090968265940084667
30068 13061431354830682707000
30069 13072121182743997603229
30070 13074401561883341589000
30071 13074421605937287687000
30072 13074642248009296519656
30073 13075185055642702531119
30074 13076257224529647279621
30075 13076270124497579813625
30076 13076874363105233408000
30077 13078507808333268966061
30078 13078654459001056552536
30079 13080834261053277378625
30080 13081755646449170111375
30081 13084979084046659375404
30082 13087110775141535795208
30083 13087526669270081419608
30084 13089481850789443682128
30085 13090159319637806524125
30086 13091063456340569777688
30087 13091519741035748747427
30088 13094386992193910915304
30089 13095450484668361089189
30090 13098127720375307832768
30091 13101709897778126753511
30092 13102065190208381111361
30093 13102616771181298984896
30094 13105453551151048109568
30095 13106164912536947194125
30096 13107542358647921240576
30097 13109544426664489362832
30098 13109728392024937748712
30099 13111674836915234184696
30100 13111930664223038044488
30101 13115438736973312420989
30102 13117062112874849816064
30103 13121412572668847487768
30104 13121572770713064235968
30105 13124540230528822754624
30106 13126459868949364407405
30107 13135268107266306725178
30108 13135903369975197991872
30109 13136223302488644615712
30110 13138756292095219474731
30111 13138773066423212849856
30112 13145598368948931139891
30113 13145880916153244014875
30114 13147994214450105242869
30115 13148362611536532787008
30116 13148401666100272264504
30117 13149343365632475143688
30118 13149544821108464223000
30119 13154129023310715638016
30120 13157184314286283544000
30121 13157492155396869648375
30122 13159418967306054962883
30123 13159770195610553167016
30124 13164093249718519659824
30125 13165573708368913308282
30126 13169174293648364252625
30127 13170814921407747606912
30128 13176394797371275196181
30129 13177238959787163099211
30130 13179028212407408174577
30131 13179050977044723819328
30132 13179515393494034223184
30133 13180158454642357803625
30134 13182524729193986037872
30135 13183717793057700184296
30136 13185532549871719406208
30137 13187153098700128149875
30138 13189207659770252547584
30139 13190307594982937565867
30140 13193926484214931209216
30141 13194069239287538993664
30142 13194936653118521458213
30143 13195237601781601943625
30144 13206733486483339264679
30145 13207100083240081368077
30146 13209501522680863204168
30147 13210998877798615643841
30148 13211498548211871816125
30149 13215745916886996185229
30150 13221437639333245504875
30151 13222583372475617415093
30152 13224299324177087453125
30153 13225201930054407501000
30154 13226998713306964141500
30155 13228089395026104144000
30156 13228625015822457234000
30157 13229984838812571682496
30158 13230986311965393205451
30159 13232701304188275604032
30160 13233322172049171089625
30161 13235606790594330596391
30162 13235720210810331573456
30163 13238059342859484502824
30164 13238133523953162585579
30165 13242792472516309248000
30166 13244653028859783717375
30167 13245153648021316602000
30168 13247180346042863557120
30169 13248538039445802912000
30170 13250144302221632438997
30171 13251732077801148147125
30172 13253304862460176296328
30173 13256563209642320298696
30174 13257746003657348011000
30175 13258907180779453678485
30176 13265810398363802065416
30177 13266322973261355766041
30178 13267622459257285976064
30179 13269628072858827345984
30180 13270291462729312344576
30181 13272804063195637051000
30182 13273896106937174062536
30183 13278631016049153883219
30184 13281115554710891550936
30185 13282663497759257893928
30186 13284701271071359238655
30187 13285610369694119954952
30188 13286059141089344311000
30189 13286252570461496660853
30190 13286637380349878795712
30191 13290572619736456132179
30192 13291872726545429843736
30193 13294510537671094854024
30194 13295735542902275647128
30195 13297720800499439496192
30196 13305087577967557747375
30197 13307992796029113457128
30198 13312317558246909058584
30199 13313395396227509037000
30200 13317372811262912767704
30201 13318090160968127808000
30202 13321567380883081344921
30203 13323997280166427699264
30204 13324141679989004379144
30205 13324858667803139071608
30206 13335801860499008531949
30207 13337730292308059066625
30208 13341295703440117959273
30209 13349853158166816256000
30210 13355485632789607031816
30211 13356292818468621212217
30212 13357229484574781678880
30213 13360256890568353741248
30214 13362688529178991329824
30215 13363708066445651266296
30216 13366724032218133512000
30217 13369089070800975438136
30218 13372431077038310608149
30219 13372611326685110291643
30220 13372648273560056624451
30221 13373067605715432000000
30222 13374130044340169654212
30223 13374141960174714975240
30224 13379933068523255783367
30225 13384280641984297474627
30226 13389889854933730593000
30227 13389978616465261708261
30228 13390300855170795008000
30229 13394561244772977269000
30230 13401319853454839114328
30231 13403879385056690182984
30232 13405597935700990988367
30233 13406573002597910221275
30234 13407982635673557969408
30235 13409941332528387453807
30236 13409955071443245800520
30237 13411903886207296429743
30238 13412832567097646797632
30239 13416003626291759572928
30240 13418823781072804864896
30241 13419008901078901637391
30242 13421332009630055980125
30243 13426199498811605653819
30244 13428384450136125436232
30245 13429239198138172078488
30246 13432073036004691181568
30247 13434225335283931037496
30248 13434819914369172952360
30249 13436505048234310380072
30250 13437405919000920969875
30251 13437421665320162504043
30252 13437761701358796346125
30253 13440193311593552637952
30254 13451152416017571558576
30255 13454062808389832964608
30256 13454516677065775905152
30257 13455731454427963673280
30258 13458654454793939248067
30259 13462227353331366285312
30260 13466981652887435661387
30261 13468693106578107671000
30262 13471686631267217388000
30263 13472497007325446608000
30264 13472700560763830075583
30265 13474471287151913999688
30266 13474813653835428194216
30267 13477021846515530176419
30268 13481645499438009094656
30269 13482101132385349588488
30270 13482523079073552796992
30271 13482677335072333752000
30272 13486506992147499347520
30273 13487559991715036387160
30274 13489080047586713209185
30275 13490865882609233717592
30276 13491633374321099577489
30277 13491818963486955574784
30278 13493124993106173267125
30279 13494945314403778837976
30280 13495018023092785671576
30281 13500242168351918979825
30282 13501183137921380538000
30283 13504318677721790763208
30284 13507016143161165444125
30285 13508302536502731470233
30286 13511247261178036263859
30287 13512828114401666823136
30288 13516327509655741499736
30289 13516488557921605315878
30290 13516802876287109499191
30291 13517901101287296847224
30292 13518116946271289052792
30293 13518388312371865069056
30294 13524108271610774473467
30295 13524859310081862749617
30296 13525666113752753050125
30297 13526698770824541065127
30298 13530066782248554048000
30299 13533382526646967593336
30300 13536438182939062184976
30301 13540963524321519465543
30302 13541997522851924395752
30303 13546014943399743987000
30304 13546491098487249357000
30305 13547408301047213982081
30306 13549783609709590311432
30307 13551881123382664835871
30308 13556040271170546993688
30309 13557384969806788457984
30310 13560358960653145429824
30311 13560569100003393074880
30312 13563652216411211987079
30313 13563980175807980074863
30314 13567311820602489890304
30315 13567588138787475429000
30316 13568317143674279376087
30317 13569579575435757442032
30318 13570339140174667823336
30319 13570742530791925479000
30320 13571113458868332641001
30321 13571533343664919135448
30322 13577270594120080219125
30323 13578773101515538308063
30324 13588235968281286542867
30325 13588496663286787082568
30326 13590519517212711903531
30327 13595313967524006808384
30328 13595600260902136768128
30329 13599379963243782844416
30330 13602188381699618541568
30331 13602781223237211800256
30332 13604441626141061746176
30333 13605968942309052481536
30334 13607693711397344268288
30335 13616275613129913946112
30336 13620120347269156063616
30337 13624386389012728471744
30338 13625474823035304634496
30339 13625961366978393179481
30340 13627891547484230862153
30341 13629730107248129582127
30342 13629934937894863834701
30343 13630791903791354854289
30344 13632503481944222538663
30345 13633687867159449199656
30346 13640043932322883519752
30347 13643807904001683207000
30348 13646557497852383845832
30349 13646580119322756398611
30350 13646677972538741949000
30351 13651040396733508485171
30352 13655512111174427236869
30353 13657672767677133448197
30354 13659506563700523506013
30355 13664300165034096335121
30356 13666754219993250974208
30357 13669340062247590980096
30358 13673606774273107651899
30359 13677650793249767302069
30360 13679565915784683181176
30361 13680513600788079864000
30362 13681496246614991332083
30363 13682607494723646944192
30364 13702274139454392223368
30365 13702321249759988315379
30366 13703014577197927550016
30367 13704433451375625811125
30368 13708194450350452273368
30369 13711249845438466715576
30370 13713295221244926412469
30371 13715506577439037733544
30372 13719275301045745430272
30373 13720336061640539688000
30374 13724753844974884803000
30375 13726666599738706750500
30376 13727288152694805367744
30377 13730611075491258687375
30378 13731894027515398483125
30379 13732744394445084609272
30380 13736263744115771155533
30381 13737106526367911661000
30382 13737317848051385014875
30383 13739733092899622407599
30384 13749834079923967306125
30385 13750432829554632192000
30386 13753687821889094685459
30387 13756174691323486613184
30388 13762098135380805956928
30389 13762158270685820043776
30390 13764560999034045083904
30391 13764860717017131168993
30392 13766000436295406417664
30393 13769034257169057958091
30394 13770011368433706084153
30395 13770504788155681074201
30396 13771917512058992858936
30397 13776695694008256102912
30398 13778105288577425432000
30399 13781827915321945024000
30400 13784126936760080672625
30401 13784170468847474326995
30402 13785860498402484902592
30403 13786482929015057334381
30404 13787498627623282784768
30405 13791094991500955028992
30406 13791387046162761212625
30407 13792641464110057824392
30408 13793249334701530264256
30409 13795200895195367135397
30410 13797233732209958699968
30411 13799810534185045234377
30412 13799932714546292052648
30413 13801455859448013237208
30414 13802230612215287134984
30415 13806225802472963533219
30416 13806246228273618223104
30417 13811401048689262146303
30418 13813543946917453126024
30419 13815538595254511436321
30420 13816636760625184962567
30421 13816819867705476587875
30422 13822862240512319929207
30423 13825879314200107170471
30424 13827987458846779456000
30425 13828031837505892658197
30426 13828412606125066140672
30427 13829794637652712790568
30428 13830274796273781437592
30429 13830642072648932723136
30430 13832594055185714611712
30431 13834557946639087335125
30432 13836188354244212691000
30433 13837185990802570484088
30434 13838749569446510455552
30435 13838852889982341784017
30436 13840452751128485517000
30437 13843719316134739310552
30438 13844182929457456891224
30439 13847478346570009063104
30440 13847863979527667952408
30441 13848750670642216119856
30442 13848903365494321540808
30443 13849346683089094262904
30444 13849977279696901885304
30445 13851163748630826709056
30446 13854620436864324501384
30447 13856013147073364094016
30448 13859877293879172571008
30449 13862170790846972684587
30450 13862394021226821890248
30451 13867820021536329035376
30452 13868714641217882612049
30453 13869806254807407699681
30454 13873732652897533745000
30455 13878871151818572166157
30456 13879335629389661154936
30457 13882823809028127442125
30458 13883232901393541569464
30459 13884241774806487498752
30460 13884432232010654693743
30461 13892540762739680993672
30462 13894345360117180228536
30463 13900668901548611323661
30464 13903099549996142045287
30465 13905570697292233731896
30466 13907524191402480604875
30467 13908838172882527236096
30468 13909379389931465746488
30469 13910719395133921314591
30470 13912251923762848774664
30471 13914153120818996507917
30472 13917115952623042215875
30473 13917188832862986885312
30474 13917595156561261194939
30475 13918210290082419176889
30476 13918669987042503831519
30477 13922616193031609256375
30478 13927049612497592999064
30479 13927913993776852284607
30480 13928989664132922322944
30481 13929070703097494790144
30482 13929611341307494612689
30483 13930793245989949527009
30484 13933919249682550978357
30485 13934938902888828340152
30486 13935174650503731929304
30487 13939379464681585568043
30488 13942286856881069013864
30489 13942370671816203981000
30490 13942467245356753252968
30491 13942867949304946307208
30492 13943125429222397807061
30493 13946436151026382954496
30494 13957631567073860199625
30495 13958309376932166784512
30496 13961735576333119009864
30497 13962005850027743121033
30498 13962037546468287900351
30499 13964717521331593261056
30500 13965444536705304342336
30501 13968047121779800600425
30502 13968060943693626895797
30503 13969719449076659348691
30504 13970352013701064936353
30505 13980181798535416827057
30506 13982472255917043882432
30507 13985164184549097121344
30508 13986084254362784358912
30509 13987444869684495872000
30510 13987886816558369843072
30511 13989179013456695832576
30512 13990089901352066380125
30513 13991420699634890290688
30514 13991566219074515379672
30515 13993434345928403949947
30516 13995199640644369267939
30517 13997043436289669446509
30518 13997409749602922602232
30519 13999856731580748430584
30520 14000221435353291411273
30521 14001564634687538355447
30522 14002089968790641088000
30523 14002399469124204420609
30524 14010563016858644577315
30525 14011470541319757010875
30526 14012806827425465024856
30527 14013068114485528989875
30528 14013402898359889526976
30529 14015831864329070896913
30530 14018857485592060954125
30531 14019799820601734857152
30532 14020233057190536649928
30533 14021757776873517666723
30534 14022945587241428633280
30535 14028462037717364352024
30536 14028988137699990500864
30537 14031803668548570218496
30538 14035187450449862965359
30539 14035301189150566119256
30540 14036083385761719506952
30541 14040320058371634006187
30542 14051515124663080257375
30543 14052224847745882341271
30544 14052247171169297164928
30545 14053050408272391117693
30546 14053702694119247130552
30547 14058564855878515005432
30548 14060692045837251274824
30549 14066576982735813523000
30550 14066652564906628220352
30551 14071199624676654949125
30552 14072111783603781054875
30553 14073450072438662549000
30554 14075380119791966504256
30555 14076195999266059056333
30556 14076932022870257383128
30557 14077045404283877748495
30558 14082531705035440913539
30559 14083008297243178176000
30560 14083397179406737543179
30561 14084600292292877028864
30562 14084644931094937916808
30563 14086939458268520377352
30564 14091732060983663559256
30565 14092378769100083234328
30566 14093541405912217153905
30567 14094742371581780207208
30568 14094952330565310013719
30569 14095695524975791215552
30570 14096029960459307590912
30571 14097146976941758553376
30572 14103709668137033957376
30573 14104732065926012504000
30574 14105643474092205600864
30575 14107093428115697628619
30576 14117255596160419469221
30577 14121083699005914829016
30578 14122070980445643171957
30579 14122886780512161390375
30580 14123099639650084811000
30581 14128639211632596765625
30582 14129728365597843470472
30583 14131048785136888674888
30584 14137025647688331103296
30585 14137415451058717575576
30586 14139168677393121847007
30587 14139223543633460556375
30588 14151498752436927742952
30589 14154333904230156102592
30590 14158678055735235991131
30591 14160649767746149512000
30592 14161429658686156584309
30593 14161959624712812921792
30594 14162141455541102912616
30595 14163014790371617987733
30596 14164081936081411019625
30597 14167310883239659392000
30598 14170722326104773295223
30599 14183812736189221120184
30600 14185420310862514670229
30601 14186079129397712145336
30602 14186122314979469451408
30603 14186640548649941016463
30604 14187741942519096812497
30605 14198247055827876250125
30606 14205194485091339972697
30607 14207847543273652828352
30608 14209301916343297161216
30609 14213627537786308878848
30610 14214113587962963346392
30611 14214151217065787193024
30612 14214552271821877248000
30613 14216201702291889401283
30614 14216332732067976114176
30615 14220257751077300560729
30616 14221231516008693264088
30617 14222207258795827741184
30618 14227772163667791024933
30619 14228158411420494698521
30620 14228431301974726123875
30621 14228467774109120418867
30622 14228546608945302326784
30623 14229144909447827302125
30624 14229243584614479226176
30625 14232879277358835975616
30626 14236015261841065018872
30627 14238318749785735398759
30628 14240034507172746604059
30629 14241891544739899703208
30630 14243345781839444842488
30631 14246301963350103033088
30632 14247089896644594887625
30633 14247724960762351380504
30634 14250200367036032389081
30635 14252551124687791586424
30636 14252573951283603400920
30637 14253524169779854342656
30638 14256553373352129352968
30639 14263110874795093883208
30640 14265808431312957958656
30641 14267078191770359280409
30642 14268299299827246377704
30643 14269683020879243967625
30644 14273529251203630594368
30645 14274180449818158988629
30646 14276529112126976454942
30647 14277727389432291155000
30648 14279301650550988953720
30649 14280494094136559808000
30650 14281242173977205076104
30651 14282502102848857767624
30652 14284697676449712501717
30653 14286719107019288232576
30654 14287238101300777872840
30655 14287538390687640091000
30656 14289854111166582535041
30657 14290349841503369996264
30658 14290884557491467675421
30659 14294369513559638265399
30660 14296010802250964584077
30661 14300126520042447453096
30662 14301130744370991574872
30663 14303417634710401402387
30664 14303492718884611529688
30665 14306288301602198686232
30666 14306778718940241903096
30667 14309362741955842809963
30668 14312092661930979240472
30669 14312313811420519606875
30670 14312935263465754624000
30671 14313564108672464314224
30672 14315302392505468905096
30673 14315687422856760023811
30674 14316042608924408522163
30675 14317324743186484796231
30676 14324807505582249337207
30677 14327833754303534693592
30678 14328376131197256403968
30679 14332564926574062246000
30680 14333142802853111772375
30681 14333581538005986998541
30682 14335829950522416630840
30683 14338278335479500426752
30684 14340040575372176859584
30685 14348562862957672140792
30686 14349355168197976250688
30687 14349509124530662560303
30688 14350717426873600360952
30689 14351177603295587303424
30690 14352799112481258611000
30691 14352934785089934669867
30692 14354431948346992363008
30693 14357956976953624190592
30694 14358122316064410770943
30695 14363272234491088427136
30696 14365668484723989888000
30697 14367637812230489935512
30698 14372226624636295563456
30699 14375717355644605874368
30700 14378832711734213481752
30701 14380450024473050354928
30702 14381844022628374177557
30703 14384556585965795721408
30704 14384595221600581634319
30705 14385894403852649760875
30706 14388184600786150547328
30707 14392611234531725048000
30708 14395255849773482229000
30709 14395619576021207327784
30710 14397767792766902541816
30711 14405055817256681515848
30712 14406339377369652491016
30713 14410092738799995323625
30714 14412042553153798877688
30715 14413508444398190585843
30716 14414637827086968010176
30717 14417813783771332424000
30718 14422395894940314374184
30719 14423005906270918635231
30720 14426010901604137472000
30721 14428952033591238191496
30722 14429256548973949153107
30723 14430675690437543945135
30724 14434505013865811091399
30725 14436410255026543366947
30726 14438079042917825288448
30727 14439932781010308006272
30728 14442265862985328739000
30729 14445954296335345946624
30730 14446868622477694587288
30731 14446900162548151900875
30732 14449040254906099479000
30733 14449354117550509248000
30734 14453244745339023974168
30735 14456820436275246246208
30736 14458030497641589768000
30737 14459292713669537826008
30738 14474131656102752999463
30739 14474432051650679669568
30740 14474778056902335319875
30741 14475334146842266781291
30742 14475717524366175601125
30743 14477277032246506086063
30744 14477494493456206887493
30745 14477997568789612431000
30746 14483991626505928425024
30747 14485949961868813530375
30748 14488879451256889910784
30749 14492281063695324625125
30750 14493784476985515218881
30751 14499726141889077412239
30752 14499822700709456726070
30753 14503530714271547408577
30754 14504854969655498381824
30755 14506730739344754059688
30756 14508017851397046604992
30757 14510566018930524786845
30758 14511487626096154038072
30759 14511884474680310862872
30760 14512294547110893145158
30761 14512760329120609407488
30762 14516113003025535168813
30763 14517367880253376209624
30764 14518756837915832016125
30765 14524550974721412740024
30766 14525093383625226591000
30767 14525773496178522543000
30768 14528573575607538929664
30769 14529944232332723787840
30770 14530682668127344943616
30771 14532094056662112987000
30772 14534515267336836914688
30773 14537939290913617225920
30774 14538946264477901694008
30775 14541815827731975164928
30776 14545470339089773405875
30777 14546180869289093699766
30778 14546728449565628379336
30779 14546761169973350160024
30780 14548875453029808583875
30781 14550412500083384550080
30782 14552995999208583938112
30783 14553829606246899668119
30784 14554678548745813494592
30785 14554869064007298654537
30786 14556215479280110104168
30787 14558876691494917315625
30788 14559779621583909531000
30789 14560772117445118407752
30790 14561434982471766729912
30791 14562418731675113379528
30792 14562605486316946968000
30793 14562690990538469497992
30794 14564634026390352142875
30795 14566763336742147369384
30796 14570584708133732174793
30797 14572543622593772671128
30798 14572690057713309709824
30799 14574129380183935296000
30800 14574639249288627379227
30801 14577417717186787544088
30802 14578129643958165348791
30803 14578250372638981118181
30804 14578560356442128031375
30805 14580435239742872439000
30806 14581520633308061171709
30807 14582702259712111755321
30808 14584335677415641517256
30809 14587341900181178595201
30810 14590425448854431408232
30811 14591946354235152609096
30812 14593418563182904148697
30813 14593797841334223762432
30814 14594358336851263581000
30815 14597125215998439616992
30816 14599740409177185976896
30817 14603964900210172299267
30818 14604131156538271302981
30819 14605763311760551467264
30820 14612784146232423738048
30821 14618772504557539159744
30822 14619696575467497696000
30823 14620417476888100548671
30824 14621818677016286918511
30825 14623478376785792033949
30826 14625846299857937104233
30827 14627412230457444641496
30828 14632284057473769555456
30829 14632414072971317614719
30830 14632515505495540296000
30831 14636403332765727683625
30832 14645376272367675813888
30833 14647642984225777063104
30834 14648850639515627255448
30835 14649667050888611084672
30836 14654463491983637629125
30837 14657249516446190702223
30838 14658322657542329054016
30839 14659959456348981877648
30840 14660946300471901357347
30841 14663847633090969019896
30842 14666670323047392290368
30843 14668310547962195665203
30844 14671497136089371157125
30845 14672341888822389681000
30846 14673200160545547356736
30847 14676209389143547271208
30848 14677682990963685245000
30849 14677684352005943673648
30850 14679490929938122192632
30851 14680719740279989825875
30852 14683014821943344961000
30853 14685034539042742173201
30854 14685047883694580267421
30855 14687172560773812320793
30856 14688131376401324477181
30857 14688461312704677468672
30858 14696398095125955875576
30859 14698364076925780042584
30860 14700525789760275812067
30861 14702016220986634418879
30862 14706224057814407000883
30863 14712493988493005298048
30864 14714146291003044903936
30865 14714324223510348416259
30866 14716291306418391547072
30867 14721158539523977939125
30868 14722046171301310569000
30869 14722981295063713183729
30870 14723585964552901464000
30871 14725947996605528876375
30872 14726691196384249273464
30873 14729678970477438258648
30874 14729744400041368884816
30875 14731533024698910249837
30876 14732870701861951592625
30877 14733977236029222529904
30878 14736803648150478036779
30879 14736914868720063953024
30880 14744604537994476658968
30881 14746647085547568282000
30882 14749622763479822794752
30883 14750226318330021042216
30884 14750531525267614353375
30885 14750662577000463381184
30886 14755006303241775670827
30887 14756740475267358370017
30888 14758561018403726704488
30889 14760856645992708615000
30890 14761098967693740571000
30891 14763208285244802617955
30892 14767159356233607232000
30893 14767355624190798003219
30894 14768504573660054597016
30895 14768823588457386211777
30896 14769778368721652215479
30897 14774103684940953517983
30898 14779282355493100479125
30899 14780132598717703827792
30900 14785759291946109768000
30901 14786971208878029656768
30902 14788779881221170319824
30903 14788931520828930545115
30904 14792233671829410590528
30905 14792409451729634760000
30906 14795295363082769516163
30907 14796176720980391303616
30908 14796189604247162628888
30909 14799660364119838602304
30910 14801124774436299117000
30911 14803872733859344059834
30912 14804026917845456975040
30913 14805253395875763684864
30914 14806076929146325333000
30915 14806686950109061371000
30916 14810718974965670771937
30917 14811350021159904202536
30918 14813193845606097264128
30919 14814178937686293090471
30920 14814576573352402601664
30921 14815377817819550060544
30922 14825603495817319802688
30923 14826848887464565678489
30924 14835977530611847462125
30925 14836029698538957359880
30926 14836250286359344471167
30927 14839369364993041323000
30928 14842520843141385576000
30929 14845956641317244716631
30930 14847149661785739713483
30931 14854816257125189161635
30932 14856286953339089683776
30933 14857335486948285519552
30934 14864384726496205310592
30935 14867316218526037300125
30936 14868243667479104262360
30937 14869341337720578619456
30938 14875100498827765917000
30939 14875575219408231783000
30940 14876792243007061707648
30941 14879707783903009285875
30942 14884443205302803052375
30943 14889824262549290778941
30944 14891424526922036572017
30945 14893775597354635590875
30946 14894767167742811121344
30947 14905475684142663865483
30948 14916627396254604351240
30949 14917437075769817750217
30950 14918252723513627056569
30951 14918906501970554400408
30952 14919221580574705734249
30953 14920992868643884915704
30954 14921634300733681262784
30955 14922658465861549586183
30956 14925762405798203016603
30957 14926511178273817521000
30958 14927069184836852645056
30959 14928918243633253008000
30960 14932854047588712049152
30961 14933319924793489097697
30962 14939856928727677378152
30963 14939965922670365413655
30964 14941345852653660012573
30965 14941895634549886812264
30966 14945767905793389170688
30967 14949363405632119911603
30968 14950289604211853672053
30969 14951608826353755881472
30970 14954648371654125372264
30971 14958447656620069280952
30972 14958545561067553543000
30973 14960636297459626901192
30974 14965983591047769965048
30975 14966550731171760966063
30976 14967740205445668253704
30977 14969917999004852319625
30978 14976962829634776388416
30979 14985151830491738112000
30980 14998353220061157570624
30981 15000824778472056124601
30982 15002716201516336600125
30983 15007834675738924411392
30984 15010011409227627303784
30985 15010213939528935903048
30986 15013597074958226738539
30987 15017254016909970086603
30988 15019783057433274689079
30989 15021617370245291122317
30990 15023472646631554999656
30991 15025111610274224621253
30992 15028729089186626527168
30993 15029427728879761512861
30994 15029874049991913868392
30995 15035908286747426420160
30996 15039054914822126371008
30997 15039558093582130996125
30998 15040833495355761873381
30999 15042920460934208604489
31000 15052691083976164017000
31001 15054570332920502670104
31002 15059480016003548689928
31003 15059563730904548602656
31004 15060814120268511560000
31005 15062065315546439297016
31006 15062145972389238177000
31007 15065190849325774384136
31008 15067431847532555285193
31009 15068878342442743455000
31010 15073138307627105035239
31011 15073148066332814043885
31012 15076644503737212794125
31013 15076922972283477205047
31014 15078874613676812142083
31015 15079112332710775666219
31016 15079143077927576914168
31017 15079708252061405282304
31018 15080260030462448861760
31019 15081143746517767328319
31020 15082819731375480944496
31021 15083427689605485484911
31022 15084702266150542873176
31023 15091899893529698304000
31024 15095664832988493000000
31025 15097654585138080742605
31026 15097803588751811152374
31027 15102926507147279090472
31028 15104597002176399884712
31029 15104666868837697116693
31030 15104906348668004027250
31031 15105703908350364309000
31032 15105756209905003929237
31033 15105780141571262347776
31034 15106131593786093732352
31035 15107939397143697118889
31036 15112392364790988374016
31037 15113394977640451845635
31038 15117719351229788567248
31039 15127813240669996108704
31040 15128339442748635662377
31041 15133922858676628692504
31042 15136907357700371643192
31043 15137160534470497887000
31044 15138689642462848861000
31045 15139584106552727954496
31046 15140442469896680853735
31047 15141217251547390249512
31048 15141753213790042867176
31049 15143124842204742419192
31050 15145082907730002778096
31051 15145959967500626215569
31052 15147029028700064997072
31053 15147195228017013045339
31054 15148400618715309533672
31055 15148785694577061428272
31056 15149818943276042975859
31057 15150493612553738783104
31058 15150802961180074040424
31059 15152603130129704017688
31060 15162927059790667521728
31061 15163945752758785983000
31062 15164686958694638765192
31063 15166268668770925888000
31064 15168571879555249115688
31065 15169257353152039302711
31066 15170682206748821688000
31067 15170793586076998153368
31068 15170794578465817308309
31069 15173109467183958045184
31070 15173215068369155513625
31071 15175758517217046009261
31072 15175867602009732268625
31073 15183886046512193311203
31074 15184744549102322211088
31075 15189313712135753157723
31076 15191234445947090252904
31077 15193665697454453709864
31078 15195207008993876511192
31079 15198833731776330519000
31080 15199033507831720931328
31081 15200475324878426100875
31082 15204654858104065180008
31083 15205144627512018889155
31084 15206320229345336728000
31085 15206335250399357134707
31086 15208351945756020402624
31087 15210070232318245368000
31088 15210626074497625685697
31089 15223688710531725066552
31090 15225404134549659529941
31091 15225723906365127413223
31092 15227458351222916709099
31093 15230347164179637925500
31094 15235404839153826786368
31095 15235514932625582795163
31096 15241479043727159645877
31097 15241615890787193077989
31098 15242079294629695033344
31099 15247692990079428879000
31100 15248187966153554645688
31101 15249177601824821381928
31102 15249373909976860183000
31103 15256011433270130144739
31104 15256918213208522697464
31105 15259731129207522305829
31106 15261705191990330290161
31107 15262626541490298140625
31108 15262915983221500572160
31109 15265145115769042434213
31110 15265222833538321560000
31111 15269164165029977117181
31112 15269372066455695272448
31113 15269900865963773211000
31114 15270455822507108931799
31115 15271371776162344661019
31116 15271792141952497643648
31117 15272847217146448873216
31118 15273359689348751185377
31119 15274249366494972718592
31120 15276103594650188651816
31121 15279858628654894508403
31122 15282357778033340360697
31123 15294286199300126938920
31124 15295396870806507144963
31125 15301173236466310011000
31126 15304477846526197875000
31127 15304968801615708196352
31128 15305876762366229039000
31129 15310868040127770834087
31130 15312163470176222559000
31131 15317804825394439813389
31132 15319130054517231393339
31133 15321352240487857761288
31134 15328568649318986460672
31135 15336505611520833817441
31136 15338311378238619188873
31137 15341536445196641656977
31138 15343415607229057847259
31139 15343422935835589255232
31140 15344158652654521457339
31141 15350538901172777740503
31142 15352596396323602423749
31143 15355246994505941049891
31144 15358866391652038095393
31145 15359703502662879387517
31146 15362030193540278522391
31147 15366997466295953641128
31148 15368564092933088018163
31149 15369686578376707127733
31150 15372189346273227884143
31151 15372807481571908526648
31152 15372843517917003457008
31153 15374987374157168340401
31154 15381636487810943772968
31155 15382436082244814890944
31156 15384102489439294514085
31157 15384886391587765434291
31158 15387741365802519168000
31159 15399865814912243997696
31160 15399964615995374507127
31161 15400558563050031501312
31162 15402978200595372411024
31163 15407172000074092061376
31164 15411743278687693099071
31165 15414684782609238444864
31166 15415209157953127976875
31167 15417792935075184571008
31168 15418407858263305919352
31169 15420275575984210487976
31170 15423146148704164786071
31171 15423203115333433456344
31172 15426324157034734258679
31173 15430445929125633987000
31174 15430529832071646474000
31175 15436173014856075599208
31176 15440754621925353731192
31177 15441327326666492392960
31178 15443723814198663750832
31179 15446725898610391541000
31180 15449761807687834471000
31181 15450791794724471894856
31182 15457166710968345993000
31183 15457681931302797252696
31184 15458636164380988737375
31185 15460488773580760349384
31186 15462340519620053036439
31187 15462820548669432932712
31188 15467353784488329821496
31189 15469147193414418293049
31190 15470007929699832457039
31191 15470558292822142076063
31192 15470855497698423928768
31193 15471561050028125790013
31194 15474542456915404208632
31195 15475459297601394189000
31196 15476851749116176614000
31197 15482429702564583147669
31198 15484302744650601254848
31199 15484430344447926987363
31200 15488280122557958203761
31201 15492440450807313678848
31202 15492689907033241715904
31203 15494684122379872891000
31204 15495641174023999352000
31205 15501317767833464156889
31206 15504916246783314624000
31207 15506623436418904540751
31208 15506701654111959290328
31209 15509394503424918450783
31210 15513383733756837691392
31211 15513439431714823311713
31212 15514945753445024399793
31213 15514975118602633070313
31214 15517429317090602568000
31215 15518134591412765881625
31216 15518866443439603189248
31217 15523524098594722846125
31218 15524248689954564957531
31219 15526050600784891527360
31220 15526365420261554222175
31221 15534905901447183161391
31222 15538046928175732968000
31223 15539504800328707527576
31224 15544401478115918827328
31225 15545124246724974537831
31226 15545236444781646394125
31227 15546904329538385713000
31228 15547290816345660008000
31229 15547393084984592599096
31230 15547625726941489280463
31231 15548043525539004455976
31232 15548977594449562921875
31233 15551095926630439258083
31234 15551334292112301193875
31235 15555491987285131658504
31236 15556293763220863249408
31237 15556356284529875070312
31238 15560665698966511623920
31239 15561633710439919675125
31240 15562928599303878382625
31241 15568120762000114266504
31242 15575680197984019240125
31243 15582876137590316935933
31244 15583976864032843395584
31245 15584281828069177125000
31246 15584531099591522513088
31247 15587411777447596166808
31248 15591137926463268548184
31249 15591862661834754215739
31250 15596422819327551402864
31251 15597898964616249923733
31252 15600755118435381223875
31253 15601882562840644465213
31254 15605592071448017493127
31255 15605944591911820112960
31256 15607955211709767955776
31257 15613943749377772075452
31258 15618590627971942941057
31259 15620003659480857250761
31260 15627464071121356363000
31261 15630109319173999104000
31262 15632938294156789134984
31263 15633447849176671396701
31264 15638273296846577742528
31265 15638529311666806734000
31266 15640126496217404673219
31267 15642159110383065203125
31268 15645918713217331061943
31269 15646274584900404984000
31270 15647452492336486907904
31271 15655635143089001936064
31272 15656940754393611573000
31273 15658810587189641664000
31274 15659009022334044519936
31275 15662578498783251332472
31276 15673174509360732024024
31277 15673966075762891031863
31278 15679815062801781288663
31279 15681171914864008173504
31280 15681275023845231839233
31281 15684271694787379537000
31282 15685671812484931053832
31283 15685747417097896295304
31284 15687905515692918928875
31285 15688248166272261467475
31286 15690062153486576070189
31287 15691482361236807216000
31288 15693698752782878159352
31289 15695398829278059723000
31290 15697985683778889291008
31291 15700970532699710353368
31292 15701066600543086732424
31293 15701660970824497111625
31294 15701834626086214251000
31295 15705472213941377886720
31296 15707785234229253195875
31297 15709232991514341576024
31298 15711735350195072160840
31299 15712932998725015670632
31300 15714868989509280109512
31301 15717342980382999182136
31302 15720012203637931371000
31303 15723028564925046820875
31304 15731359320678131054223
31305 15734745047312280269000
31306 15734864460380002334208
31307 15736543483556875883904
31308 15738008928805654848000
31309 15740088343348759299000
31310 15740818431229058678784
31311 15741871512138498531250
31312 15742807067649632652864
31313 15743986745010191105256
31314 15745259589066405206991
31315 15753274719608589646392
31316 15754436289235163460375
31317 15755081976640667997000
31318 15755464144856679332544
31319 15755503687187857992000
31320 15757548754742946365760
31321 15758337882617281957824
31322 15759186970910424919488
31323 15759554156865159796125
31324 15761907236452170456000
31325 15763560441282377641008
31326 15767533371420042731155
31327 15773711549736703938200
31328 15775565736425171313672
31329 15775595027511486537734
31330 15776735734810381184000
31331 15777153789301765224000
31332 15777689135424059981312
31333 15778354166710276737960
31334 15778920661596095591224
31335 15784560013021113060864
31336 15785986705577678260125
31337 15789040372956424916160
31338 15789830629467349000000
31339 15792295983245442467352
31340 15794484135414806808000
31341 15800108068077077816000
31342 15805937410453094912000
31343 15808757256974564864000
31344 15809672720149658395136
31345 15810958607984176621257
31346 15819055521501696210496
31347 15820200183809762165672
31348 15820764571783535462000
31349 15821540919957153997161
31350 15824804307682306134016
31351 15827171929658866376208
31352 15827261100226746758523
31353 15828076420204550909624
31354 15830513313507474803487
31355 15833104454618109988875
31356 15841195759722022443000
31357 15842923978225141567224
31358 15843672892791536974272
31359 15847246324325059270263
31360 15849347470273173500000
31361 15854274212146304263875
31362 15857179088281346179000
31363 15859324737866538036584
31364 15860869175668171685121
31365 15862926786695788464000
31366 15865630410070199239992
31367 15866248421619251712000
31368 15870690828469877798125
31369 15872578664923628727625
31370 15873235549247682996397
31371 15873816904121890952000
31372 15875134262388280547577
31373 15877546534685052316736
31374 15877733058265163904000
31375 15880140681809055462937
31376 15880741121737787855616
31377 15881707886844337272000
31378 15886308946902084505087
31379 15887862185424196788639
31380 15893864375770655322048
31381 15894185877731414093750
31382 15894520595396527036608
31383 15896040722401662268992
31384 15896214627194962392696
31385 15899557848840828211131
31386 15900754750596863276129
31387 15903243030076841327616
31388 15903473961722318712000
31389 15903739161784142787573
31390 15905221620958398894984
31391 15906905259584373379072
31392 15907405660906644055080
31393 15908055942722474509741
31394 15909643570014795234816
31395 15910054226394934807656
31396 15915083615921071559250
31397 15917469998645965413573
31398 15918086129887333762496
31399 15921753951905368684992
31400 15924260331649544923971
31401 15928001100755363710125
31402 15928145148841243663401
31403 15928935956812908417024
31404 15930266433347411216379
31405 15930307291065740937728
31406 15933220856358786320237
31407 15938486714191955697000
31408 15938822181943954323576
31409 15939018445353352932375
31410 15945897319256460213567
31411 15949287879162407393904
31412 15953814824729748759000
31413 15955474517598953305241
31414 15957867808796173624000
31415 15960938139283956704704
31416 15961544447912539573491
31417 15966457609478921641152
31418 15967168860917508507000
31419 15971220145348289742375
31420 15975502161862153116024
31421 15976686586312907471016
31422 15976865149805628432000
31423 15977299817364964373575
31424 15978128323384031077000
31425 15982857602213987520000
31426 15983526534035607001000
31427 15983528163471313739784
31428 15986866644131085566136
31429 15987885956469634498928
31430 15988355238483252261000
31431 15994756892100603603896
31432 15996790287578757556584
31433 16002049170901777291224
31434 16002321926457878267347
31435 16002867962746139372352
31436 16016125756456557368000
31437 16017985194864226938000
31438 16018666570077057569592
31439 16019097129394293571000
31440 16020240293668551981768
31441 16021402727585421152987
31442 16024798538420057070776
31443 16024885906639592114496
31444 16029675716717604961656
31445 16032007357328197124981
31446 16032024319617610596864
31447 16036764598409556782592
31448 16036777681939470084993
31449 16037697265487698253544
31450 16037879670065334819528
31451 16038563433462998502984
31452 16038945870990004786635
31453 16039820631693234927187
31454 16041279010976402753024
31455 16047956765188974317328
31456 16048139550417380499912
31457 16054762309396149221064
31458 16056452919403073861992
31459 16058755435543369192000
31460 16058756378018881550016
31461 16063055499719576792375
31462 16063082766585569133783
31463 16063134464555281569375
31464 16065605049660990899712
31465 16070104592738395114104
31466 16070512877313908766571
31467 16076037614955874294024
31468 16076497427996866520968
31469 16076907428931228600000
31470 16079695652615877493211
31471 16082354983472273412000
31472 16082503331440778425459
31473 16082951804773366657536
31474 16083013820107338289016
31475 16083131368313263421440
31476 16083923188403890449000
31477 16085207461518605238192
31478 16086310653110977216000
31479 16087399728160082765625
31480 16088302646610592559616
31481 16088361906626741664989
31482 16090004242225921987512
31483 16094534854840364112183
31484 16102347463179658110528
31485 16106569405362774142623
31486 16107065473329944064000
31487 16110237125110285467648
31488 16112123102991743192512
31489 16113884962486304248983
31490 16114242674681171586559
31491 16114542613023945871872
31492 16118154949221707193639
31493 16120668383799179484375
31494 16124028148882288380375
31495 16125871963325680238319
31496 16127220065887372268736
31497 16127886790508005512125
31498 16128309240327447543744
31499 16129389093922901125000
31500 16135524040815147457125
31501 16137382087657896634296
31502 16140917168725056693687
31503 16141025577255361009344
31504 16143518876587175514168
31505 16143622181828078184000
31506 16147150316395199087688
31507 16147717124482192654125
31508 16150064066912489077000
31509 16150756950611037770743
31510 16152358297970232965627
31511 16153234228502133504768
31512 16153566511886080889192
31513 16155739279782914175936
31514 16160125521179259386487
31515 16162821603130098843648
31516 16163320493979559287296
31517 16164222405390746837163
31518 16173739853076190987000
31519 16177499528128877114713
31520 16179491150281789483608
31521 16182210938850696222784
31522 16188985178302794541992
31523 16189107225158614500000
31524 16192670316836982609375
31525 16193481876335327042024
31526 16196879462964354369000
31527 16197630027507108983936
31528 16199251910380409558480
31529 16199549821750354552792
31530 16200362332912065430976
31531 16206687467652202073000
31532 16207765529369714027000
31533 16208875595495349996138
31534 16210913626158347321344
31535 16216300260716669659000
31536 16217557001392732083000
31537 16219147393291353875000
31538 16219319702208837307093
31539 16223712807898977472000
31540 16224159655594904314483
31541 16232302329294653332731
31542 16232894987064011704000
31543 16234557922077636683871
31544 16238532599539673453576
31545 16238835524310110208000
31546 16243174025414416755584
31547 16245326439927559793728
31548 16245629843909495695029
31549 16249613476974118396155
31550 16249651413267238686720
31551 16250635791764186137208
31552 16250904581615681488056
31553 16251538049907441214824
31554 16252681642422992085384
31555 16256409135982795269000
31556 16258997004618332127744
31557 16259483535027408120536
31558 16263834653571346368000
31559 16269885250072986356344
31560 16272146247854358395709
31561 16273198154669968571904
31562 16273251332444919185000
31563 16273297779664155945624
31564 16276006818216836256573
31565 16276162378702748175927
31566 16276590961728112125864
31567 16283871188710254675000
31568 16283931056363131394688
31569 16284840723724207799808
31570 16287235399902406216320
31571 16288914429251455242888
31572 16293876767347498266304
31573 16296719038924062316032
31574 16297357681310465088000
31575 16304459271553958061375
31576 16310360402847255375000
31577 16316312949057280076288
31578 16316980270493730770752
31579 16317184009741556032000
31580 16319812023993115371097
31581 16321192517672007611256
31582 16325651108828313018368
31583 16334240007965412476547
31584 16336227114714754885573
31585 16339991965990109843634
31586 16344273789135026086625
31587 16346306509577257429125
31588 16347048708797309955816
31589 16348741751907557830656
31590 16363925834990502234375
31591 16364400757582662727488
31592 16364966748004010858176
31593 16366473834067918628613
31594 16367228560624851464184
31595 16373475855411309369189
31596 16377042345469697926125
31597 16377822129377841882120
31598 16385585119397263623581
31599 16394762133198199296000
31600 16394764666028387917824
31601 16397346658321430721864
31602 16397623293460841682432
31603 16398196779187042238601
31604 16400460806623749714768
31605 16400856789127407699648
31606 16403849356900935803328
31607 16405068652424031670272
31608 16407760084302337116219
31609 16409467065386098602288
31610 16411677937934030454248
31611 16412389050922887583737
31612 16413706963644985513792
31613 16417093962917225071592
31614 16418680943002350803784
31615 16419055088851661635272
31616 16420628508936458233427
31617 16421587397565951614013
31618 16421692163440288109112
31619 16423078905026183563992
31620 16424166334256350755696
31621 16425215057925628488872
31622 16428163629176693992143
31623 16428172602145261974256
31624 16428224840420595804875
31625 16433548699976684640000
31626 16439355355444142815512
31627 16441179325244381419992
31628 16445732331530713838744
31629 16447528210598083400256
31630 16448190336511650251353
31631 16449108741278450781544
31632 16449138673467889826008
31633 16453020646809055278424
31634 16459425165405076440768
31635 16460156063750739742584
31636 16461182513297605048875
31637 16465770705824786822931
31638 16470301459854812764096
31639 16472838675412691396496
31640 16474877961573871288449
31641 16478818829614694007000
31642 16484317818896242200375
31643 16484403939470375381928
31644 16487516579978370563000
31645 16493699768171941033875
31646 16497337362974804568960
31647 16499533020088521775463
31648 16500156510997037164104
31649 16504909498582272397448
31650 16505278703735178357000
31651 16506971308946241512928
31652 16509347769984379271416
31653 16510835685913671094272
31654 16513455651299451487125
31655 16517906629715451627000
31656 16520393549197110048840
31657 16523340738311666847744
31658 16531025634295033208256
31659 16533683778396319561845
31660 16533889983003461677856
31661 16536567144858329088000
31662 16536863492616389190632
31663 16539205645071503976393
31664 16539519206449916237736
31665 16544870437494402358875
31666 16546015528917505352891
31667 16546373464320046901736
31668 16549183105988612658453
31669 16550051119910655741728
31670 16555197508150585355064
31671 16555389918851385674891
31672 16560250773652536173496
31673 16565540427937259212608
31674 16577743403326762895329
31675 16579155760025366347749
31676 16580649239758110973375
31677 16581032387724332976344
31678 16582209751031588648712
31679 16590439653817956706143
31680 16590653903383057334863
31681 16593738355030424523264
31682 16593771961564347776184
31683 16595785971731636855848
31684 16596117781283460119625
31685 16596853750791595399384
31686 16600279742832085942824
31687 16600827279770639495856
31688 16605386528450703020856
31689 16605852994626680512000
31690 16607113801835877808488
31691 16608616424820458910144
31692 16608715195258022703776
31693 16610627431771028530875
31694 16613223008410560231936
31695 16616062697953882515625
31696 16616436895375812968256
31697 16616885943080008353096
31698 16617025321525348890625
31699 16622948018531980125000
31700 16624504967386358413000
31701 16631989521848393473088
31702 16634368371101946609664
31703 16636324819906543752000
31704 16637056863923960866304
31705 16638013855825258649779
31706 16642074495109911084909
31707 16643589330170929972088
31708 16646073823918764926792
31709 16647005174564485561841
31710 16649779529887730041608
31711 16650085409621987581440
31712 16650584330169074331384
31713 16650747723106453487923
31714 16651659893960115230472
31715 16653566182293619138989
31716 16658125500789162936000
31717 16662967235935439832504
31718 16664764857209817992000
31719 16665851142633495768056
31720 16668730505127949852149
31721 16669573980151514688000
31722 16681997282192425820637
31723 16685621603307777142035
31724 16686970724192479038027
31725 16691554014574212113499
31726 16695030057469776534879
31727 16698425829069440488123
31728 16700720354391741770375
31729 16706099219424602989941
31730 16717800155676878349000
31731 16722571162330224039232
31732 16723911977948462486472
31733 16724377871546934069208
31734 16729878772140582524112
31735 16733247594837632781741
31736 16738114626803915163000
31737 16738533686805613235000
31738 16740031152215964606273
31739 16740740818452180811463
31740 16741604092053446903817
31741 16742421615704560521984
31742 16747269999070172131297
31743 16748966498874722824131
31744 16754685970637168085259
31745 16756797451155147150336
31746 16758746185237407611253
31747 16760906882618877951336
31748 16761526163142820851125
31749 16767432993293576568000
31750 16768730138701920057000
31751 16778462390188312956688
31752 16784024622041603115072
31753 16784374242992434534393
31754 16784566306139012326848
31755 16785238748132212975080
31756 16792206873632107569288
31757 16792543990316747126376
31758 16796503715622169510125
31759 16805494468985300047125
31760 16818586983852895567872
31761 16819914382664091235875
31762 16821674764147660806000
31763 16821808797106886319000
31764 16824125170653396656697
31765 16824416906050542243000
31766 16826961193418862843392
31767 16828356011527021920777
31768 16830879731979097559040
31769 16834448128267286385687
31770 16839377950925085028928
31771 16839662648462819520992
31772 16843608690167166276096
31773 16847464572684324897192
31774 16851317472117350408368
31775 16853880867190914854853
31776 16853903778413276757000
31777 16856705598923132280000
31778 16856818724709873000000
31779 16857430571794090659283
31780 16862968608469107454512
31781 16866697341549105311625
31782 16867956291745653415809
31783 16868310060956225727375
31784 16868489609358753171624
31785 16870130100404418539520
31786 16871736707494960869305
31787 16877769958756170020375
31788 16885298555688599596359
31789 16888156972302078075375
31790 16888790020434216342696
31791 16891308710741270794816
31792 16891554546371480714424
31793 16894008417617765644392
31794 16897632159936543868944
31795 16897821555743993847528
31796 16899388524108625437000
31797 16901672794935003444096
31798 16906474711020203638784
31799 16907835754683207963629
31800 16911359058764541223125
31801 16916871991237558055352
31802 16919902810313396776584
31803 16923285936072113689000
31804 16924113725336964416088
31805 16929448167329661222233
31806 16930263776528270634984
31807 16931072423378091657133
31808 16931719481629251024999
31809 16937216435779746414912
31810 16937859937264719733000
31811 16937990737276079625336
31812 16938713989565672352139
31813 16943442681002856127011
31814 16944195775219826022000
31815 16951109274033998609728
31816 16953119740576387637568
31817 16954397703576627826896
31818 16959429546565738805937
31819 16960085145429692142312
31820 16971230300362891404579
31821 16972615217758275127017
31822 16976266830394202422000
31823 16976281156585988766984
31824 16977312333700776969912
31825 16979071942850446796220
31826 16986130746904769780421
31827 16986274753981818441728
31828 16988424583523900788736
31829 16993593350862360687000
31830 16995094232013267968449
31831 16996312548193167469000
31832 16996432833585976425408
31833 16997600155973603996375
31834 17002963104451663788657
31835 17004766750919248438592
31836 17005538397820422833208
31837 17005602927113233022079
31838 17009626257451572669288
31839 17009712884376315347391
31840 17012261821812307006248
31841 17015788646088497620056
31842 17018391675202441683607
31843 17021075506260777346625
31844 17024562487555504592256
31845 17025280631624200053573
31846 17027676550861676973000
31847 17036981352739439883792
31848 17038176412712688108603
31849 17039896343326723414184
31850 17041733200927415637027
31851 17046706224891022140357
31852 17047891882938593488896
31853 17049049855495572492403
31854 17052539761118041579000
31855 17056524799258015472856
31856 17057387051870871967625
31857 17059538361449219086269
31858 17063685655295593306573
31859 17067426018594192311616
31860 17071202363773599188784
31861 17073022897130732591059
31862 17079588822710930070464
31863 17080550795321642538000
31864 17081865435362302122184
31865 17086688062301853563373
31866 17087185792973411506944
31867 17089943288318390292056
31868 17093757282280909880832
31869 17095987011076626841344
31870 17100301150230257697192
31871 17101498239225168459264
31872 17102407222030284017136
31873 17104583986001324847125
31874 17105361438527877969216
31875 17107004252532414048192
31876 17107534818089242044336
31877 17108456974744117693256
31878 17108591118630474224132
31879 17108655801054577388027
31880 17109286852795794885312
31881 17109644587018988319315
31882 17111055605255179776000
31883 17114608131757210292625
31884 17114852732068855729000
31885 17116334292257978712515
31886 17116497642969760469896
31887 17119057559419677640779
31888 17120066585075849218824
31889 17124088901524125176376
31890 17130012357159187916787
31891 17130696949315251941184
31892 17132587943966482898008
31893 17133215333928044621760
31894 17135212585393063493144
31895 17135744954234258432808
31896 17136534549292540249959
31897 17136698135475971399499
31898 17137380713183848936917
31899 17138507820610125686464
31900 17138973285370472029992
31901 17148659335061335386760
31902 17150171291119999509741
31903 17150593204182813699968
31904 17156448006283187484155
31905 17156529586230349056021
31906 17157058960801628463875
31907 17158696542275875130304
31908 17158773389373657048952
31909 17160230020344092136000
31910 17164790833658432419000
31911 17168689418515087232871
31912 17170084683953945186625
31913 17173151857651164843897
31914 17177274342640452096000
31915 17180629251602959423125
31916 17188956277042632453000
31917 17200541967767892647424
31918 17207911744871523290433
31919 17208784988158998753792
31920 17210806579213856962353
31921 17213199380748292096000
31922 17213528847019336110279
31923 17215699517765994531221
31924 17220503634191909041536
31925 17221456239352296750000
31926 17225986557596262945408
31927 17226195494868434549664
31928 17233838878950459399816
31929 17234543462827437644625
31930 17234654709130442136000
31931 17234912028518409160719
31932 17235942278973983877312
31933 17240510662957339711856
31934 17242787954925861074136
31935 17243634269780790384448
31936 17245953631924941831544
31937 17247665017955905447616
31938 17252223599636935031304
31939 17253316661833534464000
31940 17256298115832276579624
31941 17256841324085569070592
31942 17259963823855438330797
31943 17262474803950706675072
31944 17264922226138277459568
31945 17265095699682993246000
31946 17270748593912266113024
31947 17273956382676235870271
31948 17275619396217454965000
31949 17275867229429326152271
31950 17277649070292718056215
31951 17277667965425334784129
31952 17278611061611498046875
31953 17280318948323674416264
31954 17282620457196954075125
31955 17282853442172054166976
31956 17284373325462797064000
31957 17285696687267556016231
31958 17285858434861041471992
31959 17289668347080134957189
31960 17290803432368199496392
31961 17292526812186508406797
31962 17295066590209065947016
31963 17299678049649250327863
31964 17323032388320554949144
31965 17323418063020782103272
31966 17327836738856366856000
31967 17329644425007420996672
31968 17335019109497898378304
31969 17338046342546271928320
31970 17340194742417502824960
31971 17340221252038654584000
31972 17340265570900541167808
31973 17344733826412802439000
31974 17345694865556722176512
31975 17347010738325548553000
31976 17350995235292868240000
31977 17352351110979024561603
31978 17355903504912493282125
31979 17371555270491416266125
31980 17373234788707497769125
31981 17375254592213379423744
31982 17378021238604317956672
31983 17379444382483177449000
31984 17379562143536749188928
31985 17380081160745116768136
31986 17381210717987347959000
31987 17381661717577372837804
31988 17384369086684570887000
31989 17390369934863263937088
31990 17391309692525789528664
31991 17395914819256837992765
31992 17397923610589476609375
31993 17398686592180215249984
31994 17400035799884018759625
31995 17402123911874847038747
31996 17403270743568206952000
31997 17403332326169685314048
31998 17405073982562765625000
31999 17408207737526597914104
32000 17413666931851281616896
32001 17429999451191330477103
32002 17430005733244053677875
32003 17437741127947227367800
32004 17437880722580734028795
32005 17437981227630829058611
32006 17438092587797808116736
32007 17438870249902208236311
32008 17442332569359758604915
32009 17447327405568800649728
32010 17448975920129413225832
32011 17451205750105376530617
32012 17452041051528110401101
32013 17458291589509205698473
32014 17460538023473767607112
32015 17460612876893676151681
32016 17463920217344941983552
32017 17464202106265854883125
32018 17466430341738736150875
32019 17467180582951332237312
32020 17467188203485201309128
32021 17469188460430756972741
32022 17473583904621022050327
32023 17478146825101113503625
32024 17482006953527964708672
32025 17486019013243022828703
32026 17486157602371049011000
32027 17491630091271175011221
32028 17492850034979665842981
32029 17494270098087457584000
32030 17494831303502010207848
32031 17495478100944635328000
32032 17497186474196445654528
32033 17498007578283715921977
32034 17499687182040871080000
32035 17503047913933941919352
32036 17503105521955570584704
32037 17518059179191644516352
32038 17518714243453757831581
32039 17521507709235496512000
32040 17523643447241813188125
32041 17527597511410490429016
32042 17530115158050427453248
32043 17537122393562973531456
32044 17557183227953557542536
32045 17559309847560246247671
32046 17561108047184734965751
32047 17562283523188886544517
32048 17564708702090364753393
32049 17566663255041509595000
32050 17566950845430363204737
32051 17575748091340651891224
32052 17577212094480969820773
32053 17577556990679275801640
32054 17579021128917451250229
32055 17579030665357441097216
32056 17580747844836154256616
32057 17581155890171902991872
32058 17588984321429872375059
32059 17595459447805939328125
32060 17597394240000732612000
32061 17598029843220438996531
32062 17604685645988452088896
32063 17613639699840809686152
32064 17616336640119826994567
32065 17617744140940071896768
32066 17620320149192377740123
32067 17631674238395241625419
32068 17633143932170816150136
32069 17636928265516053678184
32070 17637122704762653432669
32071 17639141239064465580096
32072 17639673974800095365056
32073 17641354974138920132017
32074 17642264545723034036736
32075 17642974743529943123008
32076 17648970054664493151000
32077 17657586834229704561472
32078 17658514023014080125000
32079 17658540066018780799507
32080 17660446122654494790813
32081 17663142348190826363968
32082 17666375074253882207387
32083 17667152208548065891304
32084 17669714561872132032000
32085 17675561536731819937125
32086 17682653736243974624328
32087 17684830228990100289750
32088 17685779535390317841000
32089 17689670605064703942711
32090 17693175576857804437561
32091 17694558368863810741944
32092 17696471419064498880365
32093 17699680963943689478859
32094 17702526048065787106152
32095 17702530638268316455125
32096 17703063835455537826560
32097 17703422909907119637973
32098 17703433384042776506136
32099 17704124379598834090251
32100 17709665217320750087232
32101 17713811314438110360125
32102 17714140800204953212416
32103 17714270500822732887001
32104 17717525539103365805277
32105 17718070288807730454912
32106 17718623187607747854729
32107 17727969594560670165637
32108 17736757953839895566232
32109 17739178646951884955625
32110 17741499809670724906000
32111 17742329653721076967563
32112 17742416607087477387264
32113 17747260700163596784000
32114 17748261700502515208000
32115 17749974898782708557976
32116 17750625435054967498381
32117 17751506460358452013440
32118 17756870581604025451125
32119 17760573499700410096536
32120 17762158030319542934640
32121 17765519557414789578752
32122 17770405221467339569128
32123 17773353764634558563928
32124 17773714876791858370624
32125 17782847288391884328000
32126 17783505651299891532237
32127 17785723533803524870200
32128 17786298594169811125000
32129 17789763029299284128651
32130 17791549594807291534413
32131 17793400842645723233792
32132 17799178669913788875000
32133 17805423352395694309056
32134 17806700605903900673472
32135 17807905344910190800563
32136 17809467759361805671144
32137 17809715688323980774600
32138 17819290121102968680000
32139 17820004774793968703125
32140 17820637482903511438728
32141 17820646726982773485617
32142 17820845925428597483880
32143 17828077954118451208371
32144 17834993370431142769584
32145 17839113878329099776000
32146 17841974866880744867768
32147 17843079319834257944000
32148 17843352187875178068351
32149 17843637983619368949336
32150 17844131318219875422208
32151 17848268415650409093000
32152 17850784030180697657152
32153 17856169512449399930097
32154 17859093035984210268531
32155 17859310305320039677875
32156 17860824815514817345209
32157 17862834148862823075375
32158 17864538473560870728000
32159 17868287838081352462336
32160 17868462211642982219891
32161 17876238986472757934121
32162 17876411940754164746520
32163 17880054941168100928000
32164 17881845135950918325203
32165 17882920831521575905677
32166 17892102540730551501312
32167 17892987930947366041896
32168 17894085612955177029768
32169 17902719947315686608125
32170 17905419017536668753681
32171 17905656640204541780299
32172 17909094998719381890069
32173 17910271218196207357416
32174 17910975702041212420000
32175 17911626315304814084096
32176 17912487997474410955888
32177 17915114629059570444249
32178 17919875875747228358976
32179 17922334691966807308059
32180 17924073666246105826113
32181 17925300541653984578125
32182 17927700946749193076568
32183 17929641013320540321216
32184 17938438270483567726981
32185 17944162693657107264000
32186 17953380480505069164500
32187 17959909152699484991488
32188 17964666259211062374893
32189 17965330084706503688000
32190 17968170758702783653944
32191 17969750961074522063272
32192 17970958619401257922851
32193 17970974412037022593000
32194 17973706612517275733568
32195 17974265870788912678877
32196 17978472436486411072125
32197 17980182989155073643957
32198 17991832961809471424625
32199 17994061530244223993448
32200 17995474150778005665875
32201 17998425726246208504872
32202 17998887897640549448640
32203 18001115323034174839872
32204 18009686914084314617112
32205 18010554740449440250536
32206 18019114806209996462373
32207 18019864468668113171757
32208 18020280148689776139000
32209 18023839824114924660224
32210 18024601214922692510016
32211 18027890531079332739381
32212 18028644417587887503875
32213 18028997270342082303552
32214 18029128614588015795136
32215 18031082580387151539264
32216 18032226437270443065750
32217 18033259327010696348307
32218 18036456411181291999552
32219 18037942859664498149496
32220 18039260399500137424328
32221 18041087834702250961617
32222 18044015498861127048000
32223 18058565150757777672000
32224 18059794491657688505784
32225 18062302503103522205696
32226 18062618444987669135037
32227 18068051735069482343232
32228 18074496071880494571997
32229 18075532915276749432000
32230 18075719408142196028375
32231 18077652386490535839000
32232 18081599244625893916296
32233 18087222900109441956696
32234 18092074617517978499877
32235 18094116504645157032000
32236 18096034196683273133303
32237 18097294012821902111688
32238 18097528755784891597191
32239 18099311349894663823272
32240 18099572944779931132521
32241 18102166467271912180792
32242 18108575103119300072000
32243 18109988125615058017625
32244 18110662840049671658375
32245 18111503506429143720000
32246 18119890428350760000000
32247 18122220320484374843840
32248 18125025446058755765625
32249 18125214933595655457000
32250 18126182812186270340064
32251 18130594089183141440000
32252 18135589355886100321223
32253 18135716278770957319544
32254 18137789899074144936000
32255 18154672732216948912712
32256 18156650793504071209361
32257 18157689127537540793784
32258 18161352495768079586079
32259 18163206900806256184896
32260 18163851717975142305096
32261 18165303634451540641704
32262 18169431407197399784000
32263 18170860029022927305261
32264 18171669610709482444893
32265 18175599430027473158144
32266 18184436548715458875392
32267 18187000678081009809216
32268 18190351014347442153483
32269 18192997943440720408576
32270 18196418827664053351011
32271 18199848762489031525125
32272 18202226683683874106232
32273 18204994213742437203375
32274 18208404864999590913000
32275 18211264678392527391104
32276 18214821277197095955339
32277 18215930526959059974261
32278 18219544225617687883840
32279 18227120409238299364000
32280 18227739790305807663447
32281 18230336609163822360000
32282 18232803700863684587648
32283 18232999571161450446336
32284 18234607932016884244025
32285 18238370696116021222317
32286 18239778072865247327000
32287 18244550036113628409000
32288 18245086043426850816000
32289 18252618904730488616000
32290 18256374552940031429397
32291 18258118298792128517544
32292 18259585881580900297000
32293 18260809962358109708016
32294 18261557397239681260584
32295 18267622514580547324125
32296 18268251512626594736712
32297 18271078870633599269259
32298 18272353729520951029125
32299 18275829873661601211096
32300 18277097582739795383808
32301 18277934437355510964501
32302 18282281943483566588160
32303 18287026476399536219000
32304 18291462030094734936000
32305 18291880496179843015437
32306 18293411022544756286272
32307 18295908693626112719625
32308 18298877946421996423864
32309 18301085636375703680064
32310 18304377094335063940299
32311 18305526612077341792064
32312 18307640274432370099875
32313 18308546313217821942976
32314 18312073081917940293696
32315 18312816485778678450496
32316 18313019978552802806751
32317 18313809689630370359808
32318 18314512906400837583912
32319 18317591834931298609336
32320 18318065345474697432000
32321 18320042393684359859349
32322 18321549879234614523264
32323 18322163336721388644864
32324 18330161754917316084417
32325 18330261801924003580376
32326 18331806102368335667855
32327 18333018207108210036032
32328 18333909864266230987200
32329 18335159147876776934157
32330 18335164376146735936000
32331 18336622436627087199672
32332 18341376998899564158640
32333 18342405821740229047000
32334 18343617615983474975888
32335 18346540566680063055864
32336 18347512164958886893048
32337 18347550463667995255296
32338 18349412984872083836631
32339 18351827277813361874880
32340 18352171938842287483392
32341 18352382442652974262976
32342 18352900774413882848808
32343 18354309071647657445064
32344 18359251035625381520457
32345 18363962623532741770392
32346 18366497072008676034327
32347 18367144484605094990656
32348 18367325155563825987000
32349 18369500393816333373248
32350 18369635928904197756000
32351 18374348501485542559656
32352 18375455798127175353697
32353 18377721752977756285480
32354 18381012455980239549120
32355 18381590875898071587927
32356 18383571200678031735625
32357 18384408625234298390289
32358 18389244571948798912000
32359 18394283459602154430144
32360 18395605189597341167000
32361 18396319169821446288253
32362 18398519745681348397215
32363 18399170584070896209408
32364 18400339478905889234067
32365 18405545133059758615032
32366 18408951336320976449915
32367 18415147043643995736000
32368 18415525224303832487625
32369 18420309152573604329781
32370 18421574473623108811968
32371 18426311601866395270147
32372 18428632133999383475928
32373 18433082446380771624000
32374 18434225328672900132288
32375 18435026823951320128000
32376 18435626660403609767000
32377 18435928348893831309352
32378 18437536229003145805824
32379 18440297724592331443655
32380 18445328711534062442403
32381 18451475318754416972033
32382 18455864286942283888232
32383 18456744440607073322904
32384 18461523168967055429376
32385 18463026586633785167319
32386 18469560891887875905464
32387 18476953818546176363592
32388 18479965497859018520640
32389 18480325616433373340375
32390 18480930980717120878872
32391 18481982326791437105856
32392 18490275343286168582979
32393 18490672521225931264875
32394 18497117917677146988331
32395 18497664964067889744963
32396 18497906310958609397625
32397 18498356092139870791936
32398 18498472028340872899240
32399 18499159960955238900699
32400 18504357007347588365352
32401 18504678471583082957568
32402 18505994460914383929792
32403 18508830149091155772437
32404 18510607747251199125000
32405 18511608988339485291000
32406 18516773697334044076728
32407 18517251828766753161216
32408 18518063883852064544649
32409 18529890321593973224448
32410 18536619647687734808000
32411 18539358105575513593296
32412 18541421996724989755848
32413 18544474077975809019000
32414 18545694300682413516288
32415 18548032589092797120512
32416 18549850850380176312375
32417 18553531424282141049000
32418 18556226305461318311000
32419 18556314378143613977997
32420 18556401686264291263869
32421 18557725812076699612875
32422 18558569891434083795648
32423 18558717875153778420224
32424 18558814700887974045000
32425 18566978514801086997144
32426 18568443761412973575875
32427 18568512750111249744000
32428 18568522030217629126904
32429 18568850203313549496000
32430 18572997317772992967360
32431 18575211209891524242327
32432 18577108409952881987072
32433 18577540932987710615912
32434 18582776725535765568000
32435 18587099613799541377000
32436 18599936100013895102632
32437 18601237209499286448645
32438 18605325951788681199059
32439 18606143186729216583192
32440 18606726972565850152125
32441 18609431339631026281625
32442 18612156721150799914744
32443 18612706700407165632000
32444 18618503913446266368000
32445 18623067424769169665875
32446 18626564373643853892027
32447 18631340866608495427584
32448 18642851364453937403328
32449 18645747188200711488000
32450 18647813495400887031624
32451 18648796930754672084527
32452 18649396294661717130672
32453 18654976917166978885077
32454 18655046132452426549125
32455 18659558962859136560000
32456 18661703869956132657000
32457 18661792654661548469896
32458 18663416855745973943625
32459 18663420032126396072000
32460 18663866666902179158527
32461 18664167547202140079181
32462 18667669594899088685376
32463 18668054979736049789629
32464 18672302107667975042584
32465 18672323772804871825656
32466 18675213931685051160264
32467 18677083679854256861568
32468 18677871676331361687375
32469 18684416745855315345375
32470 18684672104851996489792
32471 18686432227499530077528
32472 18696346382297054961000
32473 18697059176037663443904
32474 18702783563508703295000
32475 18703320553168233472000
32476 18708878155753028192859
32477 18710881537632089883840
32478 18711832318593757709112
32479 18713752883259964712000
32480 18714938210149881094317
32481 18716425906361007019923
32482 18718056586847565395273
32483 18719439364243295245477
32484 18721057665331949256000
32485 18726066023012623312856
32486 18726174535749890833799
32487 18732380878371517725375
32488 18735470406573364786104
32489 18736021975160484740051
32490 18736380947362542399936
32491 18738119344084686000000
32492 18738410342005996039125
32493 18743320424069601656625
32494 18744178273518097193976
32495 18751888205748065588779
32496 18754476183333322034337
32497 18758254592224978661376
32498 18760994393974649466741
32499 18762043440063587961024
32500 18764907351259624543989
32501 18769811425243581339000
32502 18770122682100847512000
32503 18770204000071383745184
32504 18777769186986943679637
32505 18778765861093081270427
32506 18779167481136468808248
32507 18779308048936856838592
32508 18780721215955851906117
32509 18781213179195896296959
32510 18781448496009707866995
32511 18785302606696226015051
32512 18790803035036145367137
32513 18790842688514209212536
32514 18792607988832514995249
32515 18794105254587403286000
32516 18800953626380746663171
32517 18801837069008484044736
32518 18802159391830623360552
32519 18803257589991725487000
32520 18803889918307457635672
32521 18804037693593363748875
32522 18806370671411435881125
32523 18806533890319652218560
32524 18810423765241556706531
32525 18817159622487522967125
32526 18820070469420678856125
32527 18825126656353470977624
32528 18826089293025051321375
32529 18827645786151897240000
32530 18831448409836314265875
32531 18842643929014868170117
32532 18843496771602058612056
32533 18845800155270842167440
32534 18848108145064036123656
32535 18850833297616224923200
32536 18851394026052033004377
32537 18851697750257774649000
32538 18856089482983896040632
32539 18856523969808418596807
32540 18858388551757694784000
32541 18858576078656487385639
32542 18859319717006634850017
32543 18862802409581541602856
32544 18872269801752077208000
32545 18873293580840112300656
32546 18874943379013477738311
32547 18879063838596818649000
32548 18879110414805643128000
32549 18881051942785144510125
32550 18881062442692808070375
32551 18885495694204829916954
32552 18890197711432699009176
32553 18891670904793124191000
32554 18894913479109049500664
32555 18895098821994288623359
32556 18896925424032810025291
32557 18898382743617026344968
32558 18899890267415654023352
32559 18900004441871282741739
32560 18907980508763498557440
32561 18915562381585323651561
32562 18918717722545769056656
32563 18920817911743367346792
32564 18921571066807118104473
32565 18923412267208937761875
32566 18931548009704211576000
32567 18932621057359435603359
32568 18937961254032114385000
32569 18940175848314683613000
32570 18949925959912790479000
32571 18952004272965985013247
32572 18953655413575371386625
32573 18954424671821220553335
32574 18954663283450901982528
32575 18959417323840656943000
32576 18960930237836039913152
32577 18966932660976032827584
32578 18973650968371151607744
32579 18978385173791134014504
32580 18988771577979282135875
32581 18991510079794429401224
32582 18994925688077570690088
32583 19001777819906795338152
32584 19008944041441549790016
32585 19010529081483600862656
32586 19018763300233459048104
32587 19025805303453240163989
32588 19029786800862490555968
32589 19030390845536125208881
32590 19031857700292266769576
32591 19034342658637036864000
32592 19039963292445294233216
32593 19045870573881912696000
32594 19047639465783360358264
32595 19050856273251117432000
32596 19051273233420067979712
32597 19052836693422861385728
32598 19057419314442873138619
32599 19058146606141582238208
32600 19062470006819313984000
32601 19062845511643281191536
32602 19064115610128167959016
32603 19066083664977331074703
32604 19069668330479676515781
32605 19074603469775118967296
32606 19075247444089514530909
32607 19079851706492522648605
32608 19081507598773079861375
32609 19085092880731320533337
32610 19088898827913339287625
32611 19090097324772849916840
32612 19091128699840975714125
32613 19091500845753395070648
32614 19094058174665821261824
32615 19097023448845821126375
32616 19097860495844743921152
32617 19098356131558863432000
32618 19099467720752481488160
32619 19102448749863984304527
32620 19102588481602277894979
32621 19102977611103744612774
32622 19104636234959097790968
32623 19107214147292817500864
32624 19110422538553644913797
32625 19114229854660828908384
32626 19116276017323712089779
32627 19120038122477302716167
32628 19120515110203794873733
32629 19121125131590517459125
32630 19124900050094295496767
32631 19127440304247295566000
32632 19127698879837140125000
32633 19130014913836626971171
32634 19135911806439262720704
32635 19138260129603381918144
32636 19140014320910744783067
32637 19144556898007122923328
32638 19145453021744245428024
32639 19148679810079269889472
32640 19149364499663313134856
32641 19150078148682693121000
32642 19156122199853188889976
32643 19170122692944718627704
32644 19171117438064366672521
32645 19175316260635973760875
32646 19179789954248309124375
32647 19179915249652339215096
32648 19180512764632732653504
32649 19180781267284179099648
32650 19181582648637432791040
32651 19181828598592823557056
32652 19183277074533977470464
32653 19187627961426113720349
32654 19194147100884783557313
32655 19195106307368102812792
32656 19197300320695225837017
32657 19201949091818779826232
32658 19205976828852695696724
32659 19206076065532310682000
32660 19206292693006221229791
32661 19206401305533779365875
32662 19208586767586086884104
32663 19215786424967450136000
32664 19216356992317500429960
32665 19218926063076655420512
32666 19220790130346260389843
32667 19221073221581739144000
32668 19233406437749047849851
32669 19240032002765293294029
32670 19243455217875245657664
32671 19243815771556231630677
32672 19255330108665075319713
32673 19257519272600579835375
32674 19263606575845146493888
32675 19263719534934060119808
32676 19266228590471695280448
32677 19270740685422648896000
32678 19273519263851552653443
32679 19274347606935798980883
32680 19277484822036931879872
32681 19278779265362118528000
32682 19283290178376350751625
32683 19292461719597823505931
32684 19295256912934388133384
32685 19296247985553469328125
32686 19299553978368229100451
32687 19304250871972943832345
32688 19307451033333348436152
32689 19320731477020872068625
32690 19323672062190207572952
32691 19326096727025945443048
32692 19330703088977341663875
32693 19331570870963848421568
32694 19335181489513937191872
32695 19336502266961003062848
32696 19344768088564835592256
32697 19362704117156173594576
32698 19363985686184085914247
32699 19364537136236600749896
32700 19368611739918718510437
32701 19368748638420845995331
32702 19370322440356808168703
32703 19375285617952965679104
32704 19379440511217786077568
32705 19380861263899767081051
32706 19381722861296516577003
32707 19382049202306380145920
32708 19383550998769438023816
32709 19385138375744020798464
32710 19387022854981542489729
32711 19389086320702101415965
32712 19390651728403550049000
32713 19396844504063832302000
32714 19404123898710787985736
32715 19408334127315181237000
32716 19409205916958869022193
32717 19409659921993238509248
32718 19417277119675599372871
32719 19417296330028082201625
32720 19420021614017875032000
32721 19420333908602637864672
32722 19421820919414394727967
32723 19423787216458464413217
32724 19432041961344640992000
32725 19433228684834506218560
32726 19433605662572856944904
32727 19434969720066136123125
32728 19435529831778769619456
32729 19439857607730805063000
32730 19441980026294822187191
32731 19442891363656695793326
32732 19443104373158651250000
32733 19443307042323355516416
32734 19445451532860334605750
32735 19451969246974395059208
32736 19454764304209383342648
32737 19456333441050336957000
32738 19457024105405478225088
32739 19459826128150402147461
32740 19461188497226923932121
32741 19465564634905060049625
32742 19468663632472844310794
32743 19478647618674982996544
32744 19480541606615187005544
32745 19481000741465633453664
32746 19482653492479585535381
32747 19483260602679771129297
32748 19485007034506010367552
32749 19489679236411619914133
32750 19491934211619803180793
32751 19493567225693449814016
32752 19496325253200684625000
32753 19497709771673044963779
32754 19499878950581889759744
32755 19500534390982414389256
32756 19501554525250383469592
32757 19514043105710016591000
32758 19516879838016086423625
32759 19518835223578075749000
32760 19519861327465823722944
32761 19523569200499730807649
32762 19524502344613713515712
32763 19525323404706241264920
32764 19529167136036770394000
32765 19529621190595281100608
32766 19530282829330710978688
32767 19531755767909380729608
32768 19534269012283949218750
32769 19537424389719437535936
32770 19537439184918269062903
32771 19544494229146183134656
32772 19544690993106191153976
32773 19546429264515448776000
32774 19549525856553609900984
32775 19553659679827258641656
32776 19560917984590867248000
32777 19561845659434412068917
32778 19570484389966987781096
32779 19570823466152457977478
32780 19572911135208332391672
32781 19582492408349926641768
32782 19582516512125931399616
32783 19583877869464704957063
32784 19584156928616398694520
32785 19584907823176454985408
32786 19591070967658400057848
32787 19593606332533974858000
32788 19595651007896959977891
32789 19598356991713250833992
32790 19599766068812766296859
32791 19602530350059515459328
32792 19609307106978475571256
32793 19610104768309103775272
32794 19613712726416003868001
32795 19614938926821682155875
32796 19616723860978025482519
32797 19619903017381677617152
32798 19623236617406642949001
32799 19627547534144087652387
32800 19627956272008062710424
32801 19629869553955417964480
32802 19633931105384887828641
32803 19638126886976898883128
32804 19653832057876734685149
32805 19656267163035022356480
32806 19664754844868480147220
32807 19665386347069036891584
32808 19667217413517112832328
32809 19669433964115716509463
32810 19671948928502707597488
32811 19676732462130479623875
32812 19684823055012557457344
32813 19685310679169100875000
32814 19685939265537118986447
32815 19687130752570364662488
32816 19690408241639892457792
32817 19691513066804499648000
32818 19691606163182305806279
32819 19692379688774427600875
32820 19692464422250202811137
32821 19693730268484542641728
32822 19705561200608844948875
32823 19707736509902896043589
32824 19709126006360778402597
32825 19710883858828259747448
32826 19716766006236074220536
32827 19716986449559659615992
32828 19718188588815979655016
32829 19719445458423960049437
32830 19720898350426819738808
32831 19722491123267880865925
32832 19724119964537300710433
32833 19727709693656998761000
32834 19734735522969049401000
32835 19738912937507968033375
32836 19739240263886291505000
32837 19740445678637354990592
32838 19749419493476485811544
32839 19753827256104914630385
32840 19755228180429438140808
32841 19758737484680409243000
32842 19759805556194931467968
32843 19760797625452808247288
32844 19760946465152190969216
32845 19761735804380585912448
32846 19762363194216239253384
32847 19768083964652999420991
32848 19770432208294529214901
32849 19777659917186058089832
32850 19779447562042837398912
32851 19779544679065235186031
32852 19780301757427206433928
32853 19780826006834695621000
32854 19789246563993346951413
32855 19791675985211590974696
32856 19794748258618340707882
32857 19795094712928276671960
32858 19798606285643566061632
32859 19800466829848041993000
32860 19802445003543462176917
32861 19803723862269540795875
32862 19805496126261425409375
32863 19814102323918682011128
32864 19814127538547238344000
32865 19815072541599768404608
32866 19815142432273844396832
32867 19816567923897762451560
32868 19817292284258989304512
32869 19819628793593849351943
32870 19820511867414053105856
32871 19820906978083810967375
32872 19825114570545356823744
32873 19827902879445926813184
32874 19834839188672540871573
32875 19836650544912625689720
32876 19837308646552689940375
32877 19845420026942334772584
32878 19849954627957504796856
32879 19854221712850921032000
32880 19858682898717010054336
32881 19863596598024573680832
32882 19863993607805321492544
32883 19864103468705961739729
32884 19865181913255191713464
32885 19865962576887739667901
32886 19866744945070117772607
32887 19866857564381352832125
32888 19871312121672569558280
32889 19871914036978426752000
32890 19873252173548502001000
32891 19879449145000840321992
32892 19882257346676841100875
32893 19882970012740197063168
32894 19885890322404950957568
32895 19886704869825939449304
32896 19887403387434999879528
32897 19888629242178793707000
32898 19895931849885240453696
32899 19896508250047408979889
32900 19905304826358142408000
32901 19906069951339176035375
32902 19909509152861029397696
32903 19910459069947183468120
32904 19911601762024470668352
32905 19914005660658210679851
32906 19915864375060163181672
32907 19916388978360427701568
32908 19917950984045871029000
32909 19918335935582363516328
32910 19920262078278582319728
32911 19920981812272297979768
32912 19927828286329022956000
32913 19929352064595306487245
32914 19934290951684697004417
32915 19935796300696181942127
32916 19944380445012876888000
32917 19944973785976792717248
32918 19947568415845791279104
32919 19947684738933862005375
32920 19948021962286034680128
32921 19948097793817877266368
32922 19950698650754243718801
32923 19953759566209811194944
32924 19953906721384104692811
32925 19960140078417326513544
32926 19961976592153723667904
32927 19966896423819971679592
32928 19968229620997726494699
32929 19968463204044554745000
32930 19969077382338095904529
32931 19970838266417385172371
32932 19973612384318667200581
32933 19974162773062310163904
32934 19974607343454812139000
32935 19975576599981304757000
32936 19986838215545871505017
32937 19986915553196148756423
32938 20000762187257357954000
32939 20001127301769451429072
32940 20001722109864642139447
32941 20002474186997987961423
32942 20007420555336951926744
32943 20011839513424726682897
32944 20014204550442501896000
32945 20014407847253344113000
32946 20018801337603260302656
32947 20018808239609242908000
32948 20019025311970622485184
32949 20020946423031967575015
32950 20024002596221311557952
32951 20024755351236283597768
32952 20026945850328490835755
32953 20033377764414846820352
32954 20035223890678276745192
32955 20039356038638137894875
32956 20044097644597598025216
32957 20044982612823328802304
32958 20050383767384395577152
32959 20052268599356077075264
32960 20054232427434596455239
32961 20064573320893614513000
32962 20066238044164062138304
32963 20067053031824881075875
32964 20072400050614741072353
32965 20080546557979141336375
32966 20090553181477780267000
32967 20090782597780978197301
32968 20093624267335718491000
32969 20094556901694193839375
32970 20096487836457640272000
32971 20096940401786431958229
32972 20114046768603159085077
32973 20120255247058974931112
32974 20122548994135421253504
32975 20124288104931091547648
32976 20126705676696983899080
32977 20126727985764788812368
32978 20135141306101104192000
32979 20140065691426494292248
32980 20145305092694992749000
32981 20146985136957056075217
32982 20154897730944365595453
32983 20155333700795243383368
32984 20163895128832628706624
32985 20166594951026626097625
32986 20168678438303902609375
32987 20172004001356526581789
32988 20172284802462202205003
32989 20173332039301470465144
32990 20174768018561945534976
32991 20178605608687434334536
32992 20179260678034233594000
32993 20182763994380339926392
32994 20184978203607681491761
32995 20185619290173108009000
32996 20186275324779534625200
32997 20191711264660424138832
32998 20197505090642039431992
32999 20197849782279131629056
33000 20199938083596368074432
33001 20200968402073039000000
33002 20203239602769707451968
33003 20206438559871461787617
33004 20208460046183812021248
33005 20210080693555676924000
33006 20210373574472240746496
33007 20213949011304339400005
33008 20216485477471447503729
33009 20216489862871936617984
33010 20216759055138315928512
33011 20217226787760447041688
33012 20219137947680273888832
33013 20221712528779492851393
33014 20227612685970066264153
33015 20227861041833810931013
33016 20235450296752760121696
33017 20236800513755765059848
33018 20240102389010959994903
33019 20246020987191237187677
33020 20254627833436492511769
33021 20260542222289869135571
33022 20260581357716101982979
33023 20261170300679507322368
33024 20262835110608464985280
33025 20269000238818723615125
33026 20273057164961275667328
33027 20274131467186303071176
33028 20278007767061818141375
33029 20280498271785716390118
33030 20280619222929626259097
33031 20286020617606224838656
33032 20287004155926838680168
33033 20287165523344371541071
33034 20289055419421559805888
33035 20290054301305008915968
33036 20298109555915350188192
33037 20301105549652832633625
33038 20301162911084482875000
33039 20305220209480802263941
33040 20307043700304478980408
33041 20310765920188240548168
33042 20322586257857468357500
33043 20322645865497717256125
33044 20325832983171557884224
33045 20326412440446894270216
33046 20328932514919224946113
33047 20333128693728066970059
33048 20339692614329254712000
33049 20351018306088061897851
33050 20351206029935477039616
33051 20352413640715180911441
33052 20354642331735393162728
33053 20357371286317333732581
33054 20358828695257084423216
33055 20362539932539995821787
33056 20366141977618754855167
33057 20366225798075098224192
33058 20367693575900465487875
33059 20378269286958990355416
33060 20379797322291452747016
33061 20381484986831074485141
33062 20382003295207068951072
33063 20382111418997286051821
33064 20388111031526203887831
33065 20389286383549919506944
33066 20394533224660435507520
33067 20402349977889225486056
33068 20405486681220822584832
33069 20405913475005773921241
33070 20413538024881022042112
33071 20416643530241546952000
33072 20422023465848283056232
33073 20422530261856230625000
33074 20423508384674502342144
33075 20429462597632728453000
33076 20430557767435039243712
33077 20431158609138571903680
33078 20433834456447123516168
33079 20443130351663787339264
33080 20449165053153761660736
33081 20449895284547995780729
33082 20454122309000977974104
33083 20457144910566118027000
33084 20459646727831844424801
33085 20460036714952330942875
33086 20464625623397965222248
33087 20465195157871493171625
33088 20473606989357397479000
33089 20475719633079729829512
33090 20475816590537950079529
33091 20477168772105684635136
33092 20485593217668048777216
33093 20488464236565491428808
33094 20488621971445286902544
33095 20489351521300276581512
33096 20491257389141809265625
33097 20491540735012961314519
33098 20493708534430935024312
33099 20497514978154965023000
33100 20499040366220039710779
33101 20500562206120139208000
33102 20502467492986918553625
33103 20503507742615485280576
33104 20505922002454315426272
33105 20506079058763690409472
33106 20511116256799820741544
33107 20511355115162111375000
33108 20511713145327251519133
33109 20513298950512353016064
33110 20515371476877076527000
33111 20515593807288247122000
33112 20526898127960760046875
33113 20529312778570615358976
33114 20534844682349014305841
33115 20541406945592850043545
33116 20542262431129168434049
33117 20545096010937142291416
33118 20548876609570408818875
33119 20550872695447027010376
33120 20554482506189558943744
33121 20557348815848396013000
33122 20561718874131097788125
33123 20561787211519216123272
33124 20562440962588669291329
33125 20565372732073553226024
33126 20567713699142061138414
33127 20573574606086410568576
33128 20576449512137311301691
33129 20580474031269890148936
33130 20580648881840529881616
33131 20581472000033846083000
33132 20588277795337082774664
33133 20591465557677644293209
33134 20595228493897771892416
33135 20596226534527507436664
33136 20598827932664714029752
33137 20600587932445729612125
33138 20604955789895448948984
33139 20605999736933508983029
33140 20608458875999697640266
33141 20611212432295467835125
33142 20611896861314740054528
33143 20612950466571389075968
33144 20613873787364962728000
33145 20614096895104177016832
33146 20614589893265905340424
33147 20619827372919300507000
33148 20622037495213325126592
33149 20624187682100379006000
33150 20625022893161371150440
33151 20627947396295091004096
33152 20628296500212895818168
33153 20630914916664102063741
33154 20631099753266347033416
33155 20632399845968239429464
33156 20633291794477937085056
33157 20633362130549395010791
33158 20638448348944313893824
33159 20640359831744686263453
33160 20646790191775917757224
33161 20658774101141301728057
33162 20666120087743755844583
33163 20666792541610635069312
33164 20673013945313423421000
33165 20678190400190930523371
33166 20678542936473575201139
33167 20678671837297611498088
33168 20679255933526242777368
33169 20679890523910693870977
33170 20680005942627947971776
33171 20687330263033419378813
33172 20692318789895243502375
33173 20693116828119290010057
33174 20698038002550976984728
33175 20699261189455694389047
33176 20699269086561363988011
33177 20704848086295800750024
33178 20709736623299744033832
33179 20715168904203650928688
33180 20715314042050658416000
33181 20718709363515838208625
33182 20726535400695349407000
33183 20733814498858429556224
33184 20735073034634759726016
33185 20741479313530426639552
33186 20742218464040623053504
33187 20742267527926009178624
33188 20742397535796644397816
33189 20742767440339723007040
33190 20744553411765529182144
33191 20747711610352538019000
33192 20755036664793301768632
33193 20755247464073322620875
33194 20757638604182518521000
33195 20763136667506557937851
33196 20769185474830776258009
33197 20769983085740975645832
33198 20770840261568346179048
33199 20774456589384145951784
33200 20777731836403518273752
33201 20787540139047667573224
33202 20795371619336223322959
33203 20797773367449904329357
33204 20797973457353746695496
33205 20800239042317029541064
33206 20803107994378038355663
33207 20807845611609957211584
33208 20815123231103427215360
33209 20815551162568522289664
33210 20821030887247911557523
33211 20821739157984482991000
33212 20823607937643631210125
33213 20825631358985839738319
33214 20828412030402868857875
33215 20832949039051837914408
33216 20833038204715500680007
33217 20833747323244994081125
33218 20838961431546118716609
33219 20840252117702384265479
33220 20846551320302481461016
33221 20849506668704796453000
33222 20852133921105968872125
33223 20856381202249488930944
33224 20861557624103102463752
33225 20869030686434977539584
33226 20869851012690065864625
33227 20871572209699512897512
33228 20873438702161090694208
33229 20876223293895914950824
33230 20881377176660397786853
33231 20882816798420067670459
33232 20888461572436152245304
33233 20890104975968126949288
33234 20891255500128873029625
33235 20892000847284676282472
33236 20893097260836479224728
33237 20900840549994958146048
33238 20903027519969307308008
33239 20904667759797114114584
33240 20905650370108124196624
33241 20913393888142409351880
33242 20913701942895406909875
33243 20917155172286332707167
33244 20917858677676433504577
33245 20918357758736986132494
33246 20923341080946208328151
33247 20935680954711345944576
33248 20947668258918803410944
33249 20949680402927033098159
33250 20953415474649113131377
33251 20953918096958226744000
33252 20954105107512712128000
33253 20954488062907031869243
33254 20958990508473654696696
33255 20960117954594512390125
33256 20963805885963851938993
33257 20964930218669221988931
33258 20968733713088245587048
33259 20972807516982430080125
33260 20972829753341389913535
33261 20973686355406653918040
33262 20976019669984313299176
33263 20978950081539381067656
33264 20982161805577223875624
33265 20982637770784007508288
33266 20984919719428923390125
33267 20989023078065750073000
33268 20989049823225104662125
33269 20995748353474909449344
33270 20999009661365585304000
33271 21003510022065834543000
33272 21003780688162329154104
33273 21004943920471567457856
33274 21006472997880226584000
33275 21006537105895986363992
33276 21009531580083594088632
33277 21009697027936658379000
33278 21013474102871359941125
33279 21022908700463876179827
33280 21023825600107285792200
33281 21027778138277472699774
33282 21029066916175554379533
33283 21030663600862471514133
33284 21030880093072092160407
33285 21035481284799988061328
33286 21041459980078163738112
33287 21043932799493924434296
33288 21045105158235325975691
33289 21049795380109654282761
33290 21053690222828086369728
33291 21054591530250744375000
33292 21054898947369758653000
33293 21055027139056795497704
33294 21056172267386760686000
33295 21059587971745373788101
33296 21062375354913245402625
33297 21063990931986853728423
33298 21069518727641930091000
33299 21072960696067440135976
33300 21073162459550382175176
33301 21079809869613511744000
33302 21084991657675104290040
33303 21085076352214957533003
33304 21092118652464434792000
33305 21094224127989738588135
33306 21094388309584548340291
33307 21095990205139352425104
33308 21100419794957930397432
33309 21113444517778317655125
33310 21115637973133618698875
33311 21116048037607537662375
33312 21116517743228930142211
33313 21120970399587202087944
33314 21121620967588598860221
33315 21123231690644633462464
33316 21123337448529994227697
33317 21131294313871743570387
33318 21134452916682608819797
33319 21137016857980951872000
33320 21137262030379619397000
33321 21147914195379190110528
33322 21155188739852710809000
33323 21160905051868148672469
33324 21169272191832927966375
33325 21174429740310094733632
33326 21176513036938725870887
33327 21178138443282705810744
33328 21179736351768379746816
33329 21183044140156518777456
33330 21183085178391057597377
33331 21185646442665827022784
33332 21200375335081967899875
33333 21200501092608018589807
33334 21205640271927398573097
33335 21208308193658930305087
33336 21209815328290831571138
33337 21211134439795435181592
33338 21212201918960369856000
33339 21220483509234616809475
33340 21222528132768461689743
33341 21226146552777857988375
33342 21230350847265486579848
33343 21236017831499856105000
33344 21237998092329212343819
33345 21239571807516718462625
33346 21243854380087206504000
33347 21243945825256651271649
33348 21250252468727117038125
33349 21266072374670925780888
33350 21267206688774581464104
33351 21277954367222932322216
33352 21278793539780382612608
33353 21283588226702226722752
33354 21286697242794945472000
33355 21288966295355666987625
33356 21290471244748178837208
33357 21290754608133672562875
33358 21296750605193648592000
33359 21299787675760818601000
33360 21301614049751359597000
33361 21301646756269618063360
33362 21304437115854871088712
33363 21305303815672996506513
33364 21308213757781968381000
33365 21308260797787015230633
33366 21308976473972312406528
33367 21311736214449580931187
33368 21312955296542735207928
33369 21313972981971240179096
33370 21317899363996559537304
33371 21318923195638731117000
33372 21324146598242821858616
33373 21330315236488079367000
33374 21334192112055475809000
33375 21334837952267982034893
33376 21335679762432985620216
33377 21336128327294462676267
33378 21341268523335850016697
33379 21341400380130100488192
33380 21343619330496218346624
33381 21346179209583436662272
33382 21349628582663931049864
33383 21349704237323483476000
33384 21350019239118172204875
33385 21353067184499190710379
33386 21353387247902139061184
33387 21361388896807070118336
33388 21361435713117688300119
33389 21363579767282392760832
33390 21368148951387294807345
33391 21368356858110650798592
33392 21369948190493149327633
33393 21374086800415757151744
33394 21374498182487309686008
33395 21375320668476611269832
33396 21381366866649634163592
33397 21393795216279414583296
33398 21397930664371153657856
33399 21401852171582343544083
33400 21402425295850549612032
33401 21410236696755001062520
33402 21415155308904421189125
33403 21420715648939933370779
33404 21421599984669399255000
33405 21426515568825816973888
33406 21430834944967358852032
33407 21431508215806752041223
33408 21435084623330590112000
33409 21435908026766925563352
33410 21437420859663419520576
33411 21447821848487458507083
33412 21456028817524405088712
33413 21459950515884878111296
33414 21462225599312853368832
33415 21466538850095463658625
33416 21472426345270102918443
33417 21477382857622558791288
33418 21477402085209612220224
33419 21479892174233751447000
33420 21483333186135619537459
33421 21484451212179744261564
33422 21486051787003427215872
33423 21487689450856953559872
33424 21490811607442351573000
33425 21497451404633791142409
33426 21503175553176424353792
33427 21503815331213732642496
33428 21504427880724747399168
33429 21511984760527512888000
33430 21517822914021903315483
33431 21518828338585127292288
33432 21522039441383745619264
33433 21527264440339492815099
33434 21527266069457761977000
33435 21529480192536995010423
33436 21530146108799674388007
33437 21530594479116586984848
33438 21536293147664030126144
33439 21536856958554540418627
33440 21541143382831355500224
33441 21543582473540599580199
33442 21546600881062011841333
33443 21557122103550425917707
33444 21557974986474790105899
33445 21559930332422381030781
33446 21566175677072368171865
33447 21569696211689223416000
33448 21574943639181429529032
33449 21579696502025906619648
33450 21580445777528050928424
33451 21581708421576602735352
33452 21582832481981454408237
33453 21582965087869941052479
33454 21584348035221596625000
33455 21596343150168843061824
33456 21598678073430680166000
33457 21601289321324403792192
33458 21603042704930351412104
33459 21605711443547688657928
33460 21610647313489366370875
33461 21616252852719107733696
33462 21616942564603973671903
33463 21621124491249432046625
33464 21632246080273378368000
33465 21635348746063449111624
33466 21639248322672621477375
33467 21641990580964070077761
33468 21651081748473795029496
33469 21655187109315375616000
33470 21662682460926623003160
33471 21664604538803100090125
33472 21670837755254647045632
33473 21676429320320264592375
33474 21677269796978830848576
33475 21678241403502516816711
33476 21684030542369572104000
33477 21693818718852762029184
33478 21694278904773382367577
33479 21696517216225984709304
33480 21705850685315628534248
33481 21713678039126819299456
33482 21717342381541483639872
33483 21717685905792047505640
33484 21717795481961493824000
33485 21718132533744266594988
33486 21725942522043051264392
33487 21729626774154500378625
33488 21748371805180462513896
33489 21753284697393106079573
33490 21754345092493217761999
33491 21754446271266743599896
33492 21755996235403993027107
33493 21757283038110986898903
33494 21760082112052162987416
33495 21768859095782668363072
33496 21769312862955805148827
33497 21776996877544347050752
33498 21778209419447535952625
33499 21787373919507814488087
33500 21789335939517836424000
33501 21791986988817482710875
33502 21792158237787641704693
33503 21792907008664679607993
33504 21798558614161637701101
33505 21798748651069824896917
33506 21798903038653446054680
33507 21800446963507622212992
33508 21807083721448013033871
33509 21809122686156960243000
33510 21810458633382770609375
33511 21811008012182096224699
33512 21813750471792058416000
33513 21814172047374231935144
33514 21816154243581677749000
33515 21820048462581410223000
33516 21823199836081222564288
33517 21828884455307732637672
33518 21829466120524406560125
33519 21831043330444985037343
33520 21831282311484657275173
33521 21833568137061428389551
33522 21840182368432025911677
33523 21844996712092591419375
33524 21849025506638555324736
33525 21851074357742331307125
33526 21854860021254479965191
33527 21855632801249076487875
33528 21858046829794477586557
33529 21860978523248885511673
33530 21861075444371536462336
33531 21865180279470648076593
33532 21870080775434056261824
33533 21871919132353253394496
33534 21879117251721001075375
33535 21883398890556080709000
33536 21888922451239890578952
33537 21889976361924866052312
33538 21890435213047373586432
33539 21891421756195456864392
33540 21895688983667834726720
33541 21899476922581691236440
33542 21900989080435553434584
33543 21903777049711928765247
33544 21904644831845688369639
33545 21906495621877117981184
33546 21907951154879517000000
33547 21915516815317359234819
33548 21929894676749993960448
33549 21932667036625411406375
33550 21934797176041272432000
33551 21943862277898392855072
33552 21947823832203978908472
33553 21950157237317811991125
33554 21952179517440648564296
33555 21955254769965667483125
33556 21955935717456387676848
33557 21956699586444883905528
33558 21957175870788413002176
33559 21958775473567892220352
33560 21961824429630847395807
33561 21963299940738422721000
33562 21968933781267724811625
33563 21974864457560424292512
33564 21975343585514651241000
33565 21978346641475912854686
33566 21980810534271114436309
33567 21981163605146230953897
33568 21982249453906326591468
33569 21991054420581653429659
33570 21992817459713580956511
33571 22000418868941035102125
33572 22002922946657533306608
33573 22004061611877006340077
33574 22004132178054940699968
33575 22004214845985421050456
33576 22024938225983989690368
33577 22028791854792825938745
33578 22030717831087993981352
33579 22035667369659803169219
33580 22044186769625760464361
33581 22048573546586101570048
33582 22057259860486893944232
33583 22057592380212609058176
33584 22058213590971016641000
33585 22059726976588938167375
33586 22066750712244799177227
33587 22067783875517768676288
33588 22071303635517045000000
33589 22080893223443229718361
33590 22082273877680312751000
33591 22084695026677855719000
33592 22089131122266033336000
33593 22089733512010179572375
33594 22092871905164132352000
33595 22100416790742796230144
33596 22101264973829782204821
33597 22102287922470874307553
33598 22106812983227504343000
33599 22109000553277646974875
33600 22113650410577988407964
33601 22118238636681143613176
33602 22124247336327427444881
33603 22124388333972865543911
33604 22126893157453360480568
33605 22140634605226985976128
33606 22140976612757587865000
33607 22149332577945048216384
33608 22156120308335806592000
33609 22158829648295554622625
33610 22162897080048462263064
33611 22166512945581312844263
33612 22185537076522868448968
33613 22191959243864603366208
33614 22192958796839138719656
33615 22195372326577178976000
33616 22198634491292129222352
33617 22199710122715678610752
33618 22205970557340395402304
33619 22208895616342399029000
33620 22209033384084807000000
33621 22209539220262186903656
33622 22209636538620550656000
33623 22212906402595991072256
33624 22214559601399213815741
33625 22215658149559425101824
33626 22219665246276757139673
33627 22219774838560209180032
33628 22221825743955734533000
33629 22222189994541332128704
33630 22222697282680079016000
33631 22225673707492089473856
33632 22228473880309515743232
33633 22230948994345943432000
33634 22234114117570275929736
33635 22236215996625035160301
33636 22237403875607603860632
33637 22245768557367144932961
33638 22250395815368990117849
33639 22252175201263518523584
33640 22256476635513516090184
33641 22259455726116757740625
33642 22264045682865384115809
33643 22266260156238669424000
33644 22269753172982702604455
33645 22280915248894117925928
33646 22302633935049943270861
33647 22304910123132064773625
33648 22306997615336525689992
33649 22307457546593495908352
33650 22307987100302843439591
33651 22310320234177913904792
33652 22313558062627395097625
33653 22314642518694154277376
33654 22320663419628114328125
33655 22321608815715723423936
33656 22323424245245605125000
33657 22324414152509233354989
33658 22324710942632278907181
33659 22326208668954696024064
33660 22327750944101559508461
33661 22330476050169433767264
33662 22339509100564668255000
33663 22342651572603539934666
33664 22345550571209679285283
33665 22347918619375218671737
33666 22355974061718149893824
33667 22358591892959505180543
33668 22373140351372076203999
33669 22376159333106177719673
33670 22376496537635590028224
33671 22383467364225840268968
33672 22390061301980896065984
33673 22391623469983001140144
33674 22395500869726556590375
33675 22398773921504314154947
33676 22401333905403617504704
33677 22404162701314986772635
33678 22407212972303921160000
33679 22409914124202592771000
33680 22415728053588086546875
33681 22419203614461052308000
33682 22420771834800500378000
33683 22423481958198898723328
33684 22427848540980937341567
33685 22434023493811239164001
33686 22438001599129560892896
33687 22438357913239151877000
33688 22440990669239120351373
33689 22441483754839954507976
33690 22445303272292715737832
33691 22449218242792257243873
33692 22455542099447865081856
33693 22457854376802942654375
33694 22461619085014184764416
33695 22472989034700250364409
33696 22473404329457097488619
33697 22474264136692930565913
33698 22482724120640858273472
33699 22482850764695697473013
33700 22484182040878259335816
33701 22484320449075551521000
33702 22493363077448351347896
33703 22494491968165849319688
33704 22495196054155763510208
33705 22496641201878224115455
33706 22499836583045929458624
33707 22499868708866561161240
33708 22500060853755148326000
33709 22505179353265678896099
33710 22505535923681036318976
33711 22505783714084233712240
33712 22506936132073867073847
33713 22514145375334068565291
33714 22514377370499610124984
33715 22526428526170440953536
33716 22526763226949013548544
33717 22528588583351001376008
33718 22530770601563303083368
33719 22532871050366352355449
33720 22533602209586475273000
33721 22537294695109915721000
33722 22540432427756126877357
33723 22542916195012543593984
33724 22546048474634306921875
33725 22554611855966764809144
33726 22554815179355896278231
33727 22555461178351687774104
33728 22556665768783122557659
33729 22563563873298891738048
33730 22563802487628560431000
33731 22571860500122319147456
33732 22573859640151687442568
33733 22575690715368854256128
33734 22585075377553474688000
33735 22589318352287986864192
33736 22589998759206432406125
33737 22591467949947876016128
33738 22598808327075442849604
33739 22607860101878248281000
33740 22611943872431078095944
33741 22612807843408576828125
33742 22614796176465941536816
33743 22616697002274830637000
33744 22619015599092785875233
33745 22619455473154704702867
33746 22621096657317714524416
33747 22623403095170628345287
33748 22627183020892377363648
33749 22627633747773556442304
33750 22628718305482637021184
33751 22628955374449873603875
33752 22632723116000049544128
33753 22636066687337781129536
33754 22639025789460861001767
33755 22639329674964735294744
33756 22642621823723894673408
33757 22643548604274949505856
33758 22644624419451311634000
33759 22648435817211581802048
33760 22650851745968823979784
33761 22656255319473710884677
33762 22657994407727740126728
33763 22660194887237360597625
33764 22664719949983840959048
33765 22669603447942909647000
33766 22670744921479641684672
33767 22673218028104441512000
33768 22674733562067265225449
33769 22676879303628695066376
33770 22679507599009699007808
33771 22679602969815957464488
33772 22683176035129699225136
33773 22686822184562303356008
33774 22687045926536613466026
33775 22689260522505644211144
33776 22692002891431227177096
33777 22693149382392406953000
33778 22693225689151705211517
33779 22697626248988830328384
33780 22703278449352118167368
33781 22705843764527868200256
33782 22708899825388131750408
33783 22710498084167879719279
33784 22713935742993625911333
33785 22719309596435767532616
33786 22720763750898037860945
33787 22722253534375851573000
33788 22722692385010860844056
33789 22724219694399293468853
33790 22726049282408375304128
33791 22726513328214606878968
33792 22728675314729899020744
33793 22739182284528305465408
33794 22747710138510557131848
33795 22749160267869697052937
33796 22757835022547547104000
33797 22771656332377381395512
33798 22772090886857077208625
33799 22777657197410699439336
33800 22777989455457764223488
33801 22778851119477183372061
33802 22784128821714570964992
33803 22785900661599364398375
33804 22787150782415297320224
33805 22792183969663874630592
33806 22794185760133996515125
33807 22802963338930782249909
33808 22812793319311350427000
33809 22817769697833428674512
33810 22821511347127229548392
33811 22822635816232547328000
33812 22829436102272580541117
33813 22830564674350675734336
33814 22836495768838534503000
33815 22842697737692434028544
33816 22847926662504698184801
33817 22850781462534839946048
33818 22851496266638639861709
33819 22854036729418186430376
33820 22860022624700069432897
33821 22861363784120488702656
33822 22861920647993720832000
33823 22864737926386041765625
33824 22864803947559293407064
33825 22868446314198586472000
33826 22871668692954562903296
33827 22871915447087292813864
33828 22874578602501946229000
33829 22880220027061669436736
33830 22886670685777992639000
33831 22898001030505039341000
33832 22902591630721547553165
33833 22906674308041799018653
33834 22911549675223400962624
33835 22913781033503226004957
33836 22916533616300691680670
33837 22924313465975551486584
33838 22925710591831222034769
33839 22927341689167669482456
33840 22927684768482710708352
33841 22934954152985850631656
33842 22935363414613235046153
33843 22938729047770127535125
33844 22944512395119126500416
33845 22946058022241604632347
33846 22954357740247316829901
33847 22956219734884143763608
33848 22956985445162344129216
33849 22957834319294624342567
33850 22958400555547027696125
33851 22961360747194285752000
33852 22967635887780721988032
33853 22968011975895323724744
33854 22969649080686582222823
33855 22976658532512007192576
33856 22979057916982962205502
33857 22984910946120263542668
33858 22985862259156860609000
33859 22988471449606486721352
33860 22988635458111560640312
33861 22993186738436946658341
33862 22993208827605309384000
33863 22996232256111800628033
33864 22997237884742331787941
33865 22997323601722014022296
33866 22998185494399596873392
33867 23006911777240857154416
33868 23010483566402498727288
33869 23019965434661319272512
33870 23023331827203516480000
33871 23025600347310527533632
33872 23031033267511133607743
33873 23033693097044618229640
33874 23033737124129478082392
33875 23034354213168279538648
33876 23038544361997519901000
33877 23042913297992720405000
33878 23050329976919223066816
33879 23052470017905876533824
33880 23059970592357070585297
33881 23060425147499489605317
33882 23060702004923047052224
33883 23069673872888166798183
33884 23069708783576313251328
33885 23073204733761176011017
33886 23074235831900731675500
33887 23076204020258906087424
33888 23076579177588540613184
33889 23079247040176641720000
33890 23079521119611046767859
33891 23080579928901905404176
33892 23084197051146411411712
33893 23085999827163338609817
33894 23098333767068987843750
33895 23102440174116426916800
33896 23104515731259301213203
33897 23113280918508481655019
33898 23127911448121072242000
33899 23129573007164731327584
33900 23132997044265850662375
33901 23133981828144924613387
33902 23139263956307871277269
33903 23141188581553349021771
33904 23147539267194494424909
33905 23149737966389495643000
33906 23151663677909340123543
33907 23152804768036209337344
33908 23154230514794820936768
33909 23160241009874460151296
33910 23161460868626678336375
33911 23162992309271801960792
33912 23168718283474765736000
33913 23170888574438322379753
33914 23173017389530971364584
33915 23175606182230349757000
33916 23176059061735550454939
33917 23177677677286100629752
33918 23178208318324748199000
33919 23179131323634639808000
33920 23187689471046109076424
33921 23191971146116574977637
33922 23193680239779858369288
33923 23205240891160872924653
33924 23207977170440805614625
33925 23208652220458750914771
33926 23211934460444672782875
33927 23214487863881720997864
33928 23215772711864436994521
33929 23220176843445726459159
33930 23223049279368224039432
33931 23225138123878919232459
33932 23227107727920994196992
33933 23233082428262466317376
33934 23234102474026203951984
33935 23235476876254514604096
33936 23240020392525059406927
33937 23251456147545964099216
33938 23257174115131215307776
33939 23257537371239326396416
33940 23260276557014281911000
33941 23263510096487610069939
33942 23265235752480376928000
33943 23266272968327782299816
33944 23269216777963953523272
33945 23286903418536749398008
33946 23288536151505736366528
33947 23289051681229053729672
33948 23290409613453452134336
33949 23293376866275377486625
33950 23293432744603144593967
33951 23295634904962416892159
33952 23296383473076205547328
33953 23296948879069519958304
33954 23297509986505395849000
33955 23300445585039517498968
33956 23300464591649877100992
33957 23305930061754768896000
33958 23307522779618595801647
33959 23312591786187563462603
33960 23316358121922472633152
33961 23318208995684220459387
33962 23324765716573174546875
33963 23335072290082691458047
33964 23342007205579660389792
33965 23344685581138040168504
33966 23346774236897510581000
33967 23348021549484155561856
33968 23351647490763622744896
33969 23352435793634915203145
33970 23355691277189269633992
33971 23364228515591329002000
33972 23373112635189425424673
33973 23375031324163857164736
33974 23377289716781936747721
33975 23378019508778825709000
33976 23378402739277802087235
33977 23380783856075604571704
33978 23384958029781767055000
33979 23394212505105743471625
33980 23395565559818453088096
33981 23396625178466570248491
33982 23397387271194079515456
33983 23402351916687961958832
33984 23412760730140534913160
33985 23415578855781484252608
33986 23415720242971466545623
33987 23420141681811396849432
33988 23422082141864185140907
33989 23428061431355837641987
33990 23432260945748267566863
33991 23432859529678761344000
33992 23435413529713637883795
33993 23438094774183665323956
33994 23440012555120085637531
33995 23441258884400029968750
33996 23442045496034000154039
33997 23444068935379604959125
33998 23453085425438777661000
33999 23453861797836267712327
34000 23469712528977924053104
34001 23471177677159508296875
34002 23475026318285408328000
34003 23475377764796214094929
34004 23475856498941735392400
34005 23477538901480918759899
34006 23481152926814492944489
34007 23481986512188405892509
34008 23482739708908353783000
34009 23482778627490297734528
34010 23486097240268753671000
34011 23487467654788671079000
34012 23487791188305854094776
34013 23495994785186223559272
34014 23498204354045676335808
34015 23499069321990895144750
34016 23503616590178208393000
34017 23505897436226870740768
34018 23506817230483840666296
34019 23507278262321178963456
34020 23513474223467720072000
34021 23514387751976416210944
34022 23514593314643963549829
34023 23514897518888648489981
34024 23517365354667534416824
34025 23517790005947586048000
34026 23528215287173194716456
34027 23530010413098386871261
34028 23530029721729479050193
34029 23530246520583990667032
34030 23545783285028032979951
34031 23546873065358736639000
34032 23551922323912890983040
34033 23554556544306149271000
34034 23555745650961265682304
34035 23560686671020127568576
34036 23562244479407400543771
34037 23563180900834557278625
34038 23576895273818363835176
34039 23579193161949840133875
34040 23579820378920221609375
34041 23584803685404304282856
34042 23590291701772955911752
34043 23598188963162445170448
34044 23599537939367301877875
34045 23601368284801531715673
34046 23611105312050679198776
34047 23623216879023150708375
34048 23623961902045287883947
34049 23624991788254839701208
34050 23630507450303788280512
34051 23634519763452015495987
34052 23635421972425449897984
34053 23636493885512412576000
34054 23637243957442334178750
34055 23643968310837540300375
34056 23651935048706812848000
34057 23653353161809815516000
34058 23655994777155587840000
34059 23657340930832186806592
34060 23662813904656083592624
34061 23663999691322822157319
34062 23665046988095282871432
34063 23665543606571255376589
34064 23673090940345033381376
34065 23674360827620569110408
34066 23675906450761136489288
34067 23682621261118512247128
34068 23682764884676124295089
34069 23682961518808901589000
34070 23684289774468870672216
34071 23684747864522274843768
34072 23690008057877981357272
34073 23691466391603890924477
34074 23700194966883882538728
34075 23702399795754476550208
34076 23703537087011538420040
34077 23704060263658986458520
34078 23705434040981205561048
34079 23706658518045048000000
34080 23710782263544581482368
34081 23715919519353716211648
34082 23717368284069740226912
34083 23720344853376854677176
34084 23728127512153905512000
34085 23730570169783249898944
34086 23734985642696867423625
34087 23741646529394283348033
34088 23746761512083301890744
34089 23749171792544676205000
34090 23751390633196397326848
34091 23751930155246896546125
34092 23753796847428249766080
34093 23755099634215359000227
34094 23761287028133287737741
34095 23765500054043123329161
34096 23773580718592676323625
34097 23774400343408875167007
34098 23775420926941785252144
34099 23781329837070930737613
34100 23781757775774620664952
34101 23793904696912487341568
34102 23794582328163402384321
34103 23796918723018309584625
34104 23797924014346954597125
34105 23799620870773915055616
34106 23803413600100302543375
34107 23811567146349265844288
34108 23819071670030547683136
34109 23820370564650573970819
34110 23821004388241221779520
34111 23830503185971228257000
34112 23832164418290301430539
34113 23843746968173178148683
34114 23844561298161775567767
34115 23845714139456654536000
34116 23851277597646695702016
34117 23861862158194511360000
34118 23863678440223536997992
34119 23865466314910231332629
34120 23867610702596612007875
34121 23868329621901823321480
34122 23871934763003127573513
34123 23872449429563005089000
34124 23874317319107496462858
34125 23877082988123843132928
34126 23877914655486415680000
34127 23878766600462828547584
34128 23879012834678889109248
34129 23881294678648688391987
34130 23881687564193032056561
34131 23882925028548298876416
34132 23900405778648478505664
34133 23902054262354052540973
34134 23902502833229036494625
34135 23902758043748602291000
34136 23908857727291257581315
34137 23910286790305900033784
34138 23912458119406222126677
34139 23916503629094803083000
34140 23917005026753788926648
34141 23917340370439573261659
34142 23938655783614600910336
34143 23938859463309307906415
34144 23939330557649560737957
34145 23945264844316670372616
34146 23945470059848289994125
34147 23953181670263529172125
34148 23954622020600846120000
34149 23959355957227036008000
34150 23959399603529620319544
34151 23965263210259536641875
34152 23967975507298595136000
34153 23969705593283120714589
34154 23978981421488028140352
34155 23979230130323258315776
34156 23982720037065411111000
34157 23982732683619694535187
34158 23983276662288460592712
34159 23984814866782906056375
34160 23985738397681223892057
34161 23991033563092410154353
34162 24001267979842702848000
34163 24003423495392917663080
34164 24003680954922759610368
34165 24007154950435968956736
34166 24011834943967055535168
34167 24020973038790626992128
34168 24021159955326956723392
34169 24022782001223758242945
34170 24022838599711277907672
34171 24024834377800295951259
34172 24027770154616443744256
34173 24036918872125727255688
34174 24040507691278682064279
34175 24041020669069888142848
34176 24044455845252084086208
34177 24059628468641873872693
34178 24061813539197641298000
34179 24065781173148785427000
34180 24069280360601784135744
34181 24069650052358856411648
34182 24070046839745658183432
34183 24072007446778873472137
34184 24082896417125647681125
34185 24090974612020440674459
34186 24094476132082225769536
34187 24098840560269474691608
34188 24109118875348230734829
34189 24115559669713708094080
34190 24119229476259627116888
34191 24122732939623435074048
34192 24125145695126290485125
34193 24127005737124571573656
34194 24128491321710480933937
34195 24133338102967418400985
34196 24133639217644140756992
34197 24134821827991668474408
34198 24135954290193885764625
34199 24137210746498248359632
34200 24137262499188017152512
34201 24138403938060300877625
34202 24141099186440594949591
34203 24141978817387221673792
34204 24146313058579372203303



